  0
SECTION
  2
HEADER
  9
$ACADVER
  1
AC1018
  9
$ACADMAINTVER
 70
   104
  9
$DWGCODEPAGE
  3
ANSI_1252
  9
$LASTSAVEDBY
  1
jobimon.nj
  9
$INSBASE
 10
0.0
 20
0.0
 30
0.0
  9
$EXTMIN
 10
0.0
 20
0.0
 30
0.0
  9
$EXTMAX
 10
2193.402870726933
 20
159.0
 30
0.0
  9
$LIMMIN
 10
0.0
 20
0.0
  9
$LIMMAX
 10
12.0
 20
9.0
  9
$ORTHOMODE
 70
     0
  9
$REGENMODE
 70
     1
  9
$FILLMODE
 70
     1
  9
$QTEXTMODE
 70
     0
  9
$MIRRTEXT
 70
     0
  9
$LTSCALE
 40
1.0
  9
$ATTMODE
 70
     1
  9
$TEXTSIZE
 40
0.2
  9
$TRACEWID
 40
0.05
  9
$TEXTSTYLE
  7
Standard
  9
$CLAYER
  8
0
  9
$CELTYPE
  6
ByLayer
  9
$CECOLOR
 62
   256
  9
$CELTSCALE
 40
1.0
  9
$DISPSILH
 70
     0
  9
$DIMSCALE
 40
1.0
  9
$DIMASZ
 40
0.12
  9
$DIMEXO
 40
0.05
  9
$DIMDLI
 40
0.5
  9
$DIMRND
 40
0.0
  9
$DIMDLE
 40
0.0
  9
$DIMEXE
 40
0.1
  9
$DIMTP
 40
0.1
  9
$DIMTM
 40
0.1
  9
$DIMTXT
 40
0.12
  9
$DIMCEN
 40
0.0
  9
$DIMTSZ
 40
0.0
  9
$DIMTOL
 70
     0
  9
$DIMLIM
 70
     0
  9
$DIMTIH
 70
     1
  9
$DIMTOH
 70
     1
  9
$DIMSE1
 70
     0
  9
$DIMSE2
 70
     0
  9
$DIMTAD
 70
     0
  9
$DIMZIN
 70
     7
  9
$DIMBLK
  1

  9
$DIMASO
 70
     1
  9
$DIMSHO
 70
     1
  9
$DIMPOST
  1

  9
$DIMAPOST
  1
mm
  9
$DIMALT
 70
     0
  9
$DIMALTD
 70
     2
  9
$DIMALTF
 40
25.4
  9
$DIMLFAC
 40
1.0
  9
$DIMTOFL
 70
     0
  9
$DIMTVP
 40
0.0
  9
$DIMTIX
 70
     0
  9
$DIMSOXD
 70
     0
  9
$DIMSAH
 70
     0
  9
$DIMBLK1
  1

  9
$DIMBLK2
  1

  9
$DIMSTYLE
  2
AM_ANSI
  9
$DIMCLRD
 70
   256
  9
$DIMCLRE
 70
   256
  9
$DIMCLRT
 70
     2
  9
$DIMTFAC
 40
0.71
  9
$DIMGAP
 40
0.06
  9
$DIMJUST
 70
     0
  9
$DIMSD1
 70
     0
  9
$DIMSD2
 70
     0
  9
$DIMTOLJ
 70
     1
  9
$DIMTZIN
 70
     7
  9
$DIMALTZ
 70
     0
  9
$DIMALTTZ
 70
     0
  9
$DIMUPT
 70
     0
  9
$DIMDEC
 70
     4
  9
$DIMTDEC
 70
     4
  9
$DIMALTU
 70
     2
  9
$DIMALTTD
 70
     4
  9
$DIMTXSTY
  7
Standard
  9
$DIMAUNIT
 70
     0
  9
$DIMADEC
 70
     0
  9
$DIMALTRND
 40
0.0
  9
$DIMAZIN
 70
     2
  9
$DIMDSEP
 70
    46
  9
$DIMATFIT
 70
     3
  9
$DIMFRAC
 70
     0
  9
$DIMLDRBLK
  1

  9
$DIMLUNIT
 70
     2
  9
$DIMLWD
 70
    -1
  9
$DIMLWE
 70
    -1
  9
$DIMTMOVE
 70
     0
  9
$LUNITS
 70
     2
  9
$LUPREC
 70
     4
  9
$SKETCHINC
 40
0.1
  9
$FILLETRAD
 40
0.0
  9
$AUNITS
 70
     0
  9
$AUPREC
 70
     0
  9
$MENU
  1
.
  9
$ELEVATION
 40
0.0
  9
$PELEVATION
 40
0.0
  9
$THICKNESS
 40
0.0
  9
$LIMCHECK
 70
     0
  9
$CHAMFERA
 40
0.0
  9
$CHAMFERB
 40
0.0
  9
$CHAMFERC
 40
0.0
  9
$CHAMFERD
 40
0.0
  9
$SKPOLY
 70
     0
  9
$TDCREATE
 40
2461256.459733796
  9
$TDUCREATE
 40
2461256.230567130
  9
$TDUPDATE
 40
2461256.462708333
  9
$TDUUPDATE
 40
2461256.233541667
  9
$TDINDWG
 40
0.0029745370
  9
$TDUSRTIMER
 40
0.0029745370
  9
$USRTIMER
 70
     1
  9
$ANGBASE
 50
0.0
  9
$ANGDIR
 70
     0
  9
$PDMODE
 70
     0
  9
$PDSIZE
 40
0.0
  9
$PLINEWID
 40
0.0
  9
$SPLFRAME
 70
     0
  9
$SPLINETYPE
 70
     6
  9
$SPLINESEGS
 70
     8
  9
$HANDSEED
  5
F4D
  9
$SURFTAB1
 70
     6
  9
$SURFTAB2
 70
     6
  9
$SURFTYPE
 70
     6
  9
$SURFU
 70
     6
  9
$SURFV
 70
     6
  9
$UCSBASE
  2

  9
$UCSNAME
  2

  9
$UCSORG
 10
0.0
 20
0.0
 30
0.0
  9
$UCSXDIR
 10
1.0
 20
0.0
 30
0.0
  9
$UCSYDIR
 10
0.0
 20
1.0
 30
0.0
  9
$UCSORTHOREF
  2

  9
$UCSORTHOVIEW
 70
     0
  9
$UCSORGTOP
 10
0.0
 20
0.0
 30
0.0
  9
$UCSORGBOTTOM
 10
0.0
 20
0.0
 30
0.0
  9
$UCSORGLEFT
 10
0.0
 20
0.0
 30
0.0
  9
$UCSORGRIGHT
 10
0.0
 20
0.0
 30
0.0
  9
$UCSORGFRONT
 10
0.0
 20
0.0
 30
0.0
  9
$UCSORGBACK
 10
0.0
 20
0.0
 30
0.0
  9
$PUCSBASE
  2

  9
$PUCSNAME
  2

  9
$PUCSORG
 10
0.0
 20
0.0
 30
0.0
  9
$PUCSXDIR
 10
1.0
 20
0.0
 30
0.0
  9
$PUCSYDIR
 10
0.0
 20
1.0
 30
0.0
  9
$PUCSORTHOREF
  2

  9
$PUCSORTHOVIEW
 70
     0
  9
$PUCSORGTOP
 10
0.0
 20
0.0
 30
0.0
  9
$PUCSORGBOTTOM
 10
0.0
 20
0.0
 30
0.0
  9
$PUCSORGLEFT
 10
0.0
 20
0.0
 30
0.0
  9
$PUCSORGRIGHT
 10
0.0
 20
0.0
 30
0.0
  9
$PUCSORGFRONT
 10
0.0
 20
0.0
 30
0.0
  9
$PUCSORGBACK
 10
0.0
 20
0.0
 30
0.0
  9
$USERI1
 70
     0
  9
$USERI2
 70
     0
  9
$USERI3
 70
     0
  9
$USERI4
 70
     0
  9
$USERI5
 70
     0
  9
$USERR1
 40
0.0
  9
$USERR2
 40
0.0
  9
$USERR3
 40
0.0
  9
$USERR4
 40
0.0
  9
$USERR5
 40
0.0
  9
$WORLDVIEW
 70
     1
  9
$SHADEDGE
 70
     3
  9
$SHADEDIF
 70
    70
  9
$TILEMODE
 70
     1
  9
$MAXACTVP
 70
    64
  9
$PINSBASE
 10
0.0
 20
0.0
 30
0.0
  9
$PLIMCHECK
 70
     0
  9
$PEXTMIN
 10
0.0
 20
0.0
 30
0.0
  9
$PEXTMAX
 10
0.0
 20
0.0
 30
0.0
  9
$PLIMMIN
 10
0.0
 20
0.0
  9
$PLIMMAX
 10
12.0
 20
9.0
  9
$UNITMODE
 70
     0
  9
$VISRETAIN
 70
     1
  9
$PLINEGEN
 70
     0
  9
$PSLTSCALE
 70
     1
  9
$TREEDEPTH
 70
  3020
  9
$CMLSTYLE
  2
Standard
  9
$CMLJUST
 70
     0
  9
$CMLSCALE
 40
1.0
  9
$PROXYGRAPHICS
 70
     1
  9
$MEASUREMENT
 70
     0
  9
$CELWEIGHT
370
    -1
  9
$ENDCAPS
280
     0
  9
$JOINSTYLE
280
     0
  9
$LWDISPLAY
290
     0
  9
$INSUNITS
 70
     1
  9
$HYPERLINKBASE
  1

  9
$STYLESHEET
  1

  9
$XEDIT
290
     1
  9
$CEPSNTYPE
380
     0
  9
$PSTYLEMODE
290
     1
  9
$FINGERPRINTGUID
  2
{1F71907A-DCD8-494E-AD1B-73D34C58F7A4}
  9
$VERSIONGUID
  2
{53CCA28A-216C-5E4B-9B47-CDB3AF6993A7}
  9
$EXTNAMES
290
     1
  9
$PSVPSCALE
 40
0.0
  9
$OLESTARTUP
290
     0
  9
$SORTENTS
280
   127
  9
$INDEXCTL
280
     0
  9
$HIDETEXT
280
     1
  9
$XCLIPFRAME
290
     0
  9
$HALOGAP
280
     0
  9
$OBSCOLOR
 70
   257
  9
$OBSLTYPE
280
     0
  9
$INTERSECTIONDISPLAY
280
     0
  9
$INTERSECTIONCOLOR
 70
   257
  9
$DIMASSOC
280
     2
  9
$PROJECTNAME
  1

  0
ENDSEC
  0
SECTION
  2
CLASSES
  0
CLASS
  1
ACDBDICTIONARYWDFLT
  2
AcDbDictionaryWithDefault
  3
ObjectDBX Classes
 90
        0
 91
        1
280
     0
281
     0
  0
CLASS
  1
DICTIONARYVAR
  2
AcDbDictionaryVar
  3
ObjectDBX Classes
 90
        0
 91
       12
280
     0
281
     0
  0
CLASS
  1
TABLESTYLE
  2
AcDbTableStyle
  3
ObjectDBX Classes
 90
     4095
 91
        1
280
     0
281
     0
  0
CLASS
  1
MATERIAL
  2
AcDbMaterial
  3
ObjectDBX Classes
 90
     1153
 91
        3
280
     0
281
     0
  0
CLASS
  1
VISUALSTYLE
  2
AcDbVisualStyle
  3
ObjectDBX Classes
 90
     4095
 91
       24
280
     0
281
     0
  0
CLASS
  1
SCALE
  2
AcDbScale
  3
ObjectDBX Classes
 90
     1153
 91
       33
280
     0
281
     0
  0
CLASS
  1
MLEADERSTYLE
  2
AcDbMLeaderStyle
  3
ACDB_MLEADERSTYLE_CLASS
 90
     4095
 91
        2
280
     0
281
     0
  0
CLASS
  1
CELLSTYLEMAP
  2
AcDbCellStyleMap
  3
ObjectDBX Classes
 90
     1152
 91
        1
280
     0
281
     0
  0
CLASS
  1
EXACXREFPANELOBJECT
  2
ExAcXREFPanelObject
  3
EXAC_ESW
 90
     1025
 91
        0
280
     0
281
     0
  0
CLASS
  1
NPOCOLLECTION
  2
AcDbImpNonPersistentObjectsCollection
  3
ObjectDBX Classes
 90
     1153
 91
        0
280
     0
281
     0
  0
CLASS
  1
LAYER_INDEX
  2
AcDbLayerIndex
  3
ObjectDBX Classes
 90
        0
 91
        0
280
     0
281
     0
  0
CLASS
  1
SPATIAL_INDEX
  2
AcDbSpatialIndex
  3
ObjectDBX Classes
 90
        0
 91
        0
280
     0
281
     0
  0
CLASS
  1
IDBUFFER
  2
AcDbIdBuffer
  3
ObjectDBX Classes
 90
        0
 91
        0
280
     0
281
     0
  0
CLASS
  1
ACDBSECTIONVIEWSTYLE
  2
AcDbSectionViewStyle
  3
ObjectDBX Classes
 90
     1025
 91
        5
280
     0
281
     0
  0
CLASS
  1
ACDBDETAILVIEWSTYLE
  2
AcDbDetailViewStyle
  3
ObjectDBX Classes
 90
     1025
 91
        6
280
     0
281
     0
  0
CLASS
  1
AMGSETTINGSOBJ
  2
AmgSettingsObj
  3
"AcadM|Product Description: AutoCAD Mechanical|Company: Autodesk, Inc."
 90
     1024
 91
        2
280
     0
281
     0
  0
CLASS
  1
ACME_DOCUMENT
  2
AcMeDbDoc
  3
AcMeServices
 90
     1024
 91
        1
280
     0
281
     0
  0
CLASS
  1
ACMESCOPE
  2
AcMeScope
  3
AcMeServices
 90
     1024
 91
        1
280
     0
281
     0
  0
CLASS
  1
ACMECOMMANDHISTORY
  2
AcMeCommandHistory
  3
AcMeServices
 90
     1024
 91
        1
280
     0
281
     0
  0
CLASS
  1
ACIMSYSVARMAN
  2
AcImSysVarManager
  3
AcMeServices
 90
     1024
 91
        3
280
     0
281
     0
  0
CLASS
  1
ACIMINTSYSVAR
  2
AcImIntSysVar
  3
AcMeServices
 90
     1024
 91
        2
280
     0
281
     0
  0
CLASS
  1
ACMESTATEMGR
  2
AcMeStateMgr
  3
AcMeServices
 90
     1024
 91
        1
280
     0
281
     0
  0
CLASS
  1
ACDBENTITYCACHE
  2
AcMeEntityCache
  3
AcMeServices
 90
     1024
 91
        1
280
     0
281
     0
  0
CLASS
  1
ACGREFMASTER
  2
AcGrefMaster
  3
AcAttribServices
 90
     1024
 91
        1
280
     0
281
     0
  0
CLASS
  1
ACME_DATABASE
  2
AcMeDbDatabase
  3
AcMeServices
 90
     1024
 91
        2
280
     0
281
     0
  0
CLASS
  1
ACRFINSADJUSTERMGR
  2
AcRfInsAdjusterMgr
  3
AcMeServices
 90
     1024
 91
        1
280
     0
281
     0
  0
CLASS
  1
ACGREFACADMASTER
  2
AcGrefacadMaster
  3
AcGrefServices
 90
     1024
 91
        1
280
     0
281
     0
  0
CLASS
  1
AMIMASTER
  2
AmiMaster
  3
AmiServices
 90
     1024
 91
        1
280
     0
281
     0
  0
CLASS
  1
AMDTMENUSTATEMGR
  2
AmdtMenuStateMgr
  3
McadcomServices
 90
     1024
 91
        1
280
     0
281
     0
  0
CLASS
  1
AMDTMCOMMENUSTATE
  2
AmdtMcomMenuState
  3
McadcomServices
 90
     1024
 91
        1
280
     0
281
     0
  0
CLASS
  1
MAPIAMMOUDLE
  2
MApiAmModule
  3
MApiAmServices
 90
     1024
 91
        1
280
     0
281
     0
  0
CLASS
  1
ACIMSTRSYSVAR
  2
AcImStrSysVar
  3
AcMeServices
 90
     1024
 91
        5
280
     0
281
     0
  0
CLASS
  1
AMDTAMMENUSTATE
  2
AmdtAmMenuState
  3
DesignerAssemblies_arx
 90
     1024
 91
        1
280
     0
281
     0
  0
CLASS
  1
ACAMPROJECT
  2
AcAmProject
  3
DesignerAssemblies
 90
     1024
 91
        1
280
     0
281
     0
  0
CLASS
  1
ACAMGRCOMPDEF
  2
AcAmGrCompDef
  3
DesignerAssemblies
 90
     1024
 91
        1
280
     0
281
     0
  0
CLASS
  1
ACAMCOMPDEF
  2
AcAmCompDef
  3
DesignerAssemblies
 90
     1024
 91
        1
280
     0
281
     0
  0
CLASS
  1
ACAMCOMPDEFMGR
  2
AcAmCompDefMgr
  3
DesignerAssemblies
 90
     1024
 91
        1
280
     0
281
     0
  0
CLASS
  1
AMCONTEXTMGR
  2
AcAmContextMgr
  3
DesignerAssemblies
 90
     1024
 91
        1
280
     0
281
     0
  0
CLASS
  1
ACAMCONTEXTMODELER
  2
AcAmContextModeler
  3
DesignerAssemblies
 90
     1024
 91
        1
280
     0
281
     0
  0
CLASS
  1
ACMDATADICTIONARY
  2
AcmDataDictionary
  3
"AcmSymBB|Product Description: AutoCAD Mechanical|Company: Autodesk, Inc."
 90
     1024
 91
        1
280
     0
281
     0
  0
CLASS
  1
ACMSTANDARDANSI
  2
AcmStandardANSI
  3
"Amdt_StdImp|Product Description: AutoCAD Mechanical|Company: Autodesk, Inc."
 90
     1024
 91
        1
280
     0
281
     0
  0
CLASS
  1
ACMSURFSTANDARDANSI
  2
AcmSurfTextStdANSI
  3
"Amdt_StdImp|Product Description: AutoCAD Mechanical|Company: Autodesk, Inc."
 90
     1024
 91
        1
280
     0
281
     0
  0
CLASS
  1
ACMFCFSTANDARDANSI
  2
AcmFCFStdANSI
  3
"Amdt_StdImp|Product Description: AutoCAD Mechanical|Company: Autodesk, Inc."
 90
     1024
 91
        1
280
     0
281
     0
  0
CLASS
  1
ACMWELDSTANDARDANSI2012
  2
AcmWeldingStdANSI2012
  3
"Amdt_StdImp|Product Description: AutoCAD Mechanical|Company: Autodesk, Inc."
 90
     1024
 91
        1
280
     0
281
     0
  0
CLASS
  1
ACMIDSTANDARDANSI
  2
AcmIdStdANSI
  3
"Amdt_StdImp|Product Description: AutoCAD Mechanical|Company: Autodesk, Inc."
 90
     1024
 91
        1
280
     0
281
     0
  0
CLASS
  1
ACMDATUMSTANDARDANSI
  2
AcmDatumStdANSI
  3
"Amdt_StdImp|Product Description: AutoCAD Mechanical|Company: Autodesk, Inc."
 90
     1024
 91
        1
280
     0
281
     0
  0
CLASS
  1
ACMBOMSTANDARDANSI
  2
AcmBOMStdANSI
  3
"Amdt_StdImp|Product Description: AutoCAD Mechanical|Company: Autodesk, Inc."
 90
     1024
 91
        1
280
     0
281
     0
  0
CLASS
  1
ACMDETAILSTANDARDANSI
  2
AmdtDetailSymStdANSI
  3
"Amdt_StdImp|Product Description: AutoCAD Mechanical|Company: Autodesk, Inc."
 90
     1024
 91
        1
280
     0
281
     0
  0
CLASS
  1
ACMSECTIONSTANDARDANSI
  2
AmdtSectionSymStdANSI2012
  3
"Amdt_StdImp|Product Description: AutoCAD Mechanical|Company: Autodesk, Inc."
 90
     1024
 91
        1
280
     0
281
     0
  0
CLASS
  1
ACMCENTERLINESTANDARDANSI
  2
AmdtCenterLineStdANSI
  3
"Amdt_StdImp|Product Description: AutoCAD Mechanical|Company: Autodesk, Inc."
 90
     1024
 91
        1
280
     0
281
     0
  0
CLASS
  1
ACMTHREADLINESTANDARDANSI
  2
AmdtThreadLineStdANSI
  3
"Amdt_StdImp|Product Description: AutoCAD Mechanical|Company: Autodesk, Inc."
 90
     1024
 91
        1
280
     0
281
     0
  0
CLASS
  1
ACMNOTESTANDARDANSI
  2
AmdtNoteStdANSI
  3
"Amdt_StdImp|Product Description: AutoCAD Mechanical|Company: Autodesk, Inc."
 90
     1024
 91
        1
280
     0
281
     0
  0
CLASS
  1
ACMTAPERSTANDARDANSI
  2
AcmTaperStdANSI
  3
"Amdt_StdImp|Product Description: AutoCAD Mechanical|Company: Autodesk, Inc."
 90
     1024
 91
        1
280
     0
281
     0
  0
CLASS
  1
ACMANOOTATIONVIEWSTANDARDANSI
  2
AmdtAnViewStdANSI
  3
"Amdt_StdImp|Product Description: AutoCAD Mechanical|Company: Autodesk, Inc."
 90
     1024
 91
        1
280
     0
281
     0
  0
CLASS
  1
ACAMGLAYSTD
  2
AcAmgLayStd
  3
"AmgLay|Product Description: AutoCAD Mechanical|Company: Autodesk, Inc."
 90
     1024
 91
        2
280
     0
281
     0
  0
CLASS
  1
ACAMGDIMSTD
  2
AcAmgDimStd
  3
"AmgDim|Product Description: AutoCAD Mechanical|Company: Autodesk, Inc."
 90
     1024
 91
        2
280
     0
281
     0
  0
CLASS
  1
AMGOBJPROPCFG
  2
AmgObjPropCfg
  3
"AmgLay|Product Description: AutoCAD Mechanical|Company: Autodesk, Inc."
 90
     1024
 91
        1
280
     0
281
     0
  0
CLASS
  1
ACAMGHOLECHARTSTDANSI
  2
AcAmgHoleChartStdANSI
  3
"AmgDim" "Product Description: AutoCAD Mechanical|Company: Autodesk, Inc."
 90
     1024
 91
        1
280
     0
281
     0
  0
CLASS
  1
ACAMGTITLESTD
  2
AcAmgTitleStd
  3
"AmgTitle|Product Description: AutoCAD Mechanical|Company: Autodesk, Inc."
 90
     1024
 91
        2
280
     0
281
     0
  0
CLASS
  1
ACMSECTIONSTANDARDCUSTOM
  2
AmdtSectionSymStdCustom
  3
"Amdt_StdImp|Product Description: AutoCAD Mechanical|Company: Autodesk, Inc."
 90
     1024
 91
        6
280
     0
281
     0
  0
CLASS
  1
ACMDETAILTANDARDCUSTOM
  2
AmdtDetailSymStdCustom
  3
"Amdt_StdImp|Product Description: AutoCAD Mechanical|Company: Autodesk, Inc."
 90
     1024
 91
        8
280
     0
281
     0
  0
CLASS
  1
FIELD
  2
AcDbField
  3
ObjectDBX Classes
 90
     1152
 91
       14
280
     0
281
     0
  0
CLASS
  1
FIELDLIST
  2
AcDbFieldList
  3
ObjectDBX Classes
 90
     1152
 91
        1
280
     0
281
     0
  0
CLASS
  1
AMDTNOTETEMPLATEDB
  2
AmdtNoteTemplateDB
  3
"AcmSymBB" "Product Description: AutoCAD Mechanical|Company: Autodesk, Inc."
 90
     1024
 91
       14
280
     0
281
     0
  0
CLASS
  1
ACAMGRCOMPDEFSET
  2
AcAmGrCompDefSet
  3
DesignerAssemblies
 90
     1024
 91
        1
280
     0
281
     0
  0
CLASS
  1
AMDTBROWSERDBTAB
  2
AmdtBrowserDbTab
  3
McadcomServices
 90
     1024
 91
        1
280
     0
281
     0
  0
CLASS
  1
CBROWSERAPPOBJECT
  2
CBrowserAppObject
  3
McadcomServices
 90
     1024
 91
        2
280
     0
281
     0
  0
CLASS
  1
DM_PLACEHOLDER
  2
AcDmSelsetPlaceholder
  3
McadcomServices
 90
     1024
 91
        1
280
     0
281
     0
  0
CLASS
  1
SORTENTSTABLE
  2
AcDbSortentsTable
  3
ObjectDBX Classes
 90
        0
 91
        1
280
     0
281
     0
  0
CLASS
  1
ACMSTANDARDISO
  2
AcmStandardISO
  3
"Amdt_StdImp|Product Description: AutoCAD Mechanical|Company: Autodesk, Inc."
 90
     1024
 91
        1
280
     0
281
     0
  0
CLASS
  1
AMDTEDGESTANDARDISO13715
  2
AmdtEdgeStdISO13715
  3
"Amdt_StdImp|Product Description: AutoCAD Mechanical|Company: Autodesk, Inc."
 90
     1024
 91
        1
280
     0
281
     0
  0
CLASS
  1
ACMSURFSTANDARDISO2002
  2
AcmSurfTextStdISO2002
  3
"Amdt_StdImp|Product Description: AutoCAD Mechanical|Company: Autodesk, Inc."
 90
     1024
 91
        1
280
     0
281
     0
  0
CLASS
  1
ACMFCFSTANDARDISO2012
  2
AcmFCFStdISO2012
  3
"Amdt_StdImp|Product Description: AutoCAD Mechanical|Company: Autodesk, Inc."
 90
     1024
 91
        1
280
     0
281
     0
  0
CLASS
  1
ACMWELDSTANDARDISO2019
  2
AcmWeldingStdISO2019
  3
"Amdt_StdImp|Product Description: AutoCAD Mechanical|Company: Autodesk, Inc."
 90
     1024
 91
        1
280
     0
281
     0
  0
CLASS
  1
ACMIDSTANDARDISO2012
  2
AcmIdStdISO2012
  3
"Amdt_StdImp|Product Description: AutoCAD Mechanical|Company: Autodesk, Inc."
 90
     1024
 91
        1
280
     0
281
     0
  0
CLASS
  1
ACMDATUMSTANDARDISO2012
  2
AcmDatumStdISO2012
  3
"Amdt_StdImp|Product Description: AutoCAD Mechanical|Company: Autodesk, Inc."
 90
     1024
 91
        1
280
     0
281
     0
  0
CLASS
  1
ACMBOMSTANDARDISO
  2
AcmBOMStdISO
  3
"Amdt_StdImp|Product Description: AutoCAD Mechanical|Company: Autodesk, Inc."
 90
     1024
 91
        1
280
     0
281
     0
  0
CLASS
  1
ACMDETAILSTANDARDISO
  2
AmdtDetailSymStdISO
  3
"Amdt_StdImp|Product Description: AutoCAD Mechanical|Company: Autodesk, Inc."
 90
     1024
 91
        1
280
     0
281
     0
  0
CLASS
  1
ACMSECTIONSTANDARDISO2001
  2
AmdtSectionSymStdISO2001
  3
"Amdt_StdImp|Product Description: AutoCAD Mechanical|Company: Autodesk, Inc."
 90
     1024
 91
        1
280
     0
281
     0
  0
CLASS
  1
ACMCENTERLINESTANDARDISO
  2
AmdtCenterLineStdISO
  3
"Amdt_StdImp|Product Description: AutoCAD Mechanical|Company: Autodesk, Inc."
 90
     1024
 91
        1
280
     0
281
     0
  0
CLASS
  1
ACMTHREADLINESTANDARDISO
  2
AmdtThreadLineStdISO
  3
"Amdt_StdImp|Product Description: AutoCAD Mechanical|Company: Autodesk, Inc."
 90
     1024
 91
        1
280
     0
281
     0
  0
CLASS
  1
ACMNOTESTANDARDISO
  2
AmdtNoteStdISO
  3
"Amdt_StdImp|Product Description: AutoCAD Mechanical|Company: Autodesk, Inc."
 90
     1024
 91
        1
280
     0
281
     0
  0
CLASS
  1
ACMTAPERSTANDARDISO2016
  2
AcmTaperStdISO2016
  3
"Amdt_StdImp|Product Description: AutoCAD Mechanical|Company: Autodesk, Inc."
 90
     1024
 91
        1
280
     0
281
     0
  0
CLASS
  1
ACMANOOTATIONVIEWSTANDARDISO
  2
AmdtAnViewStdISO
  3
"Amdt_StdImp|Product Description: AutoCAD Mechanical|Company: Autodesk, Inc."
 90
     1024
 91
        1
280
     0
281
     0
  0
CLASS
  1
ACAMGHOLECHARTSTDISO
  2
AcAmgHoleChartStdISO
  3
"AmgDim" "Product Description: AutoCAD Mechanical|Company: Autodesk, Inc."
 90
     1024
 91
        1
280
     0
281
     0
  0
CLASS
  1
ACAMGFILTERDAT
  2
AcAmgFilterDat
  3
"AcadM|Product Description: AutoCAD Mechanical|Company: Autodesk, Inc."
 90
     1024
 91
        6
280
     0
281
     0
  0
ENDSEC
  0
SECTION
  2
TABLES
  0
TABLE
  2
VPORT
  5
8
330
0
100
AcDbSymbolTable
 70
     1
  0
VPORT
  5
94
330
8
100
AcDbSymbolTableRecord
100
AcDbViewportTableRecord
  2
*Active
 70
     0
 10
0.0
 20
0.0
 11
1.0
 21
1.0
 12
1150.759025644163
 22
109.5809672726358
 13
0.0
 23
0.0
 14
0.5
 24
0.5
 15
0.5
 25
0.5
 16
0.0
 26
0.0
 36
1.0
 17
0.0
 27
0.0
 37
0.0
 40
1759.890192748744
 41
2.192387543252594
 42
50.0
 43
0.0
 44
0.0
 50
0.0
 51
0.0
 71
     0
 72
  1000
 73
     1
 74
     3
 75
     0
 76
     1
 77
     0
 78
     0
281
     0
 65
     1
110
0.0
120
0.0
130
0.0
111
1.0
121
0.0
131
0.0
112
0.0
122
1.0
132
0.0
 79
     0
146
0.0
1001
ACAD_NAV_VCDISPLAY
1070
     3
  0
ENDTAB
  0
TABLE
  2
LTYPE
  5
5
330
0
100
AcDbSymbolTable
 70
    19
  0
LTYPE
  5
14
330
5
100
AcDbSymbolTableRecord
100
AcDbLinetypeTableRecord
  2
ByBlock
 70
     0
  3

 72
    65
 73
     0
 40
0.0
  0
LTYPE
  5
15
330
5
100
AcDbSymbolTableRecord
100
AcDbLinetypeTableRecord
  2
ByLayer
 70
     0
  3

 72
    65
 73
     0
 40
0.0
  0
LTYPE
  5
16
330
5
100
AcDbSymbolTableRecord
100
AcDbLinetypeTableRecord
  2
Continuous
 70
     0
  3
Solid line
 72
    65
 73
     0
 40
0.0
  0
LTYPE
  5
250
330
5
100
AcDbSymbolTableRecord
100
AcDbLinetypeTableRecord
  2
HIDDEN
 70
     0
  3
Hidden __ __ __ __ __ __ __ __ __ __ __ __ __ _
 72
    65
 73
     2
 40
0.375
 49
0.25
 74
     0
 49
-0.125
 74
     0
  0
LTYPE
  5
251
330
5
100
AcDbSymbolTableRecord
100
AcDbLinetypeTableRecord
  2
PHANTOM2
 70
     0
  3
Phantom (.5x) ___ _ _ ___ _ _ ___ _ _ ___ _ _
 72
    65
 73
     6
 40
1.25
 49
0.625
 74
     0
 49
-0.125
 74
     0
 49
0.125
 74
     0
 49
-0.125
 74
     0
 49
0.125
 74
     0
 49
-0.125
 74
     0
  0
LTYPE
  5
252
330
5
100
AcDbSymbolTableRecord
100
AcDbLinetypeTableRecord
  2
CENTER
 70
     0
  3
Center ____ _ ____ _ ____ _ ____ _ ____ _ ____
 72
    65
 73
     4
 40
2.0
 49
1.25
 74
     0
 49
-0.25
 74
     0
 49
0.25
 74
     0
 49
-0.25
 74
     0
  0
LTYPE
  5
286
330
5
100
AcDbSymbolTableRecord
100
AcDbLinetypeTableRecord
  2
AM_ISO02W050
 70
     0
  3
__ __ __ __ __ __ __ __ __ __ __ __ __ __ __
 72
    65
 73
     2
 40
7.5
 49
6.0
 74
     0
 49
-1.5
 74
     0
  0
LTYPE
  5
287
330
5
100
AcDbSymbolTableRecord
100
AcDbLinetypeTableRecord
  2
AM_ISO08W050
 70
     0
  3
____ . ____ . ____ . ____ . ____ . ____ . ____
 72
    65
 73
     4
 40
18.0
 49
12.0
 74
     0
 49
-1.5
 74
     0
 49
3.0
 74
     0
 49
-1.5
 74
     0
  0
LTYPE
  5
288
330
5
100
AcDbSymbolTableRecord
100
AcDbLinetypeTableRecord
  2
AM_ISO09W050
 70
     0
  3
_____ . . _____ . . _____ . . ____ .. ____
 72
    65
 73
     6
 40
22.5
 49
12.0
 74
     0
 49
-1.5
 74
     0
 49
3.0
 74
     0
 49
-1.5
 74
     0
 49
3.0
 74
     0
 49
-1.5
 74
     0
  0
LTYPE
  5
289
330
5
100
AcDbSymbolTableRecord
100
AcDbLinetypeTableRecord
  2
Amconstr
 70
     0
  3
_______________________
 72
    65
 73
     2
 40
9999.0
 49
9999.0
 74
     0
 49
0.0
 74
     0
  0
LTYPE
  5
28A
330
5
100
AcDbSymbolTableRecord
100
AcDbLinetypeTableRecord
  2
AM_ISO08W050x2
 70
     0
  3
__ . __ . __ . __ . __ . __
 72
    65
 73
     4
 40
9.0
 49
6.0
 74
     0
 49
-0.75
 74
     0
 49
1.5
 74
     0
 49
-0.75
 74
     0
  0
LTYPE
  5
28B
330
5
100
AcDbSymbolTableRecord
100
AcDbLinetypeTableRecord
  2
AM_ISO02W050x2
 70
     0
  3
 _ _ _ _ _ _ _ _ _ _ _ _
 72
    65
 73
     2
 40
3.75
 49
3.0
 74
     0
 49
-0.75
 74
     0
  0
LTYPE
  5
28E
330
5
100
AcDbSymbolTableRecord
100
AcDbLinetypeTableRecord
  2
Amzigzag
 70
     0
  3
/\/-/\/-/\/-/\/-/\/-/\/
 72
    65
 73
     2
 40
11.0001
 49
0.0001
 74
     4
 75
   136
340
28D
 46
0.04
 50
0.0
 44
0.0
 45
0.0
 49
-11.0
 74
     0
  0
LTYPE
  5
28F
330
5
100
AcDbSymbolTableRecord
100
AcDbLinetypeTableRecord
  2
CENTER2
 70
     0
  3
Center (.5x) ___ _ ___ _ ___ _ ___ _ ___ _ ___
 72
    65
 73
     4
 40
1.125
 49
0.75
 74
     0
 49
-0.125
 74
     0
 49
0.125
 74
     0
 49
-0.125
 74
     0
  0
LTYPE
  5
290
330
5
100
AcDbSymbolTableRecord
100
AcDbLinetypeTableRecord
  2
HIDDEN2
 70
     0
  3
Hidden (.5x) _ _ _ _ _ _ _ _ _ _ _ _ _ _ _ _ _
 72
    65
 73
     2
 40
0.1875
 49
0.125
 74
     0
 49
-0.0625
 74
     0
  0
LTYPE
  5
291
330
5
100
AcDbSymbolTableRecord
100
AcDbLinetypeTableRecord
  2
Amzigzag2
 70
     0
  3
/\/-/\/-/\/-/\/-/\/-/\/
 72
    65
 73
     2
 40
0.4401
 49
0.0001
 74
     4
 75
   136
340
28D
 46
0.0016
 50
0.0
 44
0.0
 45
0.0
 49
-0.4400000000000001
 74
     0
  0
LTYPE
  5
2A1
330
5
100
AcDbSymbolTableRecord
100
AcDbLinetypeTableRecord
  2
ACANSTGB
 70
     0
  3
__ . . __ . .
 72
    65
 73
     6
 40
0.35433070866
 49
0.15748031496
 74
     0
 49
-0.03937007874
 74
     0
 49
0.03937007874
 74
     0
 49
-0.03937007874
 74
     0
 49
0.03937007874
 74
     0
 49
-0.03937007874
 74
     0
  0
LTYPE
  5
2A2
330
5
100
AcDbSymbolTableRecord
100
AcDbLinetypeTableRecord
  2
ACANSTGL
 70
     0
  3
_ _ _ _ _
 72
    65
 73
     2
 40
0.11811023622
 49
0.07874015748
 74
     0
 49
-0.03937007874
 74
     0
  0
LTYPE
  5
2BE
330
5
100
AcDbSymbolTableRecord
100
AcDbLinetypeTableRecord
  2
ACISOWELD
 70
     0
  3
_ _ _ _ _
 72
    65
 73
     2
 40
2.0
 49
2.0
 74
     0
 49
-1.0
 74
     0
  0
LTYPE
  5
2BF
330
5
100
AcDbSymbolTableRecord
100
AcDbLinetypeTableRecord
  2
ACISOTGL
 70
     0
  3
_ _ _ _ _
 72
    65
 73
     2
 40
3.0
 49
2.0
 74
     0
 49
-1.0
 74
     0
  0
LTYPE
  5
2C0
330
5
100
AcDbSymbolTableRecord
100
AcDbLinetypeTableRecord
  2
ACISOTGB
 70
     0
  3
__ . . __ . .
 72
    65
 73
     6
 40
9.0
 49
4.0
 74
     0
 49
-1.0
 74
     0
 49
1.0
 74
     0
 49
-1.0
 74
     0
 49
1.0
 74
     0
 49
-1.0
 74
     0
  0
ENDTAB
  0
TABLE
  2
LAYER
  5
2
102
{ACAD_XDICTIONARY
360
18E
102
}
330
0
100
AcDbSymbolTable
 70
     1
  0
LAYER
  5
10
102
{ACAD_XDICTIONARY
360
E6
102
}
330
2
100
AcDbSymbolTableRecord
100
AcDbLayerTableRecord
  2
0
 70
     0
 62
     7
  6
Continuous
370
    -3
390
F
  0
ENDTAB
  0
TABLE
  2
STYLE
  5
3
330
0
100
AcDbSymbolTable
 70
     7
  0
STYLE
  5
11
330
3
100
AcDbSymbolTableRecord
100
AcDbTextStyleTableRecord
  2
Standard
 70
     0
 40
0.0
 41
1.0
 50
0.0
 71
     0
 42
0.2
  3
arial.ttf
  4

1001
ACAD
1000
Arial
1071
       34
  0
STYLE
  5
DC
330
3
100
AcDbSymbolTableRecord
100
AcDbTextStyleTableRecord
  2
Annotative
 70
     0
 40
0.0
 41
1.0
 50
0.0
 71
     0
 42
0.2
  3
arial.ttf
  4

1001
AcadAnnotative
1000
AnnotativeData
1002
{
1070
     1
1070
     1
1002
}
1001
ACAD
1000
Arial
1071
       34
  0
STYLE
  5
28D
330
3
100
AcDbSymbolTableRecord
100
AcDbTextStyleTableRecord
  2

 70
     1
 40
0.0
 41
1.0
 50
0.0
 71
     0
 42
0.2
  3
genltshp.shx
  4

  0
STYLE
  5
29F
330
3
100
AcDbSymbolTableRecord
100
AcDbTextStyleTableRecord
  2
ACANSTS
 70
     0
 40
0.0
 41
1.0
 50
0.0
 71
     0
 42
0.2
  3
romans.shx
  4

  0
STYLE
  5
2A0
330
3
100
AcDbSymbolTableRecord
100
AcDbTextStyleTableRecord
  2
ACANSGDT
 70
     0
 40
0.0
 41
1.0
 50
0.0
 71
     0
 42
0.2
  3
amgdt.shx
  4

  0
STYLE
  5
2C1
330
3
100
AcDbSymbolTableRecord
100
AcDbTextStyleTableRecord
  2
ACISOGDT
 70
     0
 40
0.0
 41
1.0
 50
0.0
 71
     0
 42
2.5
  3
amgdt.shx
  4

  0
ENDTAB
  0
TABLE
  2
VIEW
  5
6
330
0
100
AcDbSymbolTable
 70
     0
  0
ENDTAB
  0
TABLE
  2
UCS
  5
7
330
0
100
AcDbSymbolTable
 70
     0
  0
ENDTAB
  0
TABLE
  2
APPID
  5
9
330
0
100
AcDbSymbolTable
 70
    17
  0
APPID
  5
12
330
9
100
AcDbSymbolTableRecord
100
AcDbRegAppTableRecord
  2
ACAD
 70
     0
  0
APPID
  5
DD
330
9
100
AcDbSymbolTableRecord
100
AcDbRegAppTableRecord
  2
AcadAnnoPO
 70
     0
  0
APPID
  5
DE
330
9
100
AcDbSymbolTableRecord
100
AcDbRegAppTableRecord
  2
AcadAnnotative
 70
     0
  0
APPID
  5
DF
330
9
100
AcDbSymbolTableRecord
100
AcDbRegAppTableRecord
  2
ACAD_DSTYLE_DIMJAG
 70
     0
  0
APPID
  5
E0
330
9
100
AcDbSymbolTableRecord
100
AcDbRegAppTableRecord
  2
ACAD_DSTYLE_DIMTALN
 70
     0
  0
APPID
  5
107
330
9
100
AcDbSymbolTableRecord
100
AcDbRegAppTableRecord
  2
ACAD_MLEADERVER
 70
     0
  0
APPID
  5
1A6
330
9
100
AcDbSymbolTableRecord
100
AcDbRegAppTableRecord
  2
ACAD_NAV_VCDISPLAY
 70
     0
  0
APPID
  5
249
330
9
100
AcDbSymbolTableRecord
100
AcDbRegAppTableRecord
  2
MCAD_NO_VIS
 70
     0
  0
APPID
  5
24A
330
9
100
AcDbSymbolTableRecord
100
AcDbRegAppTableRecord
  2
ACAD_TEMP_GRAPHIC
 70
     0
  0
APPID
  5
257
330
9
100
AcDbSymbolTableRecord
100
AcDbRegAppTableRecord
  2
ACATTRIBSERVICES
 70
     0
  0
APPID
  5
26F
330
9
100
AcDbSymbolTableRecord
100
AcDbRegAppTableRecord
  2
DESIGNERASSEMBLIES
 70
     0
  0
APPID
  5
284
330
9
100
AcDbSymbolTableRecord
100
AcDbRegAppTableRecord
  2
ACAD_DSTYLE_DIMBREAK
 70
     0
  0
APPID
  5
2CA
330
9
100
AcDbSymbolTableRecord
100
AcDbRegAppTableRecord
  2
ACAD_PSEXT
 70
     0
  0
APPID
  5
F41
330
9
100
AcDbSymbolTableRecord
100
AcDbRegAppTableRecord
  2
ACAD_DSTYLE_DIMARC_LENGTH_SYMBOL
 70
     0
  0
APPID
  5
F42
330
9
100
AcDbSymbolTableRecord
100
AcDbRegAppTableRecord
  2
ACAD_DSTYLE_DIM_LINETYPE
 70
     0
  0
APPID
  5
F43
330
9
100
AcDbSymbolTableRecord
100
AcDbRegAppTableRecord
  2
ACAD_DSTYLE_DIM_EXT1_LINETYPE
 70
     0
  0
APPID
  5
F44
330
9
100
AcDbSymbolTableRecord
100
AcDbRegAppTableRecord
  2
ACAD_DSTYLE_DIM_EXT2_LINETYPE
 70
     0
  0
ENDTAB
  0
TABLE
  2
DIMSTYLE
  5
A
330
0
100
AcDbSymbolTable
 70
    17
100
AcDbDimStyleTable
 71
     3
340
283
340
27
340
E1
  0
DIMSTYLE
105
27
330
A
100
AcDbSymbolTableRecord
100
AcDbDimStyleTableRecord
  2
Standard
 70
     0
340
11
  0
DIMSTYLE
105
E1
330
A
100
AcDbSymbolTableRecord
100
AcDbDimStyleTableRecord
  2
Annotative
 70
     0
 40
0.0
340
11
1001
AcadAnnotative
1000
AnnotativeData
1002
{
1070
     1
1070
     1
1002
}
1001
ACAD_DSTYLE_DIMJAG
1070
   388
1040
1.5
1001
ACAD_DSTYLE_DIMTALN
1070
   392
1070
     0
  0
DIMSTYLE
105
283
102
{ACAD_REACTORS
330
273
102
}
330
A
100
AcDbSymbolTableRecord
100
AcDbDimStyleTableRecord
  2
AM_ANSI
 70
     0
  4
mm
 41
0.12
 42
0.05
 43
0.5
 44
0.1
 47
0.1
 48
0.1
 78
     7
 79
     2
140
0.12
141
0.0
146
0.71
147
0.06
176
   256
177
   256
178
     2
274
     4
284
     7
340
11
371
    -1
372
    -1
1001
ACAD_DSTYLE_DIMJAG
1070
   388
1040
1.5
1001
ACAD_DSTYLE_DIMBREAK
1070
   391
1040
0.125
1001
ACAD_DSTYLE_DIMARC_LENGTH_SYMBOL
1070
   379
1070
     1
1001
ACAD_DSTYLE_DIM_LINETYPE
1070
   380
1005
14
1001
ACAD_DSTYLE_DIM_EXT1_LINETYPE
1070
   381
1005
14
1001
ACAD_DSTYLE_DIM_EXT2_LINETYPE
1070
   382
1005
14
  0
DIMSTYLE
105
292
330
A
100
AcDbSymbolTableRecord
100
AcDbDimStyleTableRecord
  2
AM_ANSI$3
 70
     0
  4
mm
 41
0.12
 42
0.05
 43
0.5
 44
0.1
 47
0.1
 48
0.1
 78
     7
 79
     2
140
0.12
141
0.0
146
0.71
147
0.06
176
   256
177
   256
178
     2
274
     4
284
     7
288
     1
289
     0
340
11
371
    -1
372
    -1
1001
ACAD_DSTYLE_DIMBREAK
1070
   391
1040
0.125
1001
ACAD_DSTYLE_DIMJAG
1070
   388
1040
1.5
1001
ACAD_DSTYLE_DIMARC_LENGTH_SYMBOL
1070
   379
1070
     1
1001
ACAD_DSTYLE_DIM_LINETYPE
1070
   380
1005
14
1001
ACAD_DSTYLE_DIM_EXT1_LINETYPE
1070
   381
1005
14
1001
ACAD_DSTYLE_DIM_EXT2_LINETYPE
1070
   382
1005
14
  0
DIMSTYLE
105
293
330
A
100
AcDbSymbolTableRecord
100
AcDbDimStyleTableRecord
  2
AM_ANSI$4
 70
     0
  4
mm
 41
0.12
 42
0.05
 43
0.5
 44
0.1
 47
0.1
 48
0.1
 78
     7
 79
     2
140
0.12
141
0.0
146
0.71
147
0.06
176
   256
177
   256
178
     2
274
     4
284
     7
288
     1
289
     0
340
11
371
    -1
372
    -1
1001
ACAD_DSTYLE_DIMBREAK
1070
   391
1040
0.125
1001
ACAD_DSTYLE_DIMJAG
1070
   388
1040
1.5
1001
ACAD_DSTYLE_DIMARC_LENGTH_SYMBOL
1070
   379
1070
     1
1001
ACAD_DSTYLE_DIM_LINETYPE
1070
   380
1005
14
1001
ACAD_DSTYLE_DIM_EXT1_LINETYPE
1070
   381
1005
14
1001
ACAD_DSTYLE_DIM_EXT2_LINETYPE
1070
   382
1005
14
  0
DIMSTYLE
105
294
330
A
100
AcDbSymbolTableRecord
100
AcDbDimStyleTableRecord
  2
AM_ANSI$7
 70
     0
  4
mm
 41
0.12
 42
0.05
 43
0.5
 44
0.1
 47
0.1
 48
0.1
 78
     7
 79
     2
140
0.12
141
0.0
146
0.71
147
0.06
176
   256
177
   256
178
     2
274
     4
284
     7
340
11
371
    -1
372
    -1
1001
ACAD_DSTYLE_DIMBREAK
1070
   391
1040
0.125
1001
ACAD_DSTYLE_DIMJAG
1070
   388
1040
1.5
1001
ACAD_DSTYLE_DIMARC_LENGTH_SYMBOL
1070
   379
1070
     1
1001
ACAD_DSTYLE_DIM_LINETYPE
1070
   380
1005
14
1001
ACAD_DSTYLE_DIM_EXT1_LINETYPE
1070
   381
1005
14
1001
ACAD_DSTYLE_DIM_EXT2_LINETYPE
1070
   382
1005
14
  0
DIMSTYLE
105
295
330
A
100
AcDbSymbolTableRecord
100
AcDbDimStyleTableRecord
  2
AM_ANSI$SF
 70
     0
  4
mm
 41
0.12
 42
0.05
 43
0.5
 44
0.1
 47
0.1
 48
0.1
 75
     1
 76
     1
 78
     7
 79
     2
140
0.12
141
0.0
146
0.71
147
0.06
176
   256
177
   256
178
     2
274
     4
284
     7
340
11
371
    -1
372
    -1
1001
ACAD_DSTYLE_DIMBREAK
1070
   391
1040
0.125
1001
ACAD_DSTYLE_DIMJAG
1070
   388
1040
1.5
1001
ACAD_DSTYLE_DIMARC_LENGTH_SYMBOL
1070
   379
1070
     1
1001
ACAD_DSTYLE_DIM_LINETYPE
1070
   380
1005
14
1001
ACAD_DSTYLE_DIM_EXT1_LINETYPE
1070
   381
1005
14
1001
ACAD_DSTYLE_DIM_EXT2_LINETYPE
1070
   382
1005
14
  0
DIMSTYLE
105
29A
330
A
100
AcDbSymbolTableRecord
100
AcDbDimStyleTableRecord
  2
AM_ANSI$SH
 70
     0
  4
mm
 41
0.12
 42
0.05
 43
0.5
 44
0.1
 47
0.1
 48
0.1
 75
     1
 76
     1
 78
     7
 79
     2
140
0.12
141
0.0
146
0.71
147
0.06
173
     1
176
   256
177
   256
178
     2
274
     4
284
     7
340
11
343
296
371
    -1
372
    -1
1001
ACAD_DSTYLE_DIMBREAK
1070
   391
1040
0.125
1001
ACAD_DSTYLE_DIMJAG
1070
   388
1040
1.5
1001
ACAD_DSTYLE_DIMARC_LENGTH_SYMBOL
1070
   379
1070
     1
1001
ACAD_DSTYLE_DIM_LINETYPE
1070
   380
1005
14
1001
ACAD_DSTYLE_DIM_EXT1_LINETYPE
1070
   381
1005
14
1001
ACAD_DSTYLE_DIM_EXT2_LINETYPE
1070
   382
1005
14
  0
DIMSTYLE
105
2C2
330
A
100
AcDbSymbolTableRecord
100
AcDbDimStyleTableRecord
  2
ISO-25
 70
     0
 41
2.5
 42
0.625
 43
3.75
 44
1.25
 73
     0
 74
     0
 77
     1
 78
     8
140
2.5
141
2.5
143
0.03937007874016
147
0.625
171
     3
172
     1
271
     2
272
     2
274
     3
278
    44
283
     0
284
     8
340
11
  0
DIMSTYLE
105
2C3
102
{ACAD_REACTORS
330
8D2
102
}
330
A
100
AcDbSymbolTableRecord
100
AcDbDimStyleTableRecord
  2
AM_ISO
 70
     0
  4
"
 41
3.5
 42
1.0
 43
10.0
 44
1.0
 47
0.1
 48
0.1
 73
     0
 74
     0
 77
     1
 78
     8
 79
     2
140
3.5
141
0.0
143
0.0393701
146
0.71
147
1.5
172
     1
176
   256
177
   256
178
     2
271
     2
272
     3
274
     4
283
     0
284
     8
340
11
371
    -1
372
    -1
1001
ACAD_DSTYLE_DIMJAG
1070
   388
1040
1.5
1001
ACAD_DSTYLE_DIMBREAK
1070
   391
1040
3.75
1001
ACAD_DSTYLE_DIMARC_LENGTH_SYMBOL
1070
   379
1070
     1
1001
ACAD_DSTYLE_DIM_LINETYPE
1070
   380
1005
14
1001
ACAD_DSTYLE_DIM_EXT1_LINETYPE
1070
   381
1005
14
1001
ACAD_DSTYLE_DIM_EXT2_LINETYPE
1070
   382
1005
14
  0
DIMSTYLE
105
2C4
330
A
100
AcDbSymbolTableRecord
100
AcDbDimStyleTableRecord
  2
AM_ISO$3
 70
     0
  4
"
 41
3.5
 42
1.0
 43
10.0
 44
1.0
 47
0.1
 48
0.1
 73
     0
 77
     1
 78
     8
 79
     2
140
3.5
141
0.0
143
0.0393701
146
0.71
147
1.5
176
   256
177
   256
178
     2
271
     2
272
     3
274
     4
283
     0
284
     8
288
     1
289
     0
340
11
371
    -1
372
    -1
1001
ACAD_DSTYLE_DIMBREAK
1070
   391
1040
3.75
1001
ACAD_DSTYLE_DIMJAG
1070
   388
1040
1.5
1001
ACAD_DSTYLE_DIMARC_LENGTH_SYMBOL
1070
   379
1070
     1
1001
ACAD_DSTYLE_DIM_LINETYPE
1070
   380
1005
14
1001
ACAD_DSTYLE_DIM_EXT1_LINETYPE
1070
   381
1005
14
1001
ACAD_DSTYLE_DIM_EXT2_LINETYPE
1070
   382
1005
14
  0
DIMSTYLE
105
2C5
330
A
100
AcDbSymbolTableRecord
100
AcDbDimStyleTableRecord
  2
AM_ISO$4
 70
     0
  4
"
 41
3.5
 42
1.0
 43
10.0
 44
1.0
 47
0.1
 48
0.1
 73
     0
 77
     1
 78
     8
 79
     2
140
3.5
141
0.0
143
0.0393701
146
0.71
147
1.5
176
   256
177
   256
178
     2
271
     2
272
     3
274
     4
283
     0
284
     8
288
     1
289
     0
340
11
371
    -1
372
    -1
1001
ACAD_DSTYLE_DIMBREAK
1070
   391
1040
3.75
1001
ACAD_DSTYLE_DIMJAG
1070
   388
1040
1.5
1001
ACAD_DSTYLE_DIMARC_LENGTH_SYMBOL
1070
   379
1070
     1
1001
ACAD_DSTYLE_DIM_LINETYPE
1070
   380
1005
14
1001
ACAD_DSTYLE_DIM_EXT1_LINETYPE
1070
   381
1005
14
1001
ACAD_DSTYLE_DIM_EXT2_LINETYPE
1070
   382
1005
14
  0
DIMSTYLE
105
2C6
330
A
100
AcDbSymbolTableRecord
100
AcDbDimStyleTableRecord
  2
AM_ISO$6
 70
     0
  4
"
 41
3.5
 42
1.0
 43
10.0
 44
1.0
 47
0.1
 48
0.1
 73
     0
 74
     0
 78
     8
 79
     2
140
3.5
141
0.0
143
0.0393701
146
0.71
147
1.5
172
     1
176
   256
177
   256
178
     2
271
     2
272
     3
274
     4
283
     0
284
     8
340
11
371
    -1
372
    -1
1001
ACAD_DSTYLE_DIMBREAK
1070
   391
1040
3.75
1001
ACAD_DSTYLE_DIMJAG
1070
   388
1040
1.5
1001
ACAD_DSTYLE_DIMARC_LENGTH_SYMBOL
1070
   379
1070
     1
1001
ACAD_DSTYLE_DIM_LINETYPE
1070
   380
1005
14
1001
ACAD_DSTYLE_DIM_EXT1_LINETYPE
1070
   381
1005
14
1001
ACAD_DSTYLE_DIM_EXT2_LINETYPE
1070
   382
1005
14
  0
DIMSTYLE
105
2C7
330
A
100
AcDbSymbolTableRecord
100
AcDbDimStyleTableRecord
  2
AM_ISO$7
 70
     0
  4
"
 41
3.5
 42
1.0
 43
10.0
 44
1.0
 47
0.1
 48
0.1
 73
     0
 74
     0
 77
     1
 78
     8
 79
     2
140
3.5
141
0.0
143
0.0393701
146
0.71
147
1.5
172
     1
176
   256
177
   256
178
     2
271
     2
272
     3
274
     4
283
     0
284
     8
340
11
371
    -1
372
    -1
1001
ACAD_DSTYLE_DIMBREAK
1070
   391
1040
3.75
1001
ACAD_DSTYLE_DIMJAG
1070
   388
1040
1.5
1001
ACAD_DSTYLE_DIMARC_LENGTH_SYMBOL
1070
   379
1070
     1
1001
ACAD_DSTYLE_DIM_LINETYPE
1070
   380
1005
14
1001
ACAD_DSTYLE_DIM_EXT1_LINETYPE
1070
   381
1005
14
1001
ACAD_DSTYLE_DIM_EXT2_LINETYPE
1070
   382
1005
14
  0
DIMSTYLE
105
2C8
330
A
100
AcDbSymbolTableRecord
100
AcDbDimStyleTableRecord
  2
AM_ISO$SF
 70
     0
  4
"
 41
3.5
 42
1.0
 43
10.0
 44
1.0
 47
0.1
 48
0.1
 73
     0
 74
     0
 75
     1
 76
     1
 77
     1
 78
     8
 79
     2
140
3.5
141
0.0
143
0.0393701
146
0.71
147
1.5
172
     1
176
   256
177
   256
178
     2
271
     2
272
     3
274
     4
283
     0
284
     8
340
11
371
    -1
372
    -1
1001
ACAD_DSTYLE_DIMBREAK
1070
   391
1040
3.75
1001
ACAD_DSTYLE_DIMJAG
1070
   388
1040
1.5
1001
ACAD_DSTYLE_DIMARC_LENGTH_SYMBOL
1070
   379
1070
     1
1001
ACAD_DSTYLE_DIM_LINETYPE
1070
   380
1005
14
1001
ACAD_DSTYLE_DIM_EXT1_LINETYPE
1070
   381
1005
14
1001
ACAD_DSTYLE_DIM_EXT2_LINETYPE
1070
   382
1005
14
  0
DIMSTYLE
105
2C9
330
A
100
AcDbSymbolTableRecord
100
AcDbDimStyleTableRecord
  2
AM_ISO$SH
 70
     0
  4
"
 41
3.5
 42
1.0
 43
10.0
 44
1.0
 47
0.1
 48
0.1
 73
     0
 74
     0
 75
     1
 76
     1
 77
     1
 78
     8
 79
     2
140
3.5
141
0.0
143
0.0393701
144
2.0
146
0.71
147
1.5
172
     1
173
     1
176
   256
177
   256
178
     2
271
     2
272
     3
274
     4
283
     0
284
     8
340
11
343
296
371
    -1
372
    -1
1001
ACAD_DSTYLE_DIMBREAK
1070
   391
1040
3.75
1001
ACAD_DSTYLE_DIMJAG
1070
   388
1040
1.5
1001
ACAD_DSTYLE_DIMARC_LENGTH_SYMBOL
1070
   379
1070
     1
1001
ACAD_DSTYLE_DIM_LINETYPE
1070
   380
1005
14
1001
ACAD_DSTYLE_DIM_EXT1_LINETYPE
1070
   381
1005
14
1001
ACAD_DSTYLE_DIM_EXT2_LINETYPE
1070
   382
1005
14
  0
ENDTAB
  0
TABLE
  2
BLOCK_RECORD
  5
1
330
0
100
AcDbSymbolTable
 70
     6
  0
BLOCK_RECORD
  5
1F
102
{ACAD_XDICTIONARY
360
15D
102
}
330
1
100
AcDbSymbolTableRecord
100
AcDbBlockTableRecord
  2
*Model_Space
340
22
  0
BLOCK_RECORD
  5
58
330
1
100
AcDbSymbolTableRecord
100
AcDbBlockTableRecord
  2
*Paper_Space
340
59
  0
BLOCK_RECORD
  5
5D
330
1
100
AcDbSymbolTableRecord
100
AcDbBlockTableRecord
  2
*Paper_Space0
340
5E
  0
BLOCK_RECORD
  5
296
330
1
100
AcDbSymbolTableRecord
100
AcDbBlockTableRecord
  2
GENAXEH
340
0
  0
BLOCK_RECORD
  5
2A4
330
1
100
AcDbSymbolTableRecord
100
AcDbBlockTableRecord
  2
_ACMFILLEDHALF
340
0
  0
ENDTAB
  0
ENDSEC
  0
SECTION
  2
BLOCKS
  0
BLOCK
  5
20
330
1F
100
AcDbEntity
  8
0
100
AcDbBlockBegin
  2
*Model_Space
 70
     0
 10
0.0
 20
0.0
 30
0.0
  3
*Model_Space
  1

  0
ENDBLK
  5
21
330
1F
100
AcDbEntity
  8
0
100
AcDbBlockEnd
  0
BLOCK
  5
5A
330
58
100
AcDbEntity
 67
     1
  8
0
100
AcDbBlockBegin
  2
*Paper_Space
 70
     0
 10
0.0
 20
0.0
 30
0.0
  3
*Paper_Space
  1

  0
ENDBLK
  5
5B
330
58
100
AcDbEntity
 67
     1
  8
0
100
AcDbBlockEnd
  0
BLOCK
  5
5F
330
5D
100
AcDbEntity
 67
     1
  8
0
100
AcDbBlockBegin
  2
*Paper_Space0
 70
     0
 10
0.0
 20
0.0
 30
0.0
  3
*Paper_Space0
  1

  0
ENDBLK
  5
60
330
5D
100
AcDbEntity
 67
     1
  8
0
100
AcDbBlockEnd
  0
BLOCK
  5
298
330
296
100
AcDbEntity
  8
0
100
AcDbBlockBegin
  2
GENAXEH
 70
     0
 10
0.0
 20
0.0
 30
0.0
  3
GENAXEH
  1

  0
LINE
  5
297
330
296
100
AcDbEntity
  8
0
100
AcDbLine
 10
-1.0
 20
0.0
 30
0.0
 11
1.0
 21
0.0
 31
0.0
  0
ENDBLK
  5
299
330
296
100
AcDbEntity
  8
0
100
AcDbBlockEnd
  0
BLOCK
  5
2A5
330
2A4
100
AcDbEntity
  8
0
100
AcDbBlockBegin
  2
_ACMFILLEDHALF
 70
     0
 10
0.0
 20
0.0
 30
0.0
  3
_ACMFILLEDHALF
  1

  0
TRACE
  5
2A7
330
2A4
100
AcDbEntity
  8
0
 62
     0
100
AcDbTrace
 10
-0.8
 20
0.0
 30
0.0
 11
-1.0
 21
0.166666666
 31
0.0
 12
0.0
 22
0.0
 32
0.0
 13
0.0
 23
0.0
 33
0.0
  0
LINE
  5
2A8
330
2A4
100
AcDbEntity
  8
0
 62
     0
100
AcDbLine
 10
-1.0
 20
0.0
 30
0.0
 11
-0.8
 21
0.0
 31
0.0
  0
ENDBLK
  5
2A6
330
2A4
100
AcDbEntity
  8
0
100
AcDbBlockEnd
  0
ENDSEC
  0
SECTION
  2
ENTITIES
  0
LINE
  5
902
330
1F
100
AcDbEntity
  8
0
100
AcDbLine
 10
0.4942515165713531
 20
144.25281878239
 30
0.0
 11
1.503201828674605
 21
158.9999999999963
 31
0.0
  0
LINE
  5
903
330
1F
100
AcDbEntity
  8
0
100
AcDbLine
 10
1.503201828674605
 20
158.9999999999963
 30
0.0
 11
0.0
 21
158.9999999999963
 31
0.0
  0
LINE
  5
904
330
1F
100
AcDbEntity
  8
0
100
AcDbLine
 10
0.0
 20
119.6477231304345
 30
0.0
 11
9.710466823028468
 21
122.1050744608862
 31
0.0
  0
LINE
  5
905
330
1F
100
AcDbEntity
  8
0
100
AcDbLine
 10
9.710466823028468
 20
122.1050744608862
 30
0.0
 11
11.43747826867945
 21
126.041767387419
 31
0.0
  0
ARC
  5
906
330
1F
100
AcDbEntity
  8
0
100
AcDbCircle
 10
-229.6959830188922
 20
-6.464576684938265
 30
0.0
 40
275.1422856849647
100
AcDbArc
 50
28.78943461074891
 51
33.21483320446156
  0
LINE
  5
907
330
1F
100
AcDbEntity
  8
0
100
AcDbLine
 10
0.4942515165713531
 20
144.25281878239
 30
0.0
 11
0.4942515165713531
 21
144.25281878239
 31
0.0
  0
LINE
  5
908
330
1F
100
AcDbEntity
  8
0
100
AcDbLine
 10
55.09061686856012
 20
158.9999999999986
 30
0.0
 11
12.93555106649319
 21
158.9999999999968
 31
0.0
  0
LINE
  5
909
330
1F
100
AcDbEntity
  8
0
100
AcDbLine
 10
12.93555106649319
 20
158.9999999999968
 30
0.0
 11
10.88302509282175
 21
142.11287184462
 31
0.0
  0
ARC
  5
90A
330
1F
100
AcDbEntity
  8
0
100
AcDbCircle
 10
-164.7378077523924
 20
21.0569590390644
 30
0.0
 40
213.3007523531808
100
AcDbArc
 50
29.18919456555953
 51
34.57860025557294
  0
LINE
  5
90B
330
1F
100
AcDbEntity
  8
0
100
AcDbLine
 10
21.47674963855195
 20
125.0826749468515
 30
0.0
 11
52.75866751519095
 21
132.9989434346791
 31
0.0
  0
LINE
  5
90C
330
1F
100
AcDbEntity
  8
0
100
AcDbLine
 10
52.75866751519095
 20
132.9989434346791
 30
0.0
 11
55.09061686856012
 21
158.9999999999986
 31
0.0
  0
LINE
  5
90D
330
1F
100
AcDbEntity
  8
0
100
AcDbLine
 10
55.09061686856012
 20
158.9999999999986
 30
0.0
 11
55.09061686856012
 21
158.9999999999986
 31
0.0
  0
LINE
  5
90E
330
1F
100
AcDbEntity
  8
0
100
AcDbLine
 10
93.53158192680666
 20
148.7038320218355
 30
0.0
 11
94.23600955551183
 21
159.0
 31
0.0
  0
LINE
  5
90F
330
1F
100
AcDbEntity
  8
0
100
AcDbLine
 10
94.23600955551183
 20
159.0
 30
0.0
 11
91.39178628029503
 21
159.0
 31
0.0
  0
LINE
  5
910
330
1F
100
AcDbEntity
  8
0
100
AcDbLine
 10
91.39178628029503
 20
159.0
 30
0.0
 11
68.42567379420199
 21
158.9999999999991
 31
0.0
  0
LINE
  5
911
330
1F
100
AcDbEntity
  8
0
100
AcDbLine
 10
68.42567379420199
 20
158.9999999999991
 30
0.0
 11
64.70492244577565
 21
138.1930109110315
 31
0.0
  0
ARC
  5
912
330
1F
100
AcDbEntity
  8
0
100
AcDbCircle
 10
-111.289037972102
 20
4.770328388878397
 30
0.0
 40
220.8517292551198
100
AcDbArc
 50
30.02515641752738
 51
37.1661094095397
  0
LINE
  5
913
330
1F
100
AcDbEntity
  8
0
100
AcDbLine
 10
79.92566776303556
 20
115.2801588366783
 30
0.0
 11
91.3917862802914
 21
118.1817991086554
 31
0.0
  0
LINE
  5
914
330
1F
100
AcDbEntity
  8
0
100
AcDbLine
 10
91.3917862802914
 20
118.1817991086554
 30
0.0
 11
104.4553865918583
 21
121.4877015118102
 31
0.0
  0
LINE
  5
915
330
1F
100
AcDbEntity
  8
0
100
AcDbLine
 10
104.4553865918583
 20
121.4877015118102
 30
0.0
 11
106.3711888964754
 21
125.5193261679189
 31
0.0
  0
ARC
  5
916
330
1F
100
AcDbEntity
  8
0
100
AcDbCircle
 10
-87.18460300181915
 20
33.47544571127833
 30
0.0
 40
214.3266677455054
100
AcDbArc
 50
25.4330435740497
 51
32.52242890689828
  0
LINE
  5
917
330
1F
100
AcDbEntity
  8
0
100
AcDbLine
 10
93.53158192680666
 20
148.7038320218355
 30
0.0
 11
93.53158192680666
 21
148.7038320218355
 31
0.0
  0
LINE
  5
918
330
1F
100
AcDbEntity
  8
0
100
AcDbLine
 10
131.5947927854026
 20
143.8281185716337
 30
0.0
 11
132.6108639258877
 21
159.0
 31
0.0
  0
LINE
  5
919
330
1F
100
AcDbEntity
  8
0
100
AcDbLine
 10
132.6108639258877
 20
159.0
 30
0.0
 11
104.6635102709957
 21
159.0
 31
0.0
  0
LINE
  5
91A
330
1F
100
AcDbEntity
  8
0
100
AcDbLine
 10
104.6635102709957
 20
159.0
 30
0.0
 11
102.992998322265
 21
145.2558867828222
 31
0.0
  0
ARC
  5
91B
330
1F
100
AcDbEntity
  8
0
100
AcDbCircle
 10
-74.80741847485081
 20
28.20034191020045
 30
0.0
 40
212.8731753853794
100
AcDbArc
 50
26.80714433218363
 51
33.35905257421675
  0
LINE
  5
91C
330
1F
100
AcDbEntity
  8
0
100
AcDbLine
 10
115.1881896094704
 20
124.2037674080622
 30
0.0
 11
137.6696772294519
 21
129.8929803491225
 31
0.0
  0
LINE
  5
91D
330
1F
100
AcDbEntity
  8
0
100
AcDbLine
 10
137.6696772294519
 20
129.8929803491225
 30
0.0
 11
139.0942313870971
 21
133.6456004484546
 31
0.0
  0
ARC
  5
91E
330
1F
100
AcDbEntity
  8
0
100
AcDbCircle
 10
-37.98578788902648
 20
11.07885519784213
 30
0.0
 40
215.3600247682026
100
AcDbArc
 50
34.68922252395945
 51
38.0541714872259
  0
LINE
  5
91F
330
1F
100
AcDbEntity
  8
0
100
AcDbLine
 10
131.5947927854026
 20
143.8281185716337
 30
0.0
 11
131.5947927854026
 21
143.8281185716337
 31
0.0
  0
LINE
  5
920
330
1F
100
AcDbEntity
  8
0
100
AcDbLine
 10
182.7835725605832
 20
159.0
 30
0.0
 11
146.1523839293936
 21
159.0
 31
0.0
  0
LINE
  5
921
330
1F
100
AcDbEntity
  8
0
100
AcDbLine
 10
146.1523839293936
 20
159.0
 30
0.0
 11
143.0480320935722
 21
143.4787051330859
 31
0.0
  0
ARC
  5
922
330
1F
100
AcDbEntity
  8
0
100
AcDbCircle
 10
-51.81462706712295
 20
0.2534013674683138
 30
0.0
 40
241.8366051157903
100
AcDbArc
 50
28.12469715257825
 51
36.31612491339424
  0
LINE
  5
923
330
1F
100
AcDbEntity
  8
0
100
AcDbLine
 10
161.4668200525985
 20
114.2532605272415
 30
0.0
 11
182.7835725605817
 21
119.647723130435
 31
0.0
  0
LINE
  5
924
330
1F
100
AcDbEntity
  8
0
100
AcDbLine
 10
182.7835725605832
 20
159.0
 30
0.0
 11
182.7835725605832
 21
159.0
 31
0.0
  0
LINE
  5
925
330
1F
100
AcDbEntity
  8
0
100
AcDbLine
 10
182.7835725605814
 20
112.4270596278224
 30
0.0
 11
176.6584115125783
 21
110.8770133813477
 31
0.0
  0
LINE
  5
926
330
1F
100
AcDbEntity
  8
0
100
AcDbLine
 10
176.6584115125783
 20
110.8770133813477
 30
0.0
 11
164.7598118149855
 21
107.8659285045569
 31
0.0
  0
ARC
  5
927
330
1F
100
AcDbEntity
  8
0
100
AcDbCircle
 10
-51.81462706712228
 20
0.2534013674680864
 30
0.0
 40
241.8366051157899
100
AcDbArc
 50
19.13631246398551
 51
26.42207891277804
  0
ARC
  5
928
330
1F
100
AcDbEntity
  8
0
100
AcDbCircle
 10
-51.81462706711795
 20
0.2534013674664948
 30
0.0
 40
241.8366051157863
100
AcDbArc
 50
15.21100042832071
 51
19.13631246398551
  0
ARC
  5
929
330
1F
100
AcDbEntity
  8
0
100
AcDbCircle
 10
-19.89725169181201
 20
154.2296716111243
 30
0.0
 40
220.8517292551228
100
AcDbArc
 50
333.0291673319346
 51
335.802186398771
  0
LINE
  5
92A
330
1F
100
AcDbEntity
  8
0
100
AcDbLine
 10
176.9340957427783
 20
54.06527183724438
 30
0.0
 11
178.7150893851673
 21
50.09996673322735
 31
0.0
  0
LINE
  5
92B
330
1F
100
AcDbEntity
  8
0
100
AcDbLine
 10
178.7150893851673
 20
50.09996673322735
 30
0.0
 11
182.7835725605789
 21
49.07038775147544
 31
0.0
  0
LINE
  5
92C
330
1F
100
AcDbEntity
  8
0
100
AcDbLine
 10
182.7835725605814
 20
112.4270596278224
 30
0.0
 11
182.7835725605814
 21
112.4270596278224
 31
0.0
  0
LINE
  5
92D
330
1F
100
AcDbEntity
  8
0
100
AcDbLine
 10
145.6105230865963
 20
123.6503207843898
 30
0.0
 11
121.6380206150994
 21
117.583788462515
 31
0.0
  0
LINE
  5
92E
330
1F
100
AcDbEntity
  8
0
100
AcDbLine
 10
121.6380206150994
 20
117.583788462515
 30
0.0
 11
119.9597500743082
 21
114.1115684990336
 31
0.0
  0
ARC
  5
92F
330
1F
100
AcDbEntity
  8
0
100
AcDbCircle
 10
-74.80741847485205
 20
28.20034191019999
 30
0.0
 40
212.8731753853804
100
AcDbArc
 50
13.94975007767635
 51
23.80213509318581
  0
LINE
  5
930
330
1F
100
AcDbEntity
  8
0
100
AcDbLine
 10
131.7876001117439
 20
79.51785445571386
 30
0.0
 11
164.2703327066543
 21
75.22954722225222
 31
0.0
  0
LINE
  5
931
330
1F
100
AcDbEntity
  8
0
100
AcDbLine
 10
164.2703327066543
 20
75.22954722225222
 30
0.0
 11
166.677968069056
 21
78.10636645472391
 31
0.0
  0
ARC
  5
932
330
1F
100
AcDbEntity
  8
0
100
AcDbCircle
 10
-37.98578788902683
 20
11.07885519784099
 30
0.0
 40
215.3600247682036
100
AcDbArc
 50
18.13365459758978
 51
31.51440480752226
  0
LINE
  5
933
330
1F
100
AcDbEntity
  8
0
100
AcDbLine
 10
145.6105230865963
 20
123.6503207843898
 30
0.0
 11
145.6105230865963
 21
123.6503207843898
 31
0.0
  0
LINE
  5
934
330
1F
100
AcDbEntity
  8
0
100
AcDbLine
 10
111.0689497465041
 20
114.9091569711736
 30
0.0
 11
91.39178628029503
 21
109.9296122485266
 31
0.0
  0
LINE
  5
935
330
1F
100
AcDbEntity
  8
0
100
AcDbLine
 10
91.39178628029503
 20
109.9296122485266
 30
0.0
 11
87.32330310487588
 21
108.9000332667726
 31
0.0
  0
LINE
  5
936
330
1F
100
AcDbEntity
  8
0
100
AcDbLine
 10
87.32330310487588
 20
108.9000332667726
 30
0.0
 11
85.54230946248651
 21
104.9347281627554
 31
0.0
  0
ARC
  5
937
330
1F
100
AcDbEntity
  8
0
100
AcDbCircle
 10
-111.2890379720958
 20
4.77032838887294
 30
0.0
 40
220.8517292551168
100
AcDbArc
 50
24.19781360122905
 51
26.97083266806536
  0
ARC
  5
938
330
1F
100
AcDbEntity
  8
0
100
AcDbCircle
 10
-143.2064133474166
 20
158.7465986325326
 30
0.0
 40
241.8366051157926
100
AcDbArc
 50
340.8636875360145
 51
344.7889995716792
  0
ARC
  5
939
330
1F
100
AcDbEntity
  8
0
100
AcDbCircle
 10
-143.2064133474124
 20
158.7465986325326
 30
0.0
 40
241.8366051157886
100
AcDbArc
 50
333.577921087222
 51
340.8636875360145
  0
LINE
  5
93A
330
1F
100
AcDbEntity
  8
0
100
AcDbLine
 10
73.36802553469317
 20
51.13407149544241
 30
0.0
 11
85.26662523228651
 21
48.12298661865134
 31
0.0
  0
LINE
  5
93B
330
1F
100
AcDbEntity
  8
0
100
AcDbLine
 10
85.26662523228651
 20
48.12298661865134
 30
0.0
 11
91.3917862802914
 21
46.57294037217707
 31
0.0
  0
LINE
  5
93C
330
1F
100
AcDbEntity
  8
0
100
AcDbLine
 10
91.3917862802914
 20
46.57294037217707
 30
0.0
 11
107.7931324503388
 21
42.42238092259959
 31
0.0
  0
ARC
  5
93D
330
1F
100
AcDbEntity
  8
0
100
AcDbCircle
 10
-138.3041967386007
 20
165.4645766849394
 30
0.0
 40
275.1422856849656
100
AcDbArc
 50
333.4361536817505
 51
341.4247370161894
  0
ARC
  5
93E
330
1F
100
AcDbEntity
  8
0
100
AcDbCircle
 10
-87.18460300182096
 20
33.4754457112781
 30
0.0
 40
214.326667745507
100
AcDbArc
 50
11.94029345672383
 51
22.33067050115316
  0
LINE
  5
93F
330
1F
100
AcDbEntity
  8
0
100
AcDbLine
 10
111.0689497465041
 20
114.9091569711736
 30
0.0
 11
111.0689497465041
 21
114.9091569711736
 31
0.0
  0
LINE
  5
940
330
1F
100
AcDbEntity
  8
0
100
AcDbLine
 10
60.71341041843504
 20
127.79132404343
 30
0.0
 11
28.28142507750067
 21
119.5840170437557
 31
0.0
  0
LINE
  5
941
330
1F
100
AcDbEntity
  8
0
100
AcDbLine
 10
28.28142507750067
 20
119.5840170437557
 30
0.0
 11
26.46542006150912
 21
115.6007934651034
 31
0.0
  0
ARC
  5
942
330
1F
100
AcDbEntity
  8
0
100
AcDbCircle
 10
-164.7378077523923
 20
21.05695903906303
 30
0.0
 40
213.3007523531814
100
AcDbArc
 50
17.31101105380633
 51
26.31091189374687
  0
LINE
  5
943
330
1F
100
AcDbEntity
  8
0
100
AcDbLine
 10
38.90119536055181
 20
84.52637975171455
 30
0.0
 11
74.48853284597101
 21
89.22455088963966
 31
0.0
  0
LINE
  5
944
330
1F
100
AcDbEntity
  8
0
100
AcDbLine
 10
74.48853284597101
 20
89.22455088963966
 30
0.0
 11
76.97477621065843
 21
93.04157284977623
 31
0.0
  0
ARC
  5
945
330
1F
100
AcDbEntity
  8
0
100
AcDbCircle
 10
-54.38891355701355
 20
52.74878368415738
 30
0.0
 40
137.4042497454943
100
AcDbArc
 50
17.05219009185052
 51
33.10289212201543
  0
LINE
  5
946
330
1F
100
AcDbEntity
  8
0
100
AcDbLine
 10
60.71341041843504
 20
127.79132404343
 30
0.0
 11
60.71341041843504
 21
127.79132404343
 31
0.0
  0
ARC
  5
947
330
1F
100
AcDbEntity
  8
0
100
AcDbCircle
 10
-229.6959830188937
 20
-6.464576684940539
 30
0.0
 40
275.142285684967
100
AcDbArc
 50
19.0628885360001
 51
26.56384631824952
  0
LINE
  5
948
330
1F
100
AcDbEntity
  8
0
100
AcDbLine
 10
16.40134617004685
 20
116.5776190774004
 30
0.0
 11
0.0
 21
112.4270596278213
 31
0.0
  0
LINE
  5
949
330
1F
100
AcDbEntity
  8
0
100
AcDbLine
 10
0.0
 20
49.07038775147407
 30
0.0
 11
19.67716346621228
 21
44.09084302882638
 31
0.0
  0
ARC
  5
94A
330
1F
100
AcDbEntity
  8
0
100
AcDbCircle
 10
-178.5763892821122
 20
125.5245542887216
 30
0.0
 40
214.3266677455064
100
AcDbArc
 50
337.6693294988468
 51
347.2352948056126
  0
LINE
  5
94B
330
1F
100
AcDbEntity
  8
0
100
AcDbLine
 10
30.45333321643545
 20
78.16955857472294
 30
0.0
 11
25.5419586459002
 21
77.52116844819738
 31
0.0
  0
LINE
  5
94C
330
1F
100
AcDbEntity
  8
0
100
AcDbLine
 10
25.5419586459002
 20
77.52116844819738
 30
0.0
 11
25.55378953691161
 21
82.76428117290107
 31
0.0
  0
LINE
  5
94D
330
1F
100
AcDbEntity
  8
0
100
AcDbLine
 10
25.55378953691161
 20
82.76428117290107
 30
0.0
 11
30.35768092653848
 21
83.3984815787544
 31
0.0
  0
LINE
  5
94E
330
1F
100
AcDbEntity
  8
0
100
AcDbLine
 10
30.35768092653848
 20
83.3984815787544
 30
0.0
 11
30.35768092653848
 21
83.3984815787544
 31
0.0
  0
LINE
  5
94F
330
1F
100
AcDbEntity
  8
0
100
AcDbLine
 10
75.28618178876422
 20
80.89363354527609
 30
0.0
 11
72.87854642636261
 21
83.77045277774778
 31
0.0
  0
LINE
  5
950
330
1F
100
AcDbEntity
  8
0
100
AcDbLine
 10
72.87854642636261
 20
83.77045277774778
 30
0.0
 11
40.39581383145196
 21
79.48214554428614
 31
0.0
  0
ARC
  5
951
330
1F
100
AcDbEntity
  8
0
100
AcDbCircle
 10
-166.1992047551449
 20
130.7996580897986
 30
0.0
 40
212.8731753853809
100
AcDbArc
 50
336.1978649068142
 51
346.0502499223236
  0
LINE
  5
952
330
1F
100
AcDbEntity
  8
0
100
AcDbLine
 10
28.56796379401624
 20
44.88843150096568
 30
0.0
 11
30.24623433480758
 21
41.41621153748497
 31
0.0
  0
LINE
  5
953
330
1F
100
AcDbEntity
  8
0
100
AcDbLine
 10
30.24623433480758
 20
41.41621153748497
 30
0.0
 11
54.21873680630449
 21
35.34967921561019
 31
0.0
  0
ARC
  5
954
330
1F
100
AcDbEntity
  8
0
100
AcDbCircle
 10
-129.3775741693185
 20
147.921144802159
 30
0.0
 40
215.3600247682035
100
AcDbArc
 50
328.4855951924777
 51
341.8663454024102
  0
LINE
  5
955
330
1F
100
AcDbEntity
  8
0
100
AcDbLine
 10
75.28618178876422
 20
80.89363354527609
 30
0.0
 11
75.28618178876422
 21
80.89363354527609
 31
0.0
  0
LINE
  5
956
330
1F
100
AcDbEntity
  8
0
100
AcDbLine
 10
168.3665624909503
 20
65.95842715022377
 30
0.0
 11
165.8803191262627
 21
69.77544911036034
 31
0.0
  0
LINE
  5
957
330
1F
100
AcDbEntity
  8
0
100
AcDbLine
 10
165.8803191262627
 20
69.77544911036034
 30
0.0
 11
130.2929816408436
 21
74.47362024828544
 31
0.0
  0
ARC
  5
958
330
1F
100
AcDbEntity
  8
0
100
AcDbCircle
 10
-73.34602147209955
 20
137.9430409609381
 30
0.0
 40
213.3007523531809
100
AcDbArc
 50
333.6890881062502
 51
342.6889889461937
  0
LINE
  5
959
330
1F
100
AcDbEntity
  8
0
100
AcDbLine
 10
117.8572063418008
 20
43.39920653489684
 30
0.0
 11
119.6732113577925
 21
39.41598295624431
 31
0.0
  0
LINE
  5
95A
330
1F
100
AcDbEntity
  8
0
100
AcDbLine
 10
119.6732113577925
 20
39.41598295624431
 30
0.0
 11
152.1051966987269
 21
31.20867595657001
 31
0.0
  0
ARC
  5
95B
330
1F
100
AcDbEntity
  8
0
100
AcDbCircle
 10
37.00287272327796
 20
106.2512163158428
 30
0.0
 40
137.4042497454948
100
AcDbArc
 50
326.8971078779845
 51
342.9478099081495
  0
LINE
  5
95C
330
1F
100
AcDbEntity
  8
0
100
AcDbLine
 10
168.3665624909503
 20
65.95842715022377
 30
0.0
 11
168.3665624909503
 21
65.95842715022377
 31
0.0
  0
LINE
  5
95D
330
1F
100
AcDbEntity
  8
0
100
AcDbLine
 10
182.7835725605786
 20
40.81820089134566
 30
0.0
 11
171.3174540433275
 21
43.71984116332169
 31
0.0
  0
ARC
  5
95E
330
1F
100
AcDbEntity
  8
0
100
AcDbCircle
 10
-19.89725169180974
 20
154.2296716111223
 30
0.0
 40
220.8517292551199
100
AcDbArc
 50
322.8338905904603
 51
329.9748435824726
  0
LINE
  5
95F
330
1F
100
AcDbEntity
  8
0
100
AcDbLine
 10
156.0967087260675
 20
20.80698908896852
 30
0.0
 11
159.817460074494
 21
0.0000000000009095
 31
0.0
  0
LINE
  5
960
330
1F
100
AcDbEntity
  8
0
100
AcDbLine
 10
159.817460074494
 20
0.0000000000009095
 30
0.0
 11
182.783572560577
 21
0.0
 31
0.0
  0
LINE
  5
961
330
1F
100
AcDbEntity
  8
0
100
AcDbLine
 10
182.7835725605786
 20
40.81820089134566
 30
0.0
 11
182.7835725605786
 21
40.81820089134566
 31
0.0
  0
LINE
  5
962
330
1F
100
AcDbEntity
  8
0
100
AcDbLine
 10
144.1504537954828
 20
26.00105656532083
 30
0.0
 11
112.8685359188438
 21
33.91732505314849
 31
0.0
  0
ARC
  5
963
330
1F
100
AcDbEntity
  8
0
100
AcDbCircle
 10
-73.34602147209955
 20
137.9430409609349
 30
0.0
 40
213.3007523531795
100
AcDbArc
 50
325.4213997444271
 51
330.8108054344405
  0
LINE
  5
964
330
1F
100
AcDbEntity
  8
0
100
AcDbLine
 10
102.2748113731136
 20
16.88712815537997
 30
0.0
 11
104.327337346785
 21
0.0000000000029559
 31
0.0
  0
LINE
  5
965
330
1F
100
AcDbEntity
  8
0
100
AcDbLine
 10
104.327337346785
 20
0.0000000000029559
 30
0.0
 11
146.4824031488519
 21
0.0000000000013642
 31
0.0
  0
LINE
  5
966
330
1F
100
AcDbEntity
  8
0
100
AcDbLine
 10
146.4824031488519
 20
0.0000000000013642
 30
0.0
 11
144.1504537954828
 21
26.00105656532083
 31
0.0
  0
LINE
  5
967
330
1F
100
AcDbEntity
  8
0
100
AcDbLine
 10
144.1504537954828
 20
26.00105656532083
 30
0.0
 11
144.1504537954828
 21
26.00105656532083
 31
0.0
  0
LINE
  5
968
330
1F
100
AcDbEntity
  8
0
100
AcDbLine
 10
102.8292645489714
 20
32.95823261258124
 30
0.0
 11
101.1022531033203
 21
36.89492553911373
 31
0.0
  0
LINE
  5
969
330
1F
100
AcDbEntity
  8
0
100
AcDbLine
 10
101.1022531033203
 20
36.89492553911373
 30
0.0
 11
91.39178628029503
 21
39.35227686956478
 31
0.0
  0
LINE
  5
96A
330
1F
100
AcDbEntity
  8
0
100
AcDbLine
 10
91.39178628029503
 20
39.35227686956478
 30
0.0
 11
70.07503377230671
 21
44.74673947275846
 31
0.0
  0
ARC
  5
96B
330
1F
100
AcDbEntity
  8
0
100
AcDbCircle
 10
-143.206413347414
 20
158.7465986325314
 30
0.0
 40
241.8366051157895
100
AcDbArc
 50
323.6838750866057
 51
331.8753028474218
  0
LINE
  5
96C
330
1F
100
AcDbEntity
  8
0
100
AcDbLine
 10
51.65624581328017
 20
15.52129486691387
 30
0.0
 11
54.76059764910178
 21
0.0
 31
0.0
  0
LINE
  5
96D
330
1F
100
AcDbEntity
  8
0
100
AcDbLine
 10
54.76059764910178
 20
0.0
 30
0.0
 11
91.3917862802914
 21
0.0
 31
0.0
  0
LINE
  5
96E
330
1F
100
AcDbEntity
  8
0
100
AcDbLine
 10
91.3917862802914
 20
0.0
 30
0.0
 11
92.89498810896748
 21
0.0
 31
0.0
  0
LINE
  5
96F
330
1F
100
AcDbEntity
  8
0
100
AcDbLine
 10
92.89498810896748
 20
0.0
 30
0.0
 11
91.88603779686378
 21
14.74718121761066
 31
0.0
  0
ARC
  5
970
330
1F
100
AcDbEntity
  8
0
100
AcDbCircle
 10
-138.3041967386037
 20
165.4645766849385
 30
0.0
 40
275.1422856849678
100
AcDbArc
 50
326.7851667955384
 51
331.2105653892511
  0
LINE
  5
971
330
1F
100
AcDbEntity
  8
0
100
AcDbLine
 10
102.8292645489714
 20
32.95823261258124
 30
0.0
 11
102.8292645489714
 21
32.95823261258124
 31
0.0
  0
LINE
  5
972
330
1F
100
AcDbEntity
  8
0
100
AcDbLine
 10
47.70244510680504
 20
25.35439955154493
 30
0.0
 11
46.27789094915977
 21
29.10701965087742
 31
0.0
  0
LINE
  5
973
330
1F
100
AcDbEntity
  8
0
100
AcDbLine
 10
46.27789094915977
 20
29.10701965087742
 30
0.0
 11
23.79640332917859
 21
34.79623259193795
 31
0.0
  0
ARC
  5
974
330
1F
100
AcDbEntity
  8
0
100
AcDbCircle
 10
-166.1992047551446
 20
130.7996580897986
 30
0.0
 40
212.8731753853806
100
AcDbArc
 50
326.6409474257832
 51
333.1928556678164
  0
LINE
  5
975
330
1F
100
AcDbEntity
  8
0
100
AcDbLine
 10
11.60121204197333
 20
13.74411321717775
 30
0.0
 11
13.27172399070377
 21
0.0
 31
0.0
  0
LINE
  5
976
330
1F
100
AcDbEntity
  8
0
100
AcDbLine
 10
13.27172399070377
 20
0.0
 30
0.0
 11
41.21907764559591
 21
0.0
 31
0.0
  0
LINE
  5
977
330
1F
100
AcDbEntity
  8
0
100
AcDbLine
 10
41.21907764559591
 20
0.0
 30
0.0
 11
40.20300650511081
 21
15.17188142836608
 31
0.0
  0
ARC
  5
978
330
1F
100
AcDbEntity
  8
0
100
AcDbCircle
 10
-129.3775741693208
 20
147.9211448021581
 30
0.0
 40
215.3600247682049
100
AcDbArc
 50
321.9458285127741
 51
325.3107774760405
  0
LINE
  5
979
330
1F
100
AcDbEntity
  8
0
100
AcDbLine
 10
47.70244510680504
 20
25.35439955154493
 30
0.0
 11
47.70244510680504
 21
25.35439955154493
 31
0.0
  0
LINE
  5
97A
330
1F
100
AcDbEntity
  8
0
100
AcDbLine
 10
14.9794026161835
 20
33.48067383208104
 30
0.0
 11
13.06360031156646
 21
37.51229848819026
 31
0.0
  0
LINE
  5
97B
330
1F
100
AcDbEntity
  8
0
100
AcDbLine
 10
13.06360031156646
 20
37.51229848819026
 30
0.0
 11
0.0
 21
40.81820089134521
 31
0.0
  0
LINE
  5
97C
330
1F
100
AcDbEntity
  8
0
100
AcDbLine
 10
0.0
 20
0.0
 30
0.0
 11
2.844223275219974
 21
0.0
 31
0.0
  0
LINE
  5
97D
330
1F
100
AcDbEntity
  8
0
100
AcDbLine
 10
2.844223275219974
 20
0.0
 30
0.0
 11
2.139795646514812
 21
10.29616797816447
 31
0.0
  0
ARC
  5
97E
330
1F
100
AcDbEntity
  8
0
100
AcDbCircle
 10
-178.5763892821105
 20
125.5245542887203
 30
0.0
 40
214.3266677455043
100
AcDbArc
 50
327.4775710931018
 51
334.5669564259503
  0
LINE
  5
97F
330
1F
100
AcDbEntity
  8
0
100
AcDbLine
 10
14.9794026161835
 20
33.48067383208104
 30
0.0
 11
14.9794026161835
 21
33.48067383208104
 31
0.0
  0
LINE
  5
980
330
1F
100
AcDbEntity
  8
0
100
AcDbLine
 10
183.2778240771483
 20
144.25281878239
 30
0.0
 11
184.2867743892516
 21
158.9999999999963
 31
0.0
  0
LINE
  5
981
330
1F
100
AcDbEntity
  8
0
100
AcDbLine
 10
184.2867743892516
 20
158.9999999999963
 30
0.0
 11
182.783572560577
 21
158.9999999999963
 31
0.0
  0
LINE
  5
982
330
1F
100
AcDbEntity
  8
0
100
AcDbLine
 10
182.783572560577
 20
119.6477231304345
 30
0.0
 11
192.4940393836054
 21
122.1050744608862
 31
0.0
  0
LINE
  5
983
330
1F
100
AcDbEntity
  8
0
100
AcDbLine
 10
192.4940393836054
 20
122.1050744608862
 30
0.0
 11
194.2210508292566
 21
126.041767387419
 31
0.0
  0
ARC
  5
984
330
1F
100
AcDbEntity
  8
0
100
AcDbCircle
 10
-46.9124104583152
 20
-6.464576684938265
 30
0.0
 40
275.1422856849647
100
AcDbArc
 50
28.78943461074891
 51
33.21483320446156
  0
LINE
  5
985
330
1F
100
AcDbEntity
  8
0
100
AcDbLine
 10
183.2778240771483
 20
144.25281878239
 30
0.0
 11
183.2778240771483
 21
144.25281878239
 31
0.0
  0
LINE
  5
986
330
1F
100
AcDbEntity
  8
0
100
AcDbLine
 10
237.8741894291371
 20
158.9999999999986
 30
0.0
 11
195.7191236270702
 21
158.9999999999968
 31
0.0
  0
LINE
  5
987
330
1F
100
AcDbEntity
  8
0
100
AcDbLine
 10
195.7191236270702
 20
158.9999999999968
 30
0.0
 11
193.6665976533987
 21
142.11287184462
 31
0.0
  0
ARC
  5
988
330
1F
100
AcDbEntity
  8
0
100
AcDbCircle
 10
18.04576480818457
 20
21.0569590390644
 30
0.0
 40
213.3007523531808
100
AcDbArc
 50
29.18919456554815
 51
34.57860025557294
  0
LINE
  5
989
330
1F
100
AcDbEntity
  8
0
100
AcDbLine
 10
204.2603221991291
 20
125.0826749468515
 30
0.0
 11
235.5422400757681
 21
132.9989434346791
 31
0.0
  0
LINE
  5
98A
330
1F
100
AcDbEntity
  8
0
100
AcDbLine
 10
235.5422400757681
 20
132.9989434346791
 30
0.0
 11
237.8741894291371
 21
158.9999999999986
 31
0.0
  0
LINE
  5
98B
330
1F
100
AcDbEntity
  8
0
100
AcDbLine
 10
237.8741894291371
 20
158.9999999999986
 30
0.0
 11
237.8741894291371
 21
158.9999999999986
 31
0.0
  0
LINE
  5
98C
330
1F
100
AcDbEntity
  8
0
100
AcDbLine
 10
276.3151544873837
 20
148.7038320218355
 30
0.0
 11
277.0195821160888
 21
159.0
 31
0.0
  0
LINE
  5
98D
330
1F
100
AcDbEntity
  8
0
100
AcDbLine
 10
277.0195821160888
 20
159.0
 30
0.0
 11
274.175358840872
 21
159.0
 31
0.0
  0
LINE
  5
98E
330
1F
100
AcDbEntity
  8
0
100
AcDbLine
 10
274.175358840872
 20
159.0
 30
0.0
 11
251.2092463547789
 21
158.9999999999991
 31
0.0
  0
LINE
  5
98F
330
1F
100
AcDbEntity
  8
0
100
AcDbLine
 10
251.2092463547789
 20
158.9999999999991
 30
0.0
 11
247.4884950063525
 21
138.1930109110315
 31
0.0
  0
ARC
  5
990
330
1F
100
AcDbEntity
  8
0
100
AcDbCircle
 10
71.49453458847495
 20
4.770328388878397
 30
0.0
 40
220.8517292551198
100
AcDbArc
 50
30.02515641752738
 51
37.1661094095397
  0
LINE
  5
991
330
1F
100
AcDbEntity
  8
0
100
AcDbLine
 10
262.7092403236126
 20
115.2801588366783
 30
0.0
 11
274.1753588408684
 21
118.1817991086554
 31
0.0
  0
LINE
  5
992
330
1F
100
AcDbEntity
  8
0
100
AcDbLine
 10
274.1753588408684
 20
118.1817991086554
 30
0.0
 11
287.2389591524353
 21
121.4877015118102
 31
0.0
  0
LINE
  5
993
330
1F
100
AcDbEntity
  8
0
100
AcDbLine
 10
287.2389591524353
 20
121.4877015118102
 30
0.0
 11
289.1547614570523
 21
125.5193261679189
 31
0.0
  0
ARC
  5
994
330
1F
100
AcDbEntity
  8
0
100
AcDbCircle
 10
95.59896955875785
 20
33.47544571127833
 30
0.0
 40
214.3266677455054
100
AcDbArc
 50
25.4330435740497
 51
32.52242890689828
  0
LINE
  5
995
330
1F
100
AcDbEntity
  8
0
100
AcDbLine
 10
276.3151544873837
 20
148.7038320218355
 30
0.0
 11
276.3151544873837
 21
148.7038320218355
 31
0.0
  0
LINE
  5
996
330
1F
100
AcDbEntity
  8
0
100
AcDbLine
 10
314.3783653459796
 20
143.8281185716337
 30
0.0
 11
315.3944364864648
 21
159.0
 31
0.0
  0
LINE
  5
997
330
1F
100
AcDbEntity
  8
0
100
AcDbLine
 10
315.3944364864648
 20
159.0
 30
0.0
 11
287.4470828315726
 21
159.0
 31
0.0
  0
LINE
  5
998
330
1F
100
AcDbEntity
  8
0
100
AcDbLine
 10
287.4470828315726
 20
159.0
 30
0.0
 11
285.776570882842
 21
145.2558867828222
 31
0.0
  0
ARC
  5
999
330
1F
100
AcDbEntity
  8
0
100
AcDbCircle
 10
107.9761540857262
 20
28.20034191020045
 30
0.0
 40
212.8731753853794
100
AcDbArc
 50
26.80714433218363
 51
33.35905257421675
  0
LINE
  5
99A
330
1F
100
AcDbEntity
  8
0
100
AcDbLine
 10
297.9717621700475
 20
124.2037674080622
 30
0.0
 11
320.453249790029
 21
129.8929803491225
 31
0.0
  0
LINE
  5
99B
330
1F
100
AcDbEntity
  8
0
100
AcDbLine
 10
320.453249790029
 20
129.8929803491225
 30
0.0
 11
321.8778039476741
 21
133.6456004484546
 31
0.0
  0
ARC
  5
99C
330
1F
100
AcDbEntity
  8
0
100
AcDbCircle
 10
144.7977846715505
 20
11.07885519784213
 30
0.0
 40
215.3600247682026
100
AcDbArc
 50
34.68922252395945
 51
38.0541714872259
  0
LINE
  5
99D
330
1F
100
AcDbEntity
  8
0
100
AcDbLine
 10
314.3783653459796
 20
143.8281185716337
 30
0.0
 11
314.3783653459796
 21
143.8281185716337
 31
0.0
  0
LINE
  5
99E
330
1F
100
AcDbEntity
  8
0
100
AcDbLine
 10
365.5671451211603
 20
159.0
 30
0.0
 11
328.9359564899706
 21
159.0
 31
0.0
  0
LINE
  5
99F
330
1F
100
AcDbEntity
  8
0
100
AcDbLine
 10
328.9359564899706
 20
159.0
 30
0.0
 11
325.8316046541491
 21
143.4787051330859
 31
0.0
  0
ARC
  5
9A0
330
1F
100
AcDbEntity
  8
0
100
AcDbCircle
 10
130.968945493454
 20
0.2534013674683138
 30
0.0
 40
241.8366051157903
100
AcDbArc
 50
28.12469715257825
 51
36.31612491339424
  0
LINE
  5
9A1
330
1F
100
AcDbEntity
  8
0
100
AcDbLine
 10
344.2503926131755
 20
114.2532605272415
 30
0.0
 11
365.5671451211589
 21
119.647723130435
 31
0.0
  0
LINE
  5
9A2
330
1F
100
AcDbEntity
  8
0
100
AcDbLine
 10
365.5671451211603
 20
159.0
 30
0.0
 11
365.5671451211603
 21
159.0
 31
0.0
  0
LINE
  5
9A3
330
1F
100
AcDbEntity
  8
0
100
AcDbLine
 10
365.5671451211584
 20
112.4270596278224
 30
0.0
 11
359.4419840731554
 21
110.8770133813477
 31
0.0
  0
LINE
  5
9A4
330
1F
100
AcDbEntity
  8
0
100
AcDbLine
 10
359.4419840731554
 20
110.8770133813477
 30
0.0
 11
347.5433843755624
 21
107.8659285045569
 31
0.0
  0
ARC
  5
9A5
330
1F
100
AcDbEntity
  8
0
100
AcDbCircle
 10
130.9689454934547
 20
0.2534013674680864
 30
0.0
 40
241.8366051157899
100
AcDbArc
 50
19.13631246398551
 51
26.42207891277804
  0
ARC
  5
9A6
330
1F
100
AcDbEntity
  8
0
100
AcDbCircle
 10
130.968945493459
 20
0.2534013674664948
 30
0.0
 40
241.8366051157863
100
AcDbArc
 50
15.21100042832071
 51
19.13631246398551
  0
ARC
  5
9A7
330
1F
100
AcDbEntity
  8
0
100
AcDbCircle
 10
162.886320868765
 20
154.2296716111243
 30
0.0
 40
220.8517292551228
100
AcDbArc
 50
333.0291673319346
 51
335.802186398771
  0
LINE
  5
9A8
330
1F
100
AcDbEntity
  8
0
100
AcDbLine
 10
359.7176683033555
 20
54.06527183724438
 30
0.0
 11
361.4986619457442
 21
50.09996673322735
 31
0.0
  0
LINE
  5
9A9
330
1F
100
AcDbEntity
  8
0
100
AcDbLine
 10
361.4986619457442
 20
50.09996673322735
 30
0.0
 11
365.567145121156
 21
49.07038775147544
 31
0.0
  0
LINE
  5
9AA
330
1F
100
AcDbEntity
  8
0
100
AcDbLine
 10
365.5671451211584
 20
112.4270596278224
 30
0.0
 11
365.5671451211584
 21
112.4270596278224
 31
0.0
  0
LINE
  5
9AB
330
1F
100
AcDbEntity
  8
0
100
AcDbLine
 10
328.3940956471735
 20
123.6503207843898
 30
0.0
 11
304.4215931756763
 21
117.583788462515
 31
0.0
  0
LINE
  5
9AC
330
1F
100
AcDbEntity
  8
0
100
AcDbLine
 10
304.4215931756763
 20
117.583788462515
 30
0.0
 11
302.7433226348852
 21
114.1115684990336
 31
0.0
  0
ARC
  5
9AD
330
1F
100
AcDbEntity
  8
0
100
AcDbCircle
 10
107.9761540857249
 20
28.20034191019999
 30
0.0
 40
212.8731753853804
100
AcDbArc
 50
13.94975007767635
 51
23.80213509318581
  0
LINE
  5
9AE
330
1F
100
AcDbEntity
  8
0
100
AcDbLine
 10
314.5711726723208
 20
79.51785445571386
 30
0.0
 11
347.0539052672312
 21
75.22954722225222
 31
0.0
  0
LINE
  5
9AF
330
1F
100
AcDbEntity
  8
0
100
AcDbLine
 10
347.0539052672312
 20
75.22954722225222
 30
0.0
 11
349.4615406296331
 21
78.10636645472391
 31
0.0
  0
ARC
  5
9B0
330
1F
100
AcDbEntity
  8
0
100
AcDbCircle
 10
144.7977846715502
 20
11.07885519784099
 30
0.0
 40
215.3600247682036
100
AcDbArc
 50
18.13365459758978
 51
31.51440480752226
  0
LINE
  5
9B1
330
1F
100
AcDbEntity
  8
0
100
AcDbLine
 10
328.3940956471735
 20
123.6503207843898
 30
0.0
 11
328.3940956471735
 21
123.6503207843898
 31
0.0
  0
LINE
  5
9B2
330
1F
100
AcDbEntity
  8
0
100
AcDbLine
 10
293.8525223070811
 20
114.9091569711736
 30
0.0
 11
274.175358840872
 21
109.9296122485266
 31
0.0
  0
LINE
  5
9B3
330
1F
100
AcDbEntity
  8
0
100
AcDbLine
 10
274.175358840872
 20
109.9296122485266
 30
0.0
 11
270.1068756654528
 21
108.9000332667726
 31
0.0
  0
LINE
  5
9B4
330
1F
100
AcDbEntity
  8
0
100
AcDbLine
 10
270.1068756654528
 20
108.9000332667726
 30
0.0
 11
268.3258820230636
 21
104.9347281627554
 31
0.0
  0
ARC
  5
9B5
330
1F
100
AcDbEntity
  8
0
100
AcDbCircle
 10
71.4945345884812
 20
4.77032838887294
 30
0.0
 40
220.8517292551168
100
AcDbArc
 50
24.19781360122905
 51
26.97083266806536
  0
ARC
  5
9B6
330
1F
100
AcDbEntity
  8
0
100
AcDbCircle
 10
39.57715921316037
 20
158.7465986325326
 30
0.0
 40
241.8366051157926
100
AcDbArc
 50
340.8636875360145
 51
344.7889995716792
  0
ARC
  5
9B7
330
1F
100
AcDbEntity
  8
0
100
AcDbCircle
 10
39.57715921316458
 20
158.7465986325326
 30
0.0
 40
241.8366051157886
100
AcDbArc
 50
333.577921087222
 51
340.8636875360145
  0
LINE
  5
9B8
330
1F
100
AcDbEntity
  8
0
100
AcDbLine
 10
256.1515980952701
 20
51.13407149544241
 30
0.0
 11
268.0501977928635
 21
48.12298661865134
 31
0.0
  0
LINE
  5
9B9
330
1F
100
AcDbEntity
  8
0
100
AcDbLine
 10
268.0501977928635
 20
48.12298661865134
 30
0.0
 11
274.1753588408684
 21
46.57294037217707
 31
0.0
  0
LINE
  5
9BA
330
1F
100
AcDbEntity
  8
0
100
AcDbLine
 10
274.1753588408684
 20
46.57294037217707
 30
0.0
 11
290.5767050109158
 21
42.42238092259959
 31
0.0
  0
ARC
  5
9BB
330
1F
100
AcDbEntity
  8
0
100
AcDbCircle
 10
44.47937582197631
 20
165.4645766849394
 30
0.0
 40
275.1422856849656
100
AcDbArc
 50
333.4361536817505
 51
341.4247370161894
  0
ARC
  5
9BC
330
1F
100
AcDbEntity
  8
0
100
AcDbCircle
 10
95.59896955875604
 20
33.4754457112781
 30
0.0
 40
214.326667745507
100
AcDbArc
 50
11.94029345672383
 51
22.33067050115316
  0
LINE
  5
9BD
330
1F
100
AcDbEntity
  8
0
100
AcDbLine
 10
293.8525223070811
 20
114.9091569711736
 30
0.0
 11
293.8525223070811
 21
114.9091569711736
 31
0.0
  0
LINE
  5
9BE
330
1F
100
AcDbEntity
  8
0
100
AcDbLine
 10
243.4969829790122
 20
127.79132404343
 30
0.0
 11
211.0649976380777
 21
119.5840170437557
 31
0.0
  0
LINE
  5
9BF
330
1F
100
AcDbEntity
  8
0
100
AcDbLine
 10
211.0649976380777
 20
119.5840170437557
 30
0.0
 11
209.2489926220861
 21
115.6007934651034
 31
0.0
  0
ARC
  5
9C0
330
1F
100
AcDbEntity
  8
0
100
AcDbCircle
 10
18.04576480818468
 20
21.05695903906303
 30
0.0
 40
213.3007523531814
100
AcDbArc
 50
17.31101105380633
 51
26.31091189374687
  0
LINE
  5
9C1
330
1F
100
AcDbEntity
  8
0
100
AcDbLine
 10
221.6847679211288
 20
84.52637975171455
 30
0.0
 11
257.2721054065479
 21
89.22455088963966
 31
0.0
  0
LINE
  5
9C2
330
1F
100
AcDbEntity
  8
0
100
AcDbLine
 10
257.2721054065479
 20
89.22455088963966
 30
0.0
 11
259.7583487712356
 21
93.04157284977623
 31
0.0
  0
ARC
  5
9C3
330
1F
100
AcDbEntity
  8
0
100
AcDbCircle
 10
128.3946590035634
 20
52.74878368415738
 30
0.0
 40
137.4042497454943
100
AcDbArc
 50
17.05219009185052
 51
33.10289212201543
  0
LINE
  5
9C4
330
1F
100
AcDbEntity
  8
0
100
AcDbLine
 10
243.4969829790122
 20
127.79132404343
 30
0.0
 11
243.4969829790122
 21
127.79132404343
 31
0.0
  0
ARC
  5
9C5
330
1F
100
AcDbEntity
  8
0
100
AcDbCircle
 10
-46.91241045831668
 20
-6.464576684940539
 30
0.0
 40
275.142285684967
100
AcDbArc
 50
19.0628885360001
 51
26.56384631824952
  0
LINE
  5
9C6
330
1F
100
AcDbEntity
  8
0
100
AcDbLine
 10
199.1849187306239
 20
116.5776190774004
 30
0.0
 11
182.783572560577
 21
112.4270596278213
 31
0.0
  0
LINE
  5
9C7
330
1F
100
AcDbEntity
  8
0
100
AcDbLine
 10
182.783572560577
 20
49.07038775147407
 30
0.0
 11
202.4607360267893
 21
44.09084302882638
 31
0.0
  0
ARC
  5
9C8
330
1F
100
AcDbEntity
  8
0
100
AcDbCircle
 10
4.207183278464754
 20
125.5245542887216
 30
0.0
 40
214.3266677455064
100
AcDbArc
 50
337.6693294988468
 51
347.2352948056126
  0
LINE
  5
9C9
330
1F
100
AcDbEntity
  8
0
100
AcDbLine
 10
213.2369057770126
 20
78.16955857472294
 30
0.0
 11
208.3255312064772
 21
77.52116844819738
 31
0.0
  0
LINE
  5
9CA
330
1F
100
AcDbEntity
  8
0
100
AcDbLine
 10
208.3255312064772
 20
77.52116844819738
 30
0.0
 11
208.3373620974886
 21
82.76428117290107
 31
0.0
  0
LINE
  5
9CB
330
1F
100
AcDbEntity
  8
0
100
AcDbLine
 10
208.3373620974886
 20
82.76428117290107
 30
0.0
 11
213.1412534871155
 21
83.3984815787544
 31
0.0
  0
LINE
  5
9CC
330
1F
100
AcDbEntity
  8
0
100
AcDbLine
 10
213.1412534871155
 20
83.3984815787544
 30
0.0
 11
213.1412534871155
 21
83.3984815787544
 31
0.0
  0
LINE
  5
9CD
330
1F
100
AcDbEntity
  8
0
100
AcDbLine
 10
258.0697543493412
 20
80.89363354527609
 30
0.0
 11
255.6621189869396
 21
83.77045277774778
 31
0.0
  0
LINE
  5
9CE
330
1F
100
AcDbEntity
  8
0
100
AcDbLine
 10
255.6621189869396
 20
83.77045277774778
 30
0.0
 11
223.179386392029
 21
79.48214554428614
 31
0.0
  0
ARC
  5
9CF
330
1F
100
AcDbEntity
  8
0
100
AcDbCircle
 10
16.58436780543206
 20
130.7996580897986
 30
0.0
 40
212.8731753853809
100
AcDbArc
 50
336.1978649068142
 51
346.0502499223236
  0
LINE
  5
9D0
330
1F
100
AcDbEntity
  8
0
100
AcDbLine
 10
211.3515363545931
 20
44.88843150096568
 30
0.0
 11
213.0298068953845
 21
41.41621153748497
 31
0.0
  0
LINE
  5
9D1
330
1F
100
AcDbEntity
  8
0
100
AcDbLine
 10
213.0298068953845
 20
41.41621153748497
 30
0.0
 11
237.0023093668816
 21
35.34967921561019
 31
0.0
  0
ARC
  5
9D2
330
1F
100
AcDbEntity
  8
0
100
AcDbCircle
 10
53.40599839125843
 20
147.921144802159
 30
0.0
 40
215.3600247682035
100
AcDbArc
 50
328.4855951924777
 51
341.8663454024102
  0
LINE
  5
9D3
330
1F
100
AcDbEntity
  8
0
100
AcDbLine
 10
258.0697543493412
 20
80.89363354527609
 30
0.0
 11
258.0697543493412
 21
80.89363354527609
 31
0.0
  0
LINE
  5
9D4
330
1F
100
AcDbEntity
  8
0
100
AcDbLine
 10
351.1501350515274
 20
65.95842715022377
 30
0.0
 11
348.6638916868397
 21
69.77544911036034
 31
0.0
  0
LINE
  5
9D5
330
1F
100
AcDbEntity
  8
0
100
AcDbLine
 10
348.6638916868397
 20
69.77544911036034
 30
0.0
 11
313.0765542014207
 21
74.47362024828544
 31
0.0
  0
ARC
  5
9D6
330
1F
100
AcDbEntity
  8
0
100
AcDbCircle
 10
109.4375510884774
 20
137.9430409609381
 30
0.0
 40
213.3007523531809
100
AcDbArc
 50
333.6890881062502
 51
342.6889889461937
  0
LINE
  5
9D7
330
1F
100
AcDbEntity
  8
0
100
AcDbLine
 10
300.640778902378
 20
43.39920653489684
 30
0.0
 11
302.4567839183695
 21
39.41598295624431
 31
0.0
  0
LINE
  5
9D8
330
1F
100
AcDbEntity
  8
0
100
AcDbLine
 10
302.4567839183695
 20
39.41598295624431
 30
0.0
 11
334.888769259304
 21
31.20867595657001
 31
0.0
  0
ARC
  5
9D9
330
1F
100
AcDbEntity
  8
0
100
AcDbCircle
 10
219.786445283855
 20
106.2512163158428
 30
0.0
 40
137.4042497454948
100
AcDbArc
 50
326.8971078779845
 51
342.9478099081495
  0
LINE
  5
9DA
330
1F
100
AcDbEntity
  8
0
100
AcDbLine
 10
351.1501350515274
 20
65.95842715022377
 30
0.0
 11
351.1501350515274
 21
65.95842715022377
 31
0.0
  0
LINE
  5
9DB
330
1F
100
AcDbEntity
  8
0
100
AcDbLine
 10
365.5671451211557
 20
40.81820089134566
 30
0.0
 11
354.1010266039044
 21
43.71984116332169
 31
0.0
  0
ARC
  5
9DC
330
1F
100
AcDbEntity
  8
0
100
AcDbCircle
 10
162.8863208687672
 20
154.2296716111223
 30
0.0
 40
220.8517292551199
100
AcDbArc
 50
322.8338905904603
 51
329.9748435824726
  0
LINE
  5
9DD
330
1F
100
AcDbEntity
  8
0
100
AcDbLine
 10
338.8802812866444
 20
20.80698908896852
 30
0.0
 11
342.601032635071
 21
0.0000000000009095
 31
0.0
  0
LINE
  5
9DE
330
1F
100
AcDbEntity
  8
0
100
AcDbLine
 10
342.601032635071
 20
0.0000000000009095
 30
0.0
 11
365.5671451211539
 21
0.0
 31
0.0
  0
LINE
  5
9DF
330
1F
100
AcDbEntity
  8
0
100
AcDbLine
 10
365.5671451211557
 20
40.81820089134566
 30
0.0
 11
365.5671451211557
 21
40.81820089134566
 31
0.0
  0
LINE
  5
9E0
330
1F
100
AcDbEntity
  8
0
100
AcDbLine
 10
326.9340263560599
 20
26.00105656532083
 30
0.0
 11
295.6521084794209
 21
33.91732505314849
 31
0.0
  0
ARC
  5
9E1
330
1F
100
AcDbEntity
  8
0
100
AcDbCircle
 10
109.4375510884774
 20
137.9430409609349
 30
0.0
 40
213.3007523531795
100
AcDbArc
 50
325.4213997444271
 51
330.8108054344518
  0
LINE
  5
9E2
330
1F
100
AcDbEntity
  8
0
100
AcDbLine
 10
285.0583839336906
 20
16.88712815537997
 30
0.0
 11
287.110909907362
 21
0.0000000000029559
 31
0.0
  0
LINE
  5
9E3
330
1F
100
AcDbEntity
  8
0
100
AcDbLine
 10
287.110909907362
 20
0.0000000000029559
 30
0.0
 11
329.265975709429
 21
0.0000000000013642
 31
0.0
  0
LINE
  5
9E4
330
1F
100
AcDbEntity
  8
0
100
AcDbLine
 10
329.265975709429
 20
0.0000000000013642
 30
0.0
 11
326.9340263560599
 21
26.00105656532083
 31
0.0
  0
LINE
  5
9E5
330
1F
100
AcDbEntity
  8
0
100
AcDbLine
 10
326.9340263560599
 20
26.00105656532083
 30
0.0
 11
326.9340263560599
 21
26.00105656532083
 31
0.0
  0
LINE
  5
9E6
330
1F
100
AcDbEntity
  8
0
100
AcDbLine
 10
285.6128371095484
 20
32.95823261258124
 30
0.0
 11
283.8858256638975
 21
36.89492553911373
 31
0.0
  0
LINE
  5
9E7
330
1F
100
AcDbEntity
  8
0
100
AcDbLine
 10
283.8858256638975
 20
36.89492553911373
 30
0.0
 11
274.175358840872
 21
39.35227686956478
 31
0.0
  0
LINE
  5
9E8
330
1F
100
AcDbEntity
  8
0
100
AcDbLine
 10
274.175358840872
 20
39.35227686956478
 30
0.0
 11
252.8586063328836
 21
44.74673947275846
 31
0.0
  0
ARC
  5
9E9
330
1F
100
AcDbEntity
  8
0
100
AcDbCircle
 10
39.57715921316299
 20
158.7465986325314
 30
0.0
 40
241.8366051157895
100
AcDbArc
 50
323.6838750866057
 51
331.8753028474218
  0
LINE
  5
9EA
330
1F
100
AcDbEntity
  8
0
100
AcDbLine
 10
234.4398183738573
 20
15.52129486691387
 30
0.0
 11
237.5441702096788
 21
0.0
 31
0.0
  0
LINE
  5
9EB
330
1F
100
AcDbEntity
  8
0
100
AcDbLine
 10
237.5441702096788
 20
0.0
 30
0.0
 11
274.1753588408684
 21
0.0
 31
0.0
  0
LINE
  5
9EC
330
1F
100
AcDbEntity
  8
0
100
AcDbLine
 10
274.1753588408684
 20
0.0
 30
0.0
 11
275.6785606695445
 21
0.0
 31
0.0
  0
LINE
  5
9ED
330
1F
100
AcDbEntity
  8
0
100
AcDbLine
 10
275.6785606695445
 20
0.0
 30
0.0
 11
274.6696103574408
 21
14.74718121761066
 31
0.0
  0
ARC
  5
9EE
330
1F
100
AcDbEntity
  8
0
100
AcDbCircle
 10
44.47937582197323
 20
165.4645766849385
 30
0.0
 40
275.1422856849678
100
AcDbArc
 50
326.7851667955384
 51
331.2105653892511
  0
LINE
  5
9EF
330
1F
100
AcDbEntity
  8
0
100
AcDbLine
 10
285.6128371095484
 20
32.95823261258124
 30
0.0
 11
285.6128371095484
 21
32.95823261258124
 31
0.0
  0
LINE
  5
9F0
330
1F
100
AcDbEntity
  8
0
100
AcDbLine
 10
230.4860176673821
 20
25.35439955154493
 30
0.0
 11
229.0614635097369
 21
29.10701965087742
 31
0.0
  0
LINE
  5
9F1
330
1F
100
AcDbEntity
  8
0
100
AcDbLine
 10
229.0614635097369
 20
29.10701965087742
 30
0.0
 11
206.5799758897557
 21
34.79623259193795
 31
0.0
  0
ARC
  5
9F2
330
1F
100
AcDbEntity
  8
0
100
AcDbCircle
 10
16.5843678054324
 20
130.7996580897986
 30
0.0
 40
212.8731753853806
100
AcDbArc
 50
326.6409474257832
 51
333.1928556678164
  0
LINE
  5
9F3
330
1F
100
AcDbEntity
  8
0
100
AcDbLine
 10
194.3847846025502
 20
13.74411321717775
 30
0.0
 11
196.0552965512808
 21
0.0
 31
0.0
  0
LINE
  5
9F4
330
1F
100
AcDbEntity
  8
0
100
AcDbLine
 10
196.0552965512808
 20
0.0
 30
0.0
 11
224.0026502061729
 21
0.0
 31
0.0
  0
LINE
  5
9F5
330
1F
100
AcDbEntity
  8
0
100
AcDbLine
 10
224.0026502061729
 20
0.0
 30
0.0
 11
222.9865790656878
 21
15.17188142836608
 31
0.0
  0
ARC
  5
9F6
330
1F
100
AcDbEntity
  8
0
100
AcDbCircle
 10
53.40599839125616
 20
147.9211448021581
 30
0.0
 40
215.3600247682049
100
AcDbArc
 50
321.9458285127741
 51
325.3107774760405
  0
LINE
  5
9F7
330
1F
100
AcDbEntity
  8
0
100
AcDbLine
 10
230.4860176673821
 20
25.35439955154493
 30
0.0
 11
230.4860176673821
 21
25.35439955154493
 31
0.0
  0
LINE
  5
9F8
330
1F
100
AcDbEntity
  8
0
100
AcDbLine
 10
197.7629751767605
 20
33.48067383208104
 30
0.0
 11
195.8471728721434
 21
37.51229848819026
 31
0.0
  0
LINE
  5
9F9
330
1F
100
AcDbEntity
  8
0
100
AcDbLine
 10
195.8471728721434
 20
37.51229848819026
 30
0.0
 11
182.783572560577
 21
40.81820089134521
 31
0.0
  0
LINE
  5
9FA
330
1F
100
AcDbEntity
  8
0
100
AcDbLine
 10
182.783572560577
 20
0.0
 30
0.0
 11
185.627795835797
 21
0.0
 31
0.0
  0
LINE
  5
9FB
330
1F
100
AcDbEntity
  8
0
100
AcDbLine
 10
185.627795835797
 20
0.0
 30
0.0
 11
184.9233682070918
 21
10.29616797816447
 31
0.0
  0
ARC
  5
9FC
330
1F
100
AcDbEntity
  8
0
100
AcDbCircle
 10
4.207183278466459
 20
125.5245542887203
 30
0.0
 40
214.3266677455043
100
AcDbArc
 50
327.4775710931018
 51
334.5669564259503
  0
LINE
  5
9FD
330
1F
100
AcDbEntity
  8
0
100
AcDbLine
 10
197.7629751767605
 20
33.48067383208104
 30
0.0
 11
197.7629751767605
 21
33.48067383208104
 31
0.0
  0
LINE
  5
9FE
330
1F
100
AcDbEntity
  8
0
100
AcDbLine
 10
366.0613966377251
 20
144.25281878239
 30
0.0
 11
367.0703469498286
 21
158.9999999999963
 31
0.0
  0
LINE
  5
9FF
330
1F
100
AcDbEntity
  8
0
100
AcDbLine
 10
367.0703469498286
 20
158.9999999999963
 30
0.0
 11
365.5671451211539
 21
158.9999999999963
 31
0.0
  0
LINE
  5
A00
330
1F
100
AcDbEntity
  8
0
100
AcDbLine
 10
365.5671451211539
 20
119.6477231304345
 30
0.0
 11
375.2776119441825
 21
122.1050744608862
 31
0.0
  0
LINE
  5
A01
330
1F
100
AcDbEntity
  8
0
100
AcDbLine
 10
375.2776119441825
 20
122.1050744608862
 30
0.0
 11
377.0046233898335
 21
126.041767387419
 31
0.0
  0
ARC
  5
A02
330
1F
100
AcDbEntity
  8
0
100
AcDbCircle
 10
135.8711621022617
 20
-6.464576684938265
 30
0.0
 40
275.1422856849647
100
AcDbArc
 50
28.78943461074891
 51
33.21483320446156
  0
LINE
  5
A03
330
1F
100
AcDbEntity
  8
0
100
AcDbLine
 10
366.0613966377251
 20
144.25281878239
 30
0.0
 11
366.0613966377251
 21
144.25281878239
 31
0.0
  0
LINE
  5
A04
330
1F
100
AcDbEntity
  8
0
100
AcDbLine
 10
420.657761989714
 20
158.9999999999986
 30
0.0
 11
378.5026961876471
 21
158.9999999999968
 31
0.0
  0
LINE
  5
A05
330
1F
100
AcDbEntity
  8
0
100
AcDbLine
 10
378.5026961876471
 20
158.9999999999968
 30
0.0
 11
376.4501702139757
 21
142.11287184462
 31
0.0
  0
ARC
  5
A06
330
1F
100
AcDbEntity
  8
0
100
AcDbCircle
 10
200.8293373687615
 20
21.0569590390644
 30
0.0
 40
213.3007523531808
100
AcDbArc
 50
29.18919456555953
 51
34.57860025557294
  0
LINE
  5
A07
330
1F
100
AcDbEntity
  8
0
100
AcDbLine
 10
387.043894759706
 20
125.0826749468515
 30
0.0
 11
418.3258126363449
 21
132.9989434346791
 31
0.0
  0
LINE
  5
A08
330
1F
100
AcDbEntity
  8
0
100
AcDbLine
 10
418.3258126363449
 20
132.9989434346791
 30
0.0
 11
420.657761989714
 21
158.9999999999986
 31
0.0
  0
LINE
  5
A09
330
1F
100
AcDbEntity
  8
0
100
AcDbLine
 10
420.657761989714
 20
158.9999999999986
 30
0.0
 11
420.657761989714
 21
158.9999999999986
 31
0.0
  0
LINE
  5
A0A
330
1F
100
AcDbEntity
  8
0
100
AcDbLine
 10
459.0987270479605
 20
148.7038320218355
 30
0.0
 11
459.8031546766657
 21
159.0
 31
0.0
  0
LINE
  5
A0B
330
1F
100
AcDbEntity
  8
0
100
AcDbLine
 10
459.8031546766657
 20
159.0
 30
0.0
 11
456.9589314014489
 21
159.0
 31
0.0
  0
LINE
  5
A0C
330
1F
100
AcDbEntity
  8
0
100
AcDbLine
 10
456.9589314014489
 20
159.0
 30
0.0
 11
433.9928189153558
 21
158.9999999999991
 31
0.0
  0
LINE
  5
A0D
330
1F
100
AcDbEntity
  8
0
100
AcDbLine
 10
433.9928189153558
 20
158.9999999999991
 30
0.0
 11
430.2720675669294
 21
138.1930109110315
 31
0.0
  0
ARC
  5
A0E
330
1F
100
AcDbEntity
  8
0
100
AcDbCircle
 10
254.2781071490519
 20
4.770328388878397
 30
0.0
 40
220.8517292551198
100
AcDbArc
 50
30.02515641752738
 51
37.1661094095397
  0
LINE
  5
A0F
330
1F
100
AcDbEntity
  8
0
100
AcDbLine
 10
445.4928128841894
 20
115.2801588366783
 30
0.0
 11
456.9589314014453
 21
118.1817991086554
 31
0.0
  0
LINE
  5
A10
330
1F
100
AcDbEntity
  8
0
100
AcDbLine
 10
456.9589314014453
 20
118.1817991086554
 30
0.0
 11
470.0225317130121
 21
121.4877015118102
 31
0.0
  0
LINE
  5
A11
330
1F
100
AcDbEntity
  8
0
100
AcDbLine
 10
470.0225317130121
 20
121.4877015118102
 30
0.0
 11
471.9383340176292
 21
125.5193261679189
 31
0.0
  0
ARC
  5
A12
330
1F
100
AcDbEntity
  8
0
100
AcDbCircle
 10
278.3825421193347
 20
33.47544571127833
 30
0.0
 40
214.3266677455054
100
AcDbArc
 50
25.4330435740497
 51
32.52242890689828
  0
LINE
  5
A13
330
1F
100
AcDbEntity
  8
0
100
AcDbLine
 10
459.0987270479605
 20
148.7038320218355
 30
0.0
 11
459.0987270479605
 21
148.7038320218355
 31
0.0
  0
LINE
  5
A14
330
1F
100
AcDbEntity
  8
0
100
AcDbLine
 10
497.1619379065565
 20
143.8281185716337
 30
0.0
 11
498.1780090470416
 21
159.0
 31
0.0
  0
LINE
  5
A15
330
1F
100
AcDbEntity
  8
0
100
AcDbLine
 10
498.1780090470416
 20
159.0
 30
0.0
 11
470.2306553921495
 21
159.0
 31
0.0
  0
LINE
  5
A16
330
1F
100
AcDbEntity
  8
0
100
AcDbLine
 10
470.2306553921495
 20
159.0
 30
0.0
 11
468.5601434434189
 21
145.2558867828222
 31
0.0
  0
ARC
  5
A17
330
1F
100
AcDbEntity
  8
0
100
AcDbCircle
 10
290.7597266463032
 20
28.20034191020045
 30
0.0
 40
212.8731753853794
100
AcDbArc
 50
26.80714433218363
 51
33.35905257421675
  0
LINE
  5
A18
330
1F
100
AcDbEntity
  8
0
100
AcDbLine
 10
480.7553347306244
 20
124.2037674080622
 30
0.0
 11
503.2368223506058
 21
129.8929803491225
 31
0.0
  0
LINE
  5
A19
330
1F
100
AcDbEntity
  8
0
100
AcDbLine
 10
503.2368223506058
 20
129.8929803491225
 30
0.0
 11
504.661376508251
 21
133.6456004484546
 31
0.0
  0
ARC
  5
A1A
330
1F
100
AcDbEntity
  8
0
100
AcDbCircle
 10
327.5813572321273
 20
11.07885519784213
 30
0.0
 40
215.3600247682026
100
AcDbArc
 50
34.68922252395945
 51
38.0541714872259
  0
LINE
  5
A1B
330
1F
100
AcDbEntity
  8
0
100
AcDbLine
 10
497.1619379065565
 20
143.8281185716337
 30
0.0
 11
497.1619379065565
 21
143.8281185716337
 31
0.0
  0
LINE
  5
A1C
330
1F
100
AcDbEntity
  8
0
100
AcDbLine
 10
548.3507176817371
 20
159.0
 30
0.0
 11
511.7195290505475
 21
159.0
 31
0.0
  0
LINE
  5
A1D
330
1F
100
AcDbEntity
  8
0
100
AcDbLine
 10
511.7195290505475
 20
159.0
 30
0.0
 11
508.6151772147259
 21
143.4787051330859
 31
0.0
  0
ARC
  5
A1E
330
1F
100
AcDbEntity
  8
0
100
AcDbCircle
 10
313.7525180540309
 20
0.2534013674683138
 30
0.0
 40
241.8366051157903
100
AcDbArc
 50
28.12469715257825
 51
36.31612491339424
  0
LINE
  5
A1F
330
1F
100
AcDbEntity
  8
0
100
AcDbLine
 10
527.0339651737523
 20
114.2532605272415
 30
0.0
 11
548.3507176817357
 21
119.647723130435
 31
0.0
  0
LINE
  5
A20
330
1F
100
AcDbEntity
  8
0
100
AcDbLine
 10
548.3507176817371
 20
159.0
 30
0.0
 11
548.3507176817371
 21
159.0
 31
0.0
  0
LINE
  5
A21
330
1F
100
AcDbEntity
  8
0
100
AcDbLine
 10
548.3507176817353
 20
112.4270596278224
 30
0.0
 11
542.2255566337322
 21
110.8770133813477
 31
0.0
  0
LINE
  5
A22
330
1F
100
AcDbEntity
  8
0
100
AcDbLine
 10
542.2255566337322
 20
110.8770133813477
 30
0.0
 11
530.3269569361392
 21
107.8659285045569
 31
0.0
  0
ARC
  5
A23
330
1F
100
AcDbEntity
  8
0
100
AcDbCircle
 10
313.7525180540316
 20
0.2534013674680864
 30
0.0
 40
241.8366051157899
100
AcDbArc
 50
19.13631246398551
 51
26.42207891277804
  0
ARC
  5
A24
330
1F
100
AcDbEntity
  8
0
100
AcDbCircle
 10
313.7525180540359
 20
0.2534013674664948
 30
0.0
 40
241.8366051157863
100
AcDbArc
 50
15.21100042832071
 51
19.13631246398551
  0
ARC
  5
A25
330
1F
100
AcDbEntity
  8
0
100
AcDbCircle
 10
345.6698934293419
 20
154.2296716111243
 30
0.0
 40
220.8517292551228
100
AcDbArc
 50
333.0291673319346
 51
335.802186398771
  0
LINE
  5
A26
330
1F
100
AcDbEntity
  8
0
100
AcDbLine
 10
542.5012408639323
 20
54.06527183724438
 30
0.0
 11
544.282234506321
 21
50.09996673322735
 31
0.0
  0
LINE
  5
A27
330
1F
100
AcDbEntity
  8
0
100
AcDbLine
 10
544.282234506321
 20
50.09996673322735
 30
0.0
 11
548.3507176817328
 21
49.07038775147544
 31
0.0
  0
LINE
  5
A28
330
1F
100
AcDbEntity
  8
0
100
AcDbLine
 10
548.3507176817353
 20
112.4270596278224
 30
0.0
 11
548.3507176817353
 21
112.4270596278224
 31
0.0
  0
LINE
  5
A29
330
1F
100
AcDbEntity
  8
0
100
AcDbLine
 10
511.1776682077503
 20
123.6503207843898
 30
0.0
 11
487.2051657362532
 21
117.583788462515
 31
0.0
  0
LINE
  5
A2A
330
1F
100
AcDbEntity
  8
0
100
AcDbLine
 10
487.2051657362532
 20
117.583788462515
 30
0.0
 11
485.526895195462
 21
114.1115684990336
 31
0.0
  0
ARC
  5
A2B
330
1F
100
AcDbEntity
  8
0
100
AcDbCircle
 10
290.7597266463018
 20
28.20034191019999
 30
0.0
 40
212.8731753853804
100
AcDbArc
 50
13.94975007767635
 51
23.80213509318581
  0
LINE
  5
A2C
330
1F
100
AcDbEntity
  8
0
100
AcDbLine
 10
497.3547452328976
 20
79.51785445571386
 30
0.0
 11
529.8374778278081
 21
75.22954722225222
 31
0.0
  0
LINE
  5
A2D
330
1F
100
AcDbEntity
  8
0
100
AcDbLine
 10
529.8374778278081
 20
75.22954722225222
 30
0.0
 11
532.2451131902099
 21
78.10636645472391
 31
0.0
  0
ARC
  5
A2E
330
1F
100
AcDbEntity
  8
0
100
AcDbCircle
 10
327.5813572321271
 20
11.07885519784099
 30
0.0
 40
215.3600247682036
100
AcDbArc
 50
18.13365459758978
 51
31.51440480752226
  0
LINE
  5
A2F
330
1F
100
AcDbEntity
  8
0
100
AcDbLine
 10
511.1776682077503
 20
123.6503207843898
 30
0.0
 11
511.1776682077503
 21
123.6503207843898
 31
0.0
  0
LINE
  5
A30
330
1F
100
AcDbEntity
  8
0
100
AcDbLine
 10
476.636094867658
 20
114.9091569711736
 30
0.0
 11
456.9589314014489
 21
109.9296122485266
 31
0.0
  0
LINE
  5
A31
330
1F
100
AcDbEntity
  8
0
100
AcDbLine
 10
456.9589314014489
 20
109.9296122485266
 30
0.0
 11
452.8904482260296
 21
108.9000332667726
 31
0.0
  0
LINE
  5
A32
330
1F
100
AcDbEntity
  8
0
100
AcDbLine
 10
452.8904482260296
 20
108.9000332667726
 30
0.0
 11
451.1094545836405
 21
104.9347281627554
 31
0.0
  0
ARC
  5
A33
330
1F
100
AcDbEntity
  8
0
100
AcDbCircle
 10
254.2781071490582
 20
4.77032838887294
 30
0.0
 40
220.8517292551168
100
AcDbArc
 50
24.19781360122905
 51
26.97083266806536
  0
ARC
  5
A34
330
1F
100
AcDbEntity
  8
0
100
AcDbCircle
 10
222.3607317737373
 20
158.7465986325326
 30
0.0
 40
241.8366051157926
100
AcDbArc
 50
340.8636875360145
 51
344.7889995716792
  0
ARC
  5
A35
330
1F
100
AcDbEntity
  8
0
100
AcDbCircle
 10
222.3607317737416
 20
158.7465986325326
 30
0.0
 40
241.8366051157886
100
AcDbArc
 50
333.577921087222
 51
340.8636875360145
  0
LINE
  5
A36
330
1F
100
AcDbEntity
  8
0
100
AcDbLine
 10
438.9351706558469
 20
51.13407149544241
 30
0.0
 11
450.8337703534404
 21
48.12298661865134
 31
0.0
  0
LINE
  5
A37
330
1F
100
AcDbEntity
  8
0
100
AcDbLine
 10
450.8337703534404
 20
48.12298661865134
 30
0.0
 11
456.9589314014453
 21
46.57294037217707
 31
0.0
  0
LINE
  5
A38
330
1F
100
AcDbEntity
  8
0
100
AcDbLine
 10
456.9589314014453
 20
46.57294037217707
 30
0.0
 11
473.3602775714927
 21
42.42238092259959
 31
0.0
  0
ARC
  5
A39
330
1F
100
AcDbEntity
  8
0
100
AcDbCircle
 10
227.2629483825532
 20
165.4645766849394
 30
0.0
 40
275.1422856849656
100
AcDbArc
 50
333.4361536817505
 51
341.4247370161894
  0
ARC
  5
A3A
330
1F
100
AcDbEntity
  8
0
100
AcDbCircle
 10
278.3825421193329
 20
33.4754457112781
 30
0.0
 40
214.326667745507
100
AcDbArc
 50
11.94029345672383
 51
22.33067050115316
  0
LINE
  5
A3B
330
1F
100
AcDbEntity
  8
0
100
AcDbLine
 10
476.636094867658
 20
114.9091569711736
 30
0.0
 11
476.636094867658
 21
114.9091569711736
 31
0.0
  0
LINE
  5
A3C
330
1F
100
AcDbEntity
  8
0
100
AcDbLine
 10
426.280555539589
 20
127.79132404343
 30
0.0
 11
393.8485701986546
 21
119.5840170437557
 31
0.0
  0
LINE
  5
A3D
330
1F
100
AcDbEntity
  8
0
100
AcDbLine
 10
393.8485701986546
 20
119.5840170437557
 30
0.0
 11
392.032565182663
 21
115.6007934651034
 31
0.0
  0
ARC
  5
A3E
330
1F
100
AcDbEntity
  8
0
100
AcDbCircle
 10
200.8293373687617
 20
21.05695903906303
 30
0.0
 40
213.3007523531814
100
AcDbArc
 50
17.31101105380633
 51
26.31091189374687
  0
LINE
  5
A3F
330
1F
100
AcDbEntity
  8
0
100
AcDbLine
 10
404.4683404817057
 20
84.52637975171455
 30
0.0
 11
440.0556779671247
 21
89.22455088963966
 31
0.0
  0
LINE
  5
A40
330
1F
100
AcDbEntity
  8
0
100
AcDbLine
 10
440.0556779671247
 20
89.22455088963966
 30
0.0
 11
442.5419213318124
 21
93.04157284977623
 31
0.0
  0
ARC
  5
A41
330
1F
100
AcDbEntity
  8
0
100
AcDbCircle
 10
311.1782315641404
 20
52.74878368415738
 30
0.0
 40
137.4042497454943
100
AcDbArc
 50
17.05219009185052
 51
33.10289212201543
  0
LINE
  5
A42
330
1F
100
AcDbEntity
  8
0
100
AcDbLine
 10
426.280555539589
 20
127.79132404343
 30
0.0
 11
426.280555539589
 21
127.79132404343
 31
0.0
  0
ARC
  5
A43
330
1F
100
AcDbEntity
  8
0
100
AcDbCircle
 10
135.8711621022602
 20
-6.464576684940539
 30
0.0
 40
275.142285684967
100
AcDbArc
 50
19.0628885360001
 51
26.56384631824952
  0
LINE
  5
A44
330
1F
100
AcDbEntity
  8
0
100
AcDbLine
 10
381.9684912912009
 20
116.5776190774004
 30
0.0
 11
365.5671451211539
 21
112.4270596278213
 31
0.0
  0
LINE
  5
A45
330
1F
100
AcDbEntity
  8
0
100
AcDbLine
 10
365.5671451211539
 20
49.07038775147407
 30
0.0
 11
385.2443085873662
 21
44.09084302882638
 31
0.0
  0
ARC
  5
A46
330
1F
100
AcDbEntity
  8
0
100
AcDbCircle
 10
186.9907558390416
 20
125.5245542887216
 30
0.0
 40
214.3266677455064
100
AcDbArc
 50
337.6693294988468
 51
347.2352948056126
  0
LINE
  5
A47
330
1F
100
AcDbEntity
  8
0
100
AcDbLine
 10
396.0204783375894
 20
78.16955857472294
 30
0.0
 11
391.1091037670541
 21
77.52116844819738
 31
0.0
  0
LINE
  5
A48
330
1F
100
AcDbEntity
  8
0
100
AcDbLine
 10
391.1091037670541
 20
77.52116844819738
 30
0.0
 11
391.1209346580655
 21
82.76428117290107
 31
0.0
  0
LINE
  5
A49
330
1F
100
AcDbEntity
  8
0
100
AcDbLine
 10
391.1209346580655
 20
82.76428117290107
 30
0.0
 11
395.9248260476924
 21
83.3984815787544
 31
0.0
  0
LINE
  5
A4A
330
1F
100
AcDbEntity
  8
0
100
AcDbLine
 10
395.9248260476924
 20
83.3984815787544
 30
0.0
 11
395.9248260476924
 21
83.3984815787544
 31
0.0
  0
LINE
  5
A4B
330
1F
100
AcDbEntity
  8
0
100
AcDbLine
 10
440.8533269099181
 20
80.89363354527609
 30
0.0
 11
438.4456915475165
 21
83.77045277774778
 31
0.0
  0
LINE
  5
A4C
330
1F
100
AcDbEntity
  8
0
100
AcDbLine
 10
438.4456915475165
 20
83.77045277774778
 30
0.0
 11
405.9629589526058
 21
79.48214554428614
 31
0.0
  0
ARC
  5
A4D
330
1F
100
AcDbEntity
  8
0
100
AcDbCircle
 10
199.367940366009
 20
130.7996580897986
 30
0.0
 40
212.8731753853809
100
AcDbArc
 50
336.1978649068142
 51
346.0502499223236
  0
LINE
  5
A4E
330
1F
100
AcDbEntity
  8
0
100
AcDbLine
 10
394.13510891517
 20
44.88843150096568
 30
0.0
 11
395.8133794559614
 21
41.41621153748497
 31
0.0
  0
LINE
  5
A4F
330
1F
100
AcDbEntity
  8
0
100
AcDbLine
 10
395.8133794559614
 20
41.41621153748497
 30
0.0
 11
419.7858819274585
 21
35.34967921561019
 31
0.0
  0
ARC
  5
A50
330
1F
100
AcDbEntity
  8
0
100
AcDbCircle
 10
236.1895709518354
 20
147.921144802159
 30
0.0
 40
215.3600247682035
100
AcDbArc
 50
328.4855951924777
 51
341.8663454024102
  0
LINE
  5
A51
330
1F
100
AcDbEntity
  8
0
100
AcDbLine
 10
440.8533269099181
 20
80.89363354527609
 30
0.0
 11
440.8533269099181
 21
80.89363354527609
 31
0.0
  0
LINE
  5
A52
330
1F
100
AcDbEntity
  8
0
100
AcDbLine
 10
533.9337076121043
 20
65.95842715022377
 30
0.0
 11
531.4474642474166
 21
69.77544911036034
 31
0.0
  0
LINE
  5
A53
330
1F
100
AcDbEntity
  8
0
100
AcDbLine
 10
531.4474642474166
 20
69.77544911036034
 30
0.0
 11
495.8601267619975
 21
74.47362024828544
 31
0.0
  0
ARC
  5
A54
330
1F
100
AcDbEntity
  8
0
100
AcDbCircle
 10
292.2211236490544
 20
137.9430409609381
 30
0.0
 40
213.3007523531809
100
AcDbArc
 50
333.6890881062502
 51
342.6889889461937
  0
LINE
  5
A55
330
1F
100
AcDbEntity
  8
0
100
AcDbLine
 10
483.4243514629548
 20
43.39920653489684
 30
0.0
 11
485.2403564789463
 21
39.41598295624431
 31
0.0
  0
LINE
  5
A56
330
1F
100
AcDbEntity
  8
0
100
AcDbLine
 10
485.2403564789463
 20
39.41598295624431
 30
0.0
 11
517.6723418198808
 21
31.20867595657001
 31
0.0
  0
ARC
  5
A57
330
1F
100
AcDbEntity
  8
0
100
AcDbCircle
 10
402.5700178444318
 20
106.2512163158428
 30
0.0
 40
137.4042497454948
100
AcDbArc
 50
326.8971078779845
 51
342.9478099081495
  0
LINE
  5
A58
330
1F
100
AcDbEntity
  8
0
100
AcDbLine
 10
533.9337076121043
 20
65.95842715022377
 30
0.0
 11
533.9337076121043
 21
65.95842715022377
 31
0.0
  0
LINE
  5
A59
330
1F
100
AcDbEntity
  8
0
100
AcDbLine
 10
548.3507176817325
 20
40.81820089134566
 30
0.0
 11
536.8845991644812
 21
43.71984116332169
 31
0.0
  0
ARC
  5
A5A
330
1F
100
AcDbEntity
  8
0
100
AcDbCircle
 10
345.6698934293441
 20
154.2296716111223
 30
0.0
 40
220.8517292551199
100
AcDbArc
 50
322.8338905904603
 51
329.9748435824726
  0
LINE
  5
A5B
330
1F
100
AcDbEntity
  8
0
100
AcDbLine
 10
521.6638538472213
 20
20.80698908896852
 30
0.0
 11
525.3846051956478
 21
0.0000000000009095
 31
0.0
  0
LINE
  5
A5C
330
1F
100
AcDbEntity
  8
0
100
AcDbLine
 10
525.3846051956478
 20
0.0000000000009095
 30
0.0
 11
548.3507176817307
 21
0.0
 31
0.0
  0
LINE
  5
A5D
330
1F
100
AcDbEntity
  8
0
100
AcDbLine
 10
548.3507176817325
 20
40.81820089134566
 30
0.0
 11
548.3507176817325
 21
40.81820089134566
 31
0.0
  0
LINE
  5
A5E
330
1F
100
AcDbEntity
  8
0
100
AcDbLine
 10
509.7175989166368
 20
26.00105656532083
 30
0.0
 11
478.4356810399978
 21
33.91732505314849
 31
0.0
  0
ARC
  5
A5F
330
1F
100
AcDbEntity
  8
0
100
AcDbCircle
 10
292.2211236490544
 20
137.9430409609349
 30
0.0
 40
213.3007523531795
100
AcDbArc
 50
325.4213997444271
 51
330.8108054344405
  0
LINE
  5
A60
330
1F
100
AcDbEntity
  8
0
100
AcDbLine
 10
467.8419564942674
 20
16.88712815537997
 30
0.0
 11
469.8944824679389
 21
0.0000000000029559
 31
0.0
  0
LINE
  5
A61
330
1F
100
AcDbEntity
  8
0
100
AcDbLine
 10
469.8944824679389
 20
0.0000000000029559
 30
0.0
 11
512.0495482700058
 21
0.0000000000013642
 31
0.0
  0
LINE
  5
A62
330
1F
100
AcDbEntity
  8
0
100
AcDbLine
 10
512.0495482700058
 20
0.0000000000013642
 30
0.0
 11
509.7175989166368
 21
26.00105656532083
 31
0.0
  0
LINE
  5
A63
330
1F
100
AcDbEntity
  8
0
100
AcDbLine
 10
509.7175989166368
 20
26.00105656532083
 30
0.0
 11
509.7175989166368
 21
26.00105656532083
 31
0.0
  0
LINE
  5
A64
330
1F
100
AcDbEntity
  8
0
100
AcDbLine
 10
468.3964096701252
 20
32.95823261258124
 30
0.0
 11
466.6693982244743
 21
36.89492553911373
 31
0.0
  0
LINE
  5
A65
330
1F
100
AcDbEntity
  8
0
100
AcDbLine
 10
466.6693982244743
 20
36.89492553911373
 30
0.0
 11
456.9589314014489
 21
39.35227686956478
 31
0.0
  0
LINE
  5
A66
330
1F
100
AcDbEntity
  8
0
100
AcDbLine
 10
456.9589314014489
 20
39.35227686956478
 30
0.0
 11
435.6421788934604
 21
44.74673947275846
 31
0.0
  0
ARC
  5
A67
330
1F
100
AcDbEntity
  8
0
100
AcDbCircle
 10
222.3607317737398
 20
158.7465986325314
 30
0.0
 40
241.8366051157895
100
AcDbArc
 50
323.6838750866057
 51
331.8753028474218
  0
LINE
  5
A68
330
1F
100
AcDbEntity
  8
0
100
AcDbLine
 10
417.2233909344341
 20
15.52129486691387
 30
0.0
 11
420.3277427702556
 21
0.0
 31
0.0
  0
LINE
  5
A69
330
1F
100
AcDbEntity
  8
0
100
AcDbLine
 10
420.3277427702556
 20
0.0
 30
0.0
 11
456.9589314014453
 21
0.0
 31
0.0
  0
LINE
  5
A6A
330
1F
100
AcDbEntity
  8
0
100
AcDbLine
 10
456.9589314014453
 20
0.0
 30
0.0
 11
458.4621332301213
 21
0.0
 31
0.0
  0
LINE
  5
A6B
330
1F
100
AcDbEntity
  8
0
100
AcDbLine
 10
458.4621332301213
 20
0.0
 30
0.0
 11
457.4531829180176
 21
14.74718121761066
 31
0.0
  0
ARC
  5
A6C
330
1F
100
AcDbEntity
  8
0
100
AcDbCircle
 10
227.26294838255
 20
165.4645766849385
 30
0.0
 40
275.1422856849678
100
AcDbArc
 50
326.7851667955384
 51
331.2105653892511
  0
LINE
  5
A6D
330
1F
100
AcDbEntity
  8
0
100
AcDbLine
 10
468.3964096701252
 20
32.95823261258124
 30
0.0
 11
468.3964096701252
 21
32.95823261258124
 31
0.0
  0
LINE
  5
A6E
330
1F
100
AcDbEntity
  8
0
100
AcDbLine
 10
413.2695902279589
 20
25.35439955154493
 30
0.0
 11
411.8450360703137
 21
29.10701965087742
 31
0.0
  0
LINE
  5
A6F
330
1F
100
AcDbEntity
  8
0
100
AcDbLine
 10
411.8450360703137
 20
29.10701965087742
 30
0.0
 11
389.3635484503326
 21
34.79623259193795
 31
0.0
  0
ARC
  5
A70
330
1F
100
AcDbEntity
  8
0
100
AcDbCircle
 10
199.3679403660093
 20
130.7996580897986
 30
0.0
 40
212.8731753853806
100
AcDbArc
 50
326.6409474257832
 51
333.1928556678164
  0
LINE
  5
A71
330
1F
100
AcDbEntity
  8
0
100
AcDbLine
 10
377.1683571631271
 20
13.74411321717775
 30
0.0
 11
378.8388691118577
 21
0.0
 31
0.0
  0
LINE
  5
A72
330
1F
100
AcDbEntity
  8
0
100
AcDbLine
 10
378.8388691118577
 20
0.0
 30
0.0
 11
406.7862227667498
 21
0.0
 31
0.0
  0
LINE
  5
A73
330
1F
100
AcDbEntity
  8
0
100
AcDbLine
 10
406.7862227667498
 20
0.0
 30
0.0
 11
405.7701516262646
 21
15.17188142836608
 31
0.0
  0
ARC
  5
A74
330
1F
100
AcDbEntity
  8
0
100
AcDbCircle
 10
236.1895709518332
 20
147.9211448021581
 30
0.0
 40
215.3600247682049
100
AcDbArc
 50
321.9458285127741
 51
325.3107774760405
  0
LINE
  5
A75
330
1F
100
AcDbEntity
  8
0
100
AcDbLine
 10
413.2695902279589
 20
25.35439955154493
 30
0.0
 11
413.2695902279589
 21
25.35439955154493
 31
0.0
  0
LINE
  5
A76
330
1F
100
AcDbEntity
  8
0
100
AcDbLine
 10
380.5465477373374
 20
33.48067383208104
 30
0.0
 11
378.6307454327204
 21
37.51229848819026
 31
0.0
  0
LINE
  5
A77
330
1F
100
AcDbEntity
  8
0
100
AcDbLine
 10
378.6307454327204
 20
37.51229848819026
 30
0.0
 11
365.5671451211539
 21
40.81820089134521
 31
0.0
  0
LINE
  5
A78
330
1F
100
AcDbEntity
  8
0
100
AcDbLine
 10
365.5671451211539
 20
0.0
 30
0.0
 11
368.4113683963738
 21
0.0
 31
0.0
  0
LINE
  5
A79
330
1F
100
AcDbEntity
  8
0
100
AcDbLine
 10
368.4113683963738
 20
0.0
 30
0.0
 11
367.7069407676687
 21
10.29616797816447
 31
0.0
  0
ARC
  5
A7A
330
1F
100
AcDbEntity
  8
0
100
AcDbCircle
 10
186.9907558390433
 20
125.5245542887203
 30
0.0
 40
214.3266677455043
100
AcDbArc
 50
327.4775710931018
 51
334.5669564259503
  0
LINE
  5
A7B
330
1F
100
AcDbEntity
  8
0
100
AcDbLine
 10
380.5465477373374
 20
33.48067383208104
 30
0.0
 11
380.5465477373374
 21
33.48067383208104
 31
0.0
  0
LINE
  5
A7C
330
1F
100
AcDbEntity
  8
0
100
AcDbLine
 10
548.844969198302
 20
144.25281878239
 30
0.0
 11
549.8539195104054
 21
158.9999999999963
 31
0.0
  0
LINE
  5
A7D
330
1F
100
AcDbEntity
  8
0
100
AcDbLine
 10
549.8539195104054
 20
158.9999999999963
 30
0.0
 11
548.3507176817307
 21
158.9999999999963
 31
0.0
  0
LINE
  5
A7E
330
1F
100
AcDbEntity
  8
0
100
AcDbLine
 10
548.3507176817307
 20
119.6477231304345
 30
0.0
 11
558.0611845047593
 21
122.1050744608862
 31
0.0
  0
LINE
  5
A7F
330
1F
100
AcDbEntity
  8
0
100
AcDbLine
 10
558.0611845047593
 20
122.1050744608862
 30
0.0
 11
559.7881959504103
 21
126.041767387419
 31
0.0
  0
ARC
  5
A80
330
1F
100
AcDbEntity
  8
0
100
AcDbCircle
 10
318.6547346628387
 20
-6.464576684938265
 30
0.0
 40
275.1422856849647
100
AcDbArc
 50
28.78943461074891
 51
33.21483320446156
  0
LINE
  5
A81
330
1F
100
AcDbEntity
  8
0
100
AcDbLine
 10
548.844969198302
 20
144.25281878239
 30
0.0
 11
548.844969198302
 21
144.25281878239
 31
0.0
  0
LINE
  5
A82
330
1F
100
AcDbEntity
  8
0
100
AcDbLine
 10
603.4413345502908
 20
158.9999999999986
 30
0.0
 11
561.2862687482239
 21
158.9999999999968
 31
0.0
  0
LINE
  5
A83
330
1F
100
AcDbEntity
  8
0
100
AcDbLine
 10
561.2862687482239
 20
158.9999999999968
 30
0.0
 11
559.2337427745525
 21
142.11287184462
 31
0.0
  0
ARC
  5
A84
330
1F
100
AcDbEntity
  8
0
100
AcDbCircle
 10
383.6129099293383
 20
21.0569590390644
 30
0.0
 40
213.3007523531808
100
AcDbArc
 50
29.18919456554815
 51
34.57860025557294
  0
LINE
  5
A85
330
1F
100
AcDbEntity
  8
0
100
AcDbLine
 10
569.8274673202828
 20
125.0826749468515
 30
0.0
 11
601.1093851969218
 21
132.9989434346791
 31
0.0
  0
LINE
  5
A86
330
1F
100
AcDbEntity
  8
0
100
AcDbLine
 10
601.1093851969218
 20
132.9989434346791
 30
0.0
 11
603.4413345502908
 21
158.9999999999986
 31
0.0
  0
LINE
  5
A87
330
1F
100
AcDbEntity
  8
0
100
AcDbLine
 10
603.4413345502908
 20
158.9999999999986
 30
0.0
 11
603.4413345502908
 21
158.9999999999986
 31
0.0
  0
LINE
  5
A88
330
1F
100
AcDbEntity
  8
0
100
AcDbLine
 10
641.8822996085374
 20
148.7038320218355
 30
0.0
 11
642.5867272372426
 21
159.0
 31
0.0
  0
LINE
  5
A89
330
1F
100
AcDbEntity
  8
0
100
AcDbLine
 10
642.5867272372426
 20
159.0
 30
0.0
 11
639.7425039620258
 21
159.0
 31
0.0
  0
LINE
  5
A8A
330
1F
100
AcDbEntity
  8
0
100
AcDbLine
 10
639.7425039620258
 20
159.0
 30
0.0
 11
616.7763914759326
 21
158.9999999999991
 31
0.0
  0
LINE
  5
A8B
330
1F
100
AcDbEntity
  8
0
100
AcDbLine
 10
616.7763914759326
 20
158.9999999999991
 30
0.0
 11
613.0556401275063
 21
138.1930109110315
 31
0.0
  0
ARC
  5
A8C
330
1F
100
AcDbEntity
  8
0
100
AcDbCircle
 10
437.0616797096287
 20
4.770328388878397
 30
0.0
 40
220.8517292551198
100
AcDbArc
 50
30.02515641752738
 51
37.1661094095397
  0
LINE
  5
A8D
330
1F
100
AcDbEntity
  8
0
100
AcDbLine
 10
628.2763854447663
 20
115.2801588366783
 30
0.0
 11
639.7425039620221
 21
118.1817991086554
 31
0.0
  0
LINE
  5
A8E
330
1F
100
AcDbEntity
  8
0
100
AcDbLine
 10
639.7425039620221
 20
118.1817991086554
 30
0.0
 11
652.8061042735891
 21
121.4877015118102
 31
0.0
  0
LINE
  5
A8F
330
1F
100
AcDbEntity
  8
0
100
AcDbLine
 10
652.8061042735891
 20
121.4877015118102
 30
0.0
 11
654.7219065782061
 21
125.5193261679189
 31
0.0
  0
ARC
  5
A90
330
1F
100
AcDbEntity
  8
0
100
AcDbCircle
 10
461.1661146799116
 20
33.47544571127833
 30
0.0
 40
214.3266677455054
100
AcDbArc
 50
25.4330435740497
 51
32.52242890689828
  0
LINE
  5
A91
330
1F
100
AcDbEntity
  8
0
100
AcDbLine
 10
641.8822996085374
 20
148.7038320218355
 30
0.0
 11
641.8822996085374
 21
148.7038320218355
 31
0.0
  0
LINE
  5
A92
330
1F
100
AcDbEntity
  8
0
100
AcDbLine
 10
679.9455104671334
 20
143.8281185716337
 30
0.0
 11
680.9615816076185
 21
159.0
 31
0.0
  0
LINE
  5
A93
330
1F
100
AcDbEntity
  8
0
100
AcDbLine
 10
680.9615816076185
 20
159.0
 30
0.0
 11
653.0142279527264
 21
159.0
 31
0.0
  0
LINE
  5
A94
330
1F
100
AcDbEntity
  8
0
100
AcDbLine
 10
653.0142279527264
 20
159.0
 30
0.0
 11
651.3437160039958
 21
145.2558867828222
 31
0.0
  0
ARC
  5
A95
330
1F
100
AcDbEntity
  8
0
100
AcDbCircle
 10
473.54329920688
 20
28.20034191020045
 30
0.0
 40
212.8731753853794
100
AcDbArc
 50
26.80714433218363
 51
33.35905257421675
  0
LINE
  5
A96
330
1F
100
AcDbEntity
  8
0
100
AcDbLine
 10
663.5389072912013
 20
124.2037674080622
 30
0.0
 11
686.0203949111827
 21
129.8929803491225
 31
0.0
  0
LINE
  5
A97
330
1F
100
AcDbEntity
  8
0
100
AcDbLine
 10
686.0203949111827
 20
129.8929803491225
 30
0.0
 11
687.4449490688278
 21
133.6456004484546
 31
0.0
  0
ARC
  5
A98
330
1F
100
AcDbEntity
  8
0
100
AcDbCircle
 10
510.3649297927042
 20
11.07885519784213
 30
0.0
 40
215.3600247682026
100
AcDbArc
 50
34.68922252395945
 51
38.0541714872259
  0
LINE
  5
A99
330
1F
100
AcDbEntity
  8
0
100
AcDbLine
 10
679.9455104671334
 20
143.8281185716337
 30
0.0
 11
679.9455104671334
 21
143.8281185716337
 31
0.0
  0
LINE
  5
A9A
330
1F
100
AcDbEntity
  8
0
100
AcDbLine
 10
731.134290242314
 20
159.0
 30
0.0
 11
694.5031016111244
 21
159.0
 31
0.0
  0
LINE
  5
A9B
330
1F
100
AcDbEntity
  8
0
100
AcDbLine
 10
694.5031016111244
 20
159.0
 30
0.0
 11
691.3987497753029
 21
143.4787051330859
 31
0.0
  0
ARC
  5
A9C
330
1F
100
AcDbEntity
  8
0
100
AcDbCircle
 10
496.5360906146078
 20
0.2534013674683138
 30
0.0
 40
241.8366051157903
100
AcDbArc
 50
28.12469715257825
 51
36.31612491339424
  0
LINE
  5
A9D
330
1F
100
AcDbEntity
  8
0
100
AcDbLine
 10
709.8175377343292
 20
114.2532605272415
 30
0.0
 11
731.1342902423127
 21
119.647723130435
 31
0.0
  0
LINE
  5
A9E
330
1F
100
AcDbEntity
  8
0
100
AcDbLine
 10
731.134290242314
 20
159.0
 30
0.0
 11
731.134290242314
 21
159.0
 31
0.0
  0
LINE
  5
A9F
330
1F
100
AcDbEntity
  8
0
100
AcDbLine
 10
731.1342902423121
 20
112.4270596278224
 30
0.0
 11
725.0091291943091
 21
110.8770133813477
 31
0.0
  0
LINE
  5
AA0
330
1F
100
AcDbEntity
  8
0
100
AcDbLine
 10
725.0091291943091
 20
110.8770133813477
 30
0.0
 11
713.1105294967161
 21
107.8659285045569
 31
0.0
  0
ARC
  5
AA1
330
1F
100
AcDbEntity
  8
0
100
AcDbCircle
 10
496.5360906146084
 20
0.2534013674680864
 30
0.0
 40
241.8366051157899
100
AcDbArc
 50
19.13631246398551
 51
26.42207891277804
  0
ARC
  5
AA2
330
1F
100
AcDbEntity
  8
0
100
AcDbCircle
 10
496.5360906146128
 20
0.2534013674664948
 30
0.0
 40
241.8366051157863
100
AcDbArc
 50
15.21100042832071
 51
19.13631246398551
  0
ARC
  5
AA3
330
1F
100
AcDbEntity
  8
0
100
AcDbCircle
 10
528.4534659899187
 20
154.2296716111243
 30
0.0
 40
220.8517292551228
100
AcDbArc
 50
333.0291673319346
 51
335.802186398771
  0
LINE
  5
AA4
330
1F
100
AcDbEntity
  8
0
100
AcDbLine
 10
725.2848134245092
 20
54.06527183724438
 30
0.0
 11
727.0658070668979
 21
50.09996673322735
 31
0.0
  0
LINE
  5
AA5
330
1F
100
AcDbEntity
  8
0
100
AcDbLine
 10
727.0658070668979
 20
50.09996673322735
 30
0.0
 11
731.1342902423096
 21
49.07038775147544
 31
0.0
  0
LINE
  5
AA6
330
1F
100
AcDbEntity
  8
0
100
AcDbLine
 10
731.1342902423121
 20
112.4270596278224
 30
0.0
 11
731.1342902423121
 21
112.4270596278224
 31
0.0
  0
LINE
  5
AA7
330
1F
100
AcDbEntity
  8
0
100
AcDbLine
 10
693.9612407683272
 20
123.6503207843898
 30
0.0
 11
669.98873829683
 21
117.583788462515
 31
0.0
  0
LINE
  5
AA8
330
1F
100
AcDbEntity
  8
0
100
AcDbLine
 10
669.98873829683
 20
117.583788462515
 30
0.0
 11
668.310467756039
 21
114.1115684990336
 31
0.0
  0
ARC
  5
AA9
330
1F
100
AcDbEntity
  8
0
100
AcDbCircle
 10
473.5432992068787
 20
28.20034191019999
 30
0.0
 40
212.8731753853804
100
AcDbArc
 50
13.94975007767635
 51
23.80213509318581
  0
LINE
  5
AAA
330
1F
100
AcDbEntity
  8
0
100
AcDbLine
 10
680.1383177934745
 20
79.51785445571386
 30
0.0
 11
712.621050388385
 21
75.22954722225222
 31
0.0
  0
LINE
  5
AAB
330
1F
100
AcDbEntity
  8
0
100
AcDbLine
 10
712.621050388385
 20
75.22954722225222
 30
0.0
 11
715.0286857507868
 21
78.10636645472391
 31
0.0
  0
ARC
  5
AAC
330
1F
100
AcDbEntity
  8
0
100
AcDbCircle
 10
510.3649297927039
 20
11.07885519784099
 30
0.0
 40
215.3600247682036
100
AcDbArc
 50
18.13365459758978
 51
31.51440480752226
  0
LINE
  5
AAD
330
1F
100
AcDbEntity
  8
0
100
AcDbLine
 10
693.9612407683272
 20
123.6503207843898
 30
0.0
 11
693.9612407683272
 21
123.6503207843898
 31
0.0
  0
LINE
  5
AAE
330
1F
100
AcDbEntity
  8
0
100
AcDbLine
 10
659.4196674282349
 20
114.9091569711736
 30
0.0
 11
639.7425039620258
 21
109.9296122485266
 31
0.0
  0
LINE
  5
AAF
330
1F
100
AcDbEntity
  8
0
100
AcDbLine
 10
639.7425039620258
 20
109.9296122485266
 30
0.0
 11
635.6740207866065
 21
108.9000332667726
 31
0.0
  0
LINE
  5
AB0
330
1F
100
AcDbEntity
  8
0
100
AcDbLine
 10
635.6740207866065
 20
108.9000332667726
 30
0.0
 11
633.8930271442174
 21
104.9347281627554
 31
0.0
  0
ARC
  5
AB1
330
1F
100
AcDbEntity
  8
0
100
AcDbCircle
 10
437.061679709635
 20
4.77032838887294
 30
0.0
 40
220.8517292551168
100
AcDbArc
 50
24.19781360122905
 51
26.97083266806536
  0
ARC
  5
AB2
330
1F
100
AcDbEntity
  8
0
100
AcDbCircle
 10
405.1443043343141
 20
158.7465986325326
 30
0.0
 40
241.8366051157926
100
AcDbArc
 50
340.8636875360145
 51
344.7889995716792
  0
ARC
  5
AB3
330
1F
100
AcDbEntity
  8
0
100
AcDbCircle
 10
405.1443043343184
 20
158.7465986325326
 30
0.0
 40
241.8366051157886
100
AcDbArc
 50
333.577921087222
 51
340.8636875360145
  0
LINE
  5
AB4
330
1F
100
AcDbEntity
  8
0
100
AcDbLine
 10
621.7187432164238
 20
51.13407149544241
 30
0.0
 11
633.6173429140172
 21
48.12298661865134
 31
0.0
  0
LINE
  5
AB5
330
1F
100
AcDbEntity
  8
0
100
AcDbLine
 10
633.6173429140172
 20
48.12298661865134
 30
0.0
 11
639.7425039620221
 21
46.57294037217707
 31
0.0
  0
LINE
  5
AB6
330
1F
100
AcDbEntity
  8
0
100
AcDbLine
 10
639.7425039620221
 20
46.57294037217707
 30
0.0
 11
656.1438501320695
 21
42.42238092259959
 31
0.0
  0
ARC
  5
AB7
330
1F
100
AcDbEntity
  8
0
100
AcDbCircle
 10
410.04652094313
 20
165.4645766849394
 30
0.0
 40
275.1422856849656
100
AcDbArc
 50
333.4361536817505
 51
341.4247370161894
  0
ARC
  5
AB8
330
1F
100
AcDbEntity
  8
0
100
AcDbCircle
 10
461.1661146799097
 20
33.4754457112781
 30
0.0
 40
214.326667745507
100
AcDbArc
 50
11.94029345672383
 51
22.33067050114111
  0
LINE
  5
AB9
330
1F
100
AcDbEntity
  8
0
100
AcDbLine
 10
659.4196674282349
 20
114.9091569711736
 30
0.0
 11
659.4196674282349
 21
114.9091569711736
 31
0.0
  0
LINE
  5
ABA
330
1F
100
AcDbEntity
  8
0
100
AcDbLine
 10
609.0641281001659
 20
127.79132404343
 30
0.0
 11
576.6321427592314
 21
119.5840170437557
 31
0.0
  0
LINE
  5
ABB
330
1F
100
AcDbEntity
  8
0
100
AcDbLine
 10
576.6321427592314
 20
119.5840170437557
 30
0.0
 11
574.8161377432398
 21
115.6007934651034
 31
0.0
  0
ARC
  5
ABC
330
1F
100
AcDbEntity
  8
0
100
AcDbCircle
 10
383.6129099293385
 20
21.05695903906303
 30
0.0
 40
213.3007523531814
100
AcDbArc
 50
17.31101105380633
 51
26.31091189374687
  0
LINE
  5
ABD
330
1F
100
AcDbEntity
  8
0
100
AcDbLine
 10
587.2519130422825
 20
84.52637975171455
 30
0.0
 11
622.8392505277017
 21
89.22455088963966
 31
0.0
  0
LINE
  5
ABE
330
1F
100
AcDbEntity
  8
0
100
AcDbLine
 10
622.8392505277017
 20
89.22455088963966
 30
0.0
 11
625.3254938923893
 21
93.04157284977623
 31
0.0
  0
ARC
  5
ABF
330
1F
100
AcDbEntity
  8
0
100
AcDbCircle
 10
493.9618041247173
 20
52.74878368415738
 30
0.0
 40
137.4042497454943
100
AcDbArc
 50
17.05219009185052
 51
33.10289212201543
  0
LINE
  5
AC0
330
1F
100
AcDbEntity
  8
0
100
AcDbLine
 10
609.0641281001659
 20
127.79132404343
 30
0.0
 11
609.0641281001659
 21
127.79132404343
 31
0.0
  0
ARC
  5
AC1
330
1F
100
AcDbEntity
  8
0
100
AcDbCircle
 10
318.6547346628371
 20
-6.464576684940539
 30
0.0
 40
275.142285684967
100
AcDbArc
 50
19.0628885360001
 51
26.56384631824952
  0
LINE
  5
AC2
330
1F
100
AcDbEntity
  8
0
100
AcDbLine
 10
564.7520638517777
 20
116.5776190774004
 30
0.0
 11
548.3507176817307
 21
112.4270596278213
 31
0.0
  0
LINE
  5
AC3
330
1F
100
AcDbEntity
  8
0
100
AcDbLine
 10
548.3507176817307
 20
49.07038775147407
 30
0.0
 11
568.027881147943
 21
44.09084302882638
 31
0.0
  0
ARC
  5
AC4
330
1F
100
AcDbEntity
  8
0
100
AcDbCircle
 10
369.7743283996184
 20
125.5245542887216
 30
0.0
 40
214.3266677455064
100
AcDbArc
 50
337.6693294988589
 51
347.2352948056126
  0
LINE
  5
AC5
330
1F
100
AcDbEntity
  8
0
100
AcDbLine
 10
578.8040508981663
 20
78.16955857472294
 30
0.0
 11
573.8926763276309
 21
77.52116844819738
 31
0.0
  0
LINE
  5
AC6
330
1F
100
AcDbEntity
  8
0
100
AcDbLine
 10
573.8926763276309
 20
77.52116844819738
 30
0.0
 11
573.9045072186423
 21
82.76428117290107
 31
0.0
  0
LINE
  5
AC7
330
1F
100
AcDbEntity
  8
0
100
AcDbLine
 10
573.9045072186423
 20
82.76428117290107
 30
0.0
 11
578.7083986082692
 21
83.3984815787544
 31
0.0
  0
LINE
  5
AC8
330
1F
100
AcDbEntity
  8
0
100
AcDbLine
 10
578.7083986082692
 20
83.3984815787544
 30
0.0
 11
578.7083986082692
 21
83.3984815787544
 31
0.0
  0
LINE
  5
AC9
330
1F
100
AcDbEntity
  8
0
100
AcDbLine
 10
623.636899470495
 20
80.89363354527609
 30
0.0
 11
621.2292641080933
 21
83.77045277774778
 31
0.0
  0
LINE
  5
ACA
330
1F
100
AcDbEntity
  8
0
100
AcDbLine
 10
621.2292641080933
 20
83.77045277774778
 30
0.0
 11
588.7465315131827
 21
79.48214554428614
 31
0.0
  0
ARC
  5
ACB
330
1F
100
AcDbEntity
  8
0
100
AcDbCircle
 10
382.151512926586
 20
130.7996580897986
 30
0.0
 40
212.8731753853809
100
AcDbArc
 50
336.1978649068142
 51
346.0502499223236
  0
LINE
  5
ACC
330
1F
100
AcDbEntity
  8
0
100
AcDbLine
 10
576.9186814757468
 20
44.88843150096568
 30
0.0
 11
578.5969520165382
 21
41.41621153748497
 31
0.0
  0
LINE
  5
ACD
330
1F
100
AcDbEntity
  8
0
100
AcDbLine
 10
578.5969520165382
 20
41.41621153748497
 30
0.0
 11
602.5694544880353
 21
35.34967921561019
 31
0.0
  0
ARC
  5
ACE
330
1F
100
AcDbEntity
  8
0
100
AcDbCircle
 10
418.9731435124123
 20
147.921144802159
 30
0.0
 40
215.3600247682035
100
AcDbArc
 50
328.4855951924777
 51
341.8663454024102
  0
LINE
  5
ACF
330
1F
100
AcDbEntity
  8
0
100
AcDbLine
 10
623.636899470495
 20
80.89363354527609
 30
0.0
 11
623.636899470495
 21
80.89363354527609
 31
0.0
  0
LINE
  5
AD0
330
1F
100
AcDbEntity
  8
0
100
AcDbLine
 10
716.7172801726811
 20
65.95842715022377
 30
0.0
 11
714.2310368079935
 21
69.77544911036034
 31
0.0
  0
LINE
  5
AD1
330
1F
100
AcDbEntity
  8
0
100
AcDbLine
 10
714.2310368079935
 20
69.77544911036034
 30
0.0
 11
678.6436993225744
 21
74.47362024828544
 31
0.0
  0
ARC
  5
AD2
330
1F
100
AcDbEntity
  8
0
100
AcDbCircle
 10
475.0046962096313
 20
137.9430409609381
 30
0.0
 40
213.3007523531809
100
AcDbArc
 50
333.6890881062502
 51
342.6889889461937
  0
LINE
  5
AD3
330
1F
100
AcDbEntity
  8
0
100
AcDbLine
 10
666.2079240235317
 20
43.39920653489684
 30
0.0
 11
668.0239290395233
 21
39.41598295624431
 31
0.0
  0
LINE
  5
AD4
330
1F
100
AcDbEntity
  8
0
100
AcDbLine
 10
668.0239290395233
 20
39.41598295624431
 30
0.0
 11
700.4559143804577
 21
31.20867595657001
 31
0.0
  0
ARC
  5
AD5
330
1F
100
AcDbEntity
  8
0
100
AcDbCircle
 10
585.3535904050087
 20
106.2512163158428
 30
0.0
 40
137.4042497454948
100
AcDbArc
 50
326.8971078779845
 51
342.9478099081495
  0
LINE
  5
AD6
330
1F
100
AcDbEntity
  8
0
100
AcDbLine
 10
716.7172801726811
 20
65.95842715022377
 30
0.0
 11
716.7172801726811
 21
65.95842715022377
 31
0.0
  0
LINE
  5
AD7
330
1F
100
AcDbEntity
  8
0
100
AcDbLine
 10
731.1342902423095
 20
40.81820089134566
 30
0.0
 11
719.6681717250582
 21
43.71984116332169
 31
0.0
  0
ARC
  5
AD8
330
1F
100
AcDbEntity
  8
0
100
AcDbCircle
 10
528.453465989921
 20
154.2296716111223
 30
0.0
 40
220.8517292551199
100
AcDbArc
 50
322.8338905904603
 51
329.9748435824726
  0
LINE
  5
AD9
330
1F
100
AcDbEntity
  8
0
100
AcDbLine
 10
704.4474264077981
 20
20.80698908896852
 30
0.0
 11
708.1681777562247
 21
0.0000000000009095
 31
0.0
  0
LINE
  5
ADA
330
1F
100
AcDbEntity
  8
0
100
AcDbLine
 10
708.1681777562247
 20
0.0000000000009095
 30
0.0
 11
731.1342902423076
 21
0.0
 31
0.0
  0
LINE
  5
ADB
330
1F
100
AcDbEntity
  8
0
100
AcDbLine
 10
731.1342902423095
 20
40.81820089134566
 30
0.0
 11
731.1342902423095
 21
40.81820089134566
 31
0.0
  0
LINE
  5
ADC
330
1F
100
AcDbEntity
  8
0
100
AcDbLine
 10
692.5011714772137
 20
26.00105656532083
 30
0.0
 11
661.2192536005746
 21
33.91732505314849
 31
0.0
  0
ARC
  5
ADD
330
1F
100
AcDbEntity
  8
0
100
AcDbCircle
 10
475.0046962096313
 20
137.9430409609349
 30
0.0
 40
213.3007523531795
100
AcDbArc
 50
325.4213997444271
 51
330.8108054344518
  0
LINE
  5
ADE
330
1F
100
AcDbEntity
  8
0
100
AcDbLine
 10
650.6255290548444
 20
16.88712815537997
 30
0.0
 11
652.6780550285158
 21
0.0000000000029559
 31
0.0
  0
LINE
  5
ADF
330
1F
100
AcDbEntity
  8
0
100
AcDbLine
 10
652.6780550285158
 20
0.0000000000029559
 30
0.0
 11
694.8331208305827
 21
0.0000000000013642
 31
0.0
  0
LINE
  5
AE0
330
1F
100
AcDbEntity
  8
0
100
AcDbLine
 10
694.8331208305827
 20
0.0000000000013642
 30
0.0
 11
692.5011714772137
 21
26.00105656532083
 31
0.0
  0
LINE
  5
AE1
330
1F
100
AcDbEntity
  8
0
100
AcDbLine
 10
692.5011714772137
 20
26.00105656532083
 30
0.0
 11
692.5011714772137
 21
26.00105656532083
 31
0.0
  0
LINE
  5
AE2
330
1F
100
AcDbEntity
  8
0
100
AcDbLine
 10
651.1799822307022
 20
32.95823261258124
 30
0.0
 11
649.4529707850512
 21
36.89492553911373
 31
0.0
  0
LINE
  5
AE3
330
1F
100
AcDbEntity
  8
0
100
AcDbLine
 10
649.4529707850512
 20
36.89492553911373
 30
0.0
 11
639.7425039620258
 21
39.35227686956478
 31
0.0
  0
LINE
  5
AE4
330
1F
100
AcDbEntity
  8
0
100
AcDbLine
 10
639.7425039620258
 20
39.35227686956478
 30
0.0
 11
618.4257514540373
 21
44.74673947275846
 31
0.0
  0
ARC
  5
AE5
330
1F
100
AcDbEntity
  8
0
100
AcDbCircle
 10
405.1443043343166
 20
158.7465986325314
 30
0.0
 40
241.8366051157895
100
AcDbArc
 50
323.6838750866057
 51
331.8753028474218
  0
LINE
  5
AE6
330
1F
100
AcDbEntity
  8
0
100
AcDbLine
 10
600.0069634950111
 20
15.52129486691387
 30
0.0
 11
603.1113153308325
 21
0.0
 31
0.0
  0
LINE
  5
AE7
330
1F
100
AcDbEntity
  8
0
100
AcDbLine
 10
603.1113153308325
 20
0.0
 30
0.0
 11
639.7425039620221
 21
0.0
 31
0.0
  0
LINE
  5
AE8
330
1F
100
AcDbEntity
  8
0
100
AcDbLine
 10
639.7425039620221
 20
0.0
 30
0.0
 11
641.2457057906983
 21
0.0
 31
0.0
  0
LINE
  5
AE9
330
1F
100
AcDbEntity
  8
0
100
AcDbLine
 10
641.2457057906983
 20
0.0
 30
0.0
 11
640.2367554785945
 21
14.74718121761066
 31
0.0
  0
ARC
  5
AEA
330
1F
100
AcDbEntity
  8
0
100
AcDbCircle
 10
410.0465209431268
 20
165.4645766849385
 30
0.0
 40
275.1422856849678
100
AcDbArc
 50
326.7851667955384
 51
331.2105653892511
  0
LINE
  5
AEB
330
1F
100
AcDbEntity
  8
0
100
AcDbLine
 10
651.1799822307022
 20
32.95823261258124
 30
0.0
 11
651.1799822307022
 21
32.95823261258124
 31
0.0
  0
LINE
  5
AEC
330
1F
100
AcDbEntity
  8
0
100
AcDbLine
 10
596.0531627885358
 20
25.35439955154493
 30
0.0
 11
594.6286086308906
 21
29.10701965087742
 31
0.0
  0
LINE
  5
AED
330
1F
100
AcDbEntity
  8
0
100
AcDbLine
 10
594.6286086308906
 20
29.10701965087742
 30
0.0
 11
572.1471210109094
 21
34.79623259193795
 31
0.0
  0
ARC
  5
AEE
330
1F
100
AcDbEntity
  8
0
100
AcDbCircle
 10
382.1515129265862
 20
130.7996580897986
 30
0.0
 40
212.8731753853806
100
AcDbArc
 50
326.6409474257832
 51
333.1928556678164
  0
LINE
  5
AEF
330
1F
100
AcDbEntity
  8
0
100
AcDbLine
 10
559.951929723704
 20
13.74411321717775
 30
0.0
 11
561.6224416724345
 21
0.0
 31
0.0
  0
LINE
  5
AF0
330
1F
100
AcDbEntity
  8
0
100
AcDbLine
 10
561.6224416724345
 20
0.0
 30
0.0
 11
589.5697953273266
 21
0.0
 31
0.0
  0
LINE
  5
AF1
330
1F
100
AcDbEntity
  8
0
100
AcDbLine
 10
589.5697953273266
 20
0.0
 30
0.0
 11
588.5537241868416
 21
15.17188142836608
 31
0.0
  0
ARC
  5
AF2
330
1F
100
AcDbEntity
  8
0
100
AcDbCircle
 10
418.97314351241
 20
147.9211448021581
 30
0.0
 40
215.3600247682049
100
AcDbArc
 50
321.9458285127741
 51
325.3107774760405
  0
LINE
  5
AF3
330
1F
100
AcDbEntity
  8
0
100
AcDbLine
 10
596.0531627885358
 20
25.35439955154493
 30
0.0
 11
596.0531627885358
 21
25.35439955154493
 31
0.0
  0
LINE
  5
AF4
330
1F
100
AcDbEntity
  8
0
100
AcDbLine
 10
563.3301202979143
 20
33.48067383208104
 30
0.0
 11
561.4143179932972
 21
37.51229848819026
 31
0.0
  0
LINE
  5
AF5
330
1F
100
AcDbEntity
  8
0
100
AcDbLine
 10
561.4143179932972
 20
37.51229848819026
 30
0.0
 11
548.3507176817307
 21
40.81820089134521
 31
0.0
  0
LINE
  5
AF6
330
1F
100
AcDbEntity
  8
0
100
AcDbLine
 10
548.3507176817307
 20
0.0
 30
0.0
 11
551.1949409569507
 21
0.0
 31
0.0
  0
LINE
  5
AF7
330
1F
100
AcDbEntity
  8
0
100
AcDbLine
 10
551.1949409569507
 20
0.0
 30
0.0
 11
550.4905133282456
 21
10.29616797816447
 31
0.0
  0
ARC
  5
AF8
330
1F
100
AcDbEntity
  8
0
100
AcDbCircle
 10
369.7743283996203
 20
125.5245542887203
 30
0.0
 40
214.3266677455043
100
AcDbArc
 50
327.4775710931018
 51
334.5669564259503
  0
LINE
  5
AF9
330
1F
100
AcDbEntity
  8
0
100
AcDbLine
 10
563.3301202979143
 20
33.48067383208104
 30
0.0
 11
563.3301202979143
 21
33.48067383208104
 31
0.0
  0
LINE
  5
AFA
330
1F
100
AcDbEntity
  8
0
100
AcDbLine
 10
731.6285417588789
 20
144.25281878239
 30
0.0
 11
732.6374920709824
 21
158.9999999999963
 31
0.0
  0
LINE
  5
AFB
330
1F
100
AcDbEntity
  8
0
100
AcDbLine
 10
732.6374920709824
 20
158.9999999999963
 30
0.0
 11
731.1342902423076
 21
158.9999999999963
 31
0.0
  0
LINE
  5
AFC
330
1F
100
AcDbEntity
  8
0
100
AcDbLine
 10
731.1342902423076
 20
119.6477231304345
 30
0.0
 11
740.8447570653362
 21
122.1050744608862
 31
0.0
  0
LINE
  5
AFD
330
1F
100
AcDbEntity
  8
0
100
AcDbLine
 10
740.8447570653362
 20
122.1050744608862
 30
0.0
 11
742.5717685109872
 21
126.041767387419
 31
0.0
  0
ARC
  5
AFE
330
1F
100
AcDbEntity
  8
0
100
AcDbCircle
 10
501.4383072234156
 20
-6.464576684938265
 30
0.0
 40
275.1422856849647
100
AcDbArc
 50
28.78943461074891
 51
33.21483320446156
  0
LINE
  5
AFF
330
1F
100
AcDbEntity
  8
0
100
AcDbLine
 10
731.6285417588789
 20
144.25281878239
 30
0.0
 11
731.6285417588789
 21
144.25281878239
 31
0.0
  0
LINE
  5
B00
330
1F
100
AcDbEntity
  8
0
100
AcDbLine
 10
786.2249071108678
 20
158.9999999999986
 30
0.0
 11
744.0698413088008
 21
158.9999999999968
 31
0.0
  0
LINE
  5
B01
330
1F
100
AcDbEntity
  8
0
100
AcDbLine
 10
744.0698413088008
 20
158.9999999999968
 30
0.0
 11
742.0173153351294
 21
142.11287184462
 31
0.0
  0
ARC
  5
B02
330
1F
100
AcDbEntity
  8
0
100
AcDbCircle
 10
566.3964824899152
 20
21.0569590390644
 30
0.0
 40
213.3007523531808
100
AcDbArc
 50
29.18919456554815
 51
34.57860025557294
  0
LINE
  5
B03
330
1F
100
AcDbEntity
  8
0
100
AcDbLine
 10
752.6110398808597
 20
125.0826749468515
 30
0.0
 11
783.8929577574987
 21
132.9989434346791
 31
0.0
  0
LINE
  5
B04
330
1F
100
AcDbEntity
  8
0
100
AcDbLine
 10
783.8929577574987
 20
132.9989434346791
 30
0.0
 11
786.2249071108678
 21
158.9999999999986
 31
0.0
  0
LINE
  5
B05
330
1F
100
AcDbEntity
  8
0
100
AcDbLine
 10
786.2249071108678
 20
158.9999999999986
 30
0.0
 11
786.2249071108678
 21
158.9999999999986
 31
0.0
  0
LINE
  5
B06
330
1F
100
AcDbEntity
  8
0
100
AcDbLine
 10
824.6658721691144
 20
148.7038320218355
 30
0.0
 11
825.3702997978194
 21
159.0
 31
0.0
  0
LINE
  5
B07
330
1F
100
AcDbEntity
  8
0
100
AcDbLine
 10
825.3702997978194
 20
159.0
 30
0.0
 11
822.5260765226027
 21
159.0
 31
0.0
  0
LINE
  5
B08
330
1F
100
AcDbEntity
  8
0
100
AcDbLine
 10
822.5260765226027
 20
159.0
 30
0.0
 11
799.5599640365095
 21
158.9999999999991
 31
0.0
  0
LINE
  5
B09
330
1F
100
AcDbEntity
  8
0
100
AcDbLine
 10
799.5599640365095
 20
158.9999999999991
 30
0.0
 11
795.8392126880831
 21
138.1930109110315
 31
0.0
  0
ARC
  5
B0A
330
1F
100
AcDbEntity
  8
0
100
AcDbCircle
 10
619.8452522702056
 20
4.770328388878397
 30
0.0
 40
220.8517292551198
100
AcDbArc
 50
30.02515641752738
 51
37.1661094095397
  0
LINE
  5
B0B
330
1F
100
AcDbEntity
  8
0
100
AcDbLine
 10
811.0599580053431
 20
115.2801588366783
 30
0.0
 11
822.5260765225991
 21
118.1817991086554
 31
0.0
  0
LINE
  5
B0C
330
1F
100
AcDbEntity
  8
0
100
AcDbLine
 10
822.5260765225991
 20
118.1817991086554
 30
0.0
 11
835.589676834166
 21
121.4877015118102
 31
0.0
  0
LINE
  5
B0D
330
1F
100
AcDbEntity
  8
0
100
AcDbLine
 10
835.589676834166
 20
121.4877015118102
 30
0.0
 11
837.505479138783
 21
125.5193261679189
 31
0.0
  0
ARC
  5
B0E
330
1F
100
AcDbEntity
  8
0
100
AcDbCircle
 10
643.9496872404885
 20
33.47544571127833
 30
0.0
 40
214.3266677455054
100
AcDbArc
 50
25.4330435740497
 51
32.52242890689828
  0
LINE
  5
B0F
330
1F
100
AcDbEntity
  8
0
100
AcDbLine
 10
824.6658721691144
 20
148.7038320218355
 30
0.0
 11
824.6658721691144
 21
148.7038320218355
 31
0.0
  0
LINE
  5
B10
330
1F
100
AcDbEntity
  8
0
100
AcDbLine
 10
862.7290830277102
 20
143.8281185716337
 30
0.0
 11
863.7451541681954
 21
159.0
 31
0.0
  0
LINE
  5
B11
330
1F
100
AcDbEntity
  8
0
100
AcDbLine
 10
863.7451541681954
 20
159.0
 30
0.0
 11
835.7978005133032
 21
159.0
 31
0.0
  0
LINE
  5
B12
330
1F
100
AcDbEntity
  8
0
100
AcDbLine
 10
835.7978005133032
 20
159.0
 30
0.0
 11
834.1272885645727
 21
145.2558867828222
 31
0.0
  0
ARC
  5
B13
330
1F
100
AcDbEntity
  8
0
100
AcDbCircle
 10
656.3268717674569
 20
28.20034191020045
 30
0.0
 40
212.8731753853794
100
AcDbArc
 50
26.80714433218363
 51
33.35905257421675
  0
LINE
  5
B14
330
1F
100
AcDbEntity
  8
0
100
AcDbLine
 10
846.3224798517781
 20
124.2037674080622
 30
0.0
 11
868.8039674717597
 21
129.8929803491225
 31
0.0
  0
LINE
  5
B15
330
1F
100
AcDbEntity
  8
0
100
AcDbLine
 10
868.8039674717597
 20
129.8929803491225
 30
0.0
 11
870.2285216294047
 21
133.6456004484546
 31
0.0
  0
ARC
  5
B16
330
1F
100
AcDbEntity
  8
0
100
AcDbCircle
 10
693.148502353281
 20
11.07885519784213
 30
0.0
 40
215.3600247682026
100
AcDbArc
 50
34.68922252395945
 51
38.0541714872259
  0
LINE
  5
B17
330
1F
100
AcDbEntity
  8
0
100
AcDbLine
 10
862.7290830277102
 20
143.8281185716337
 30
0.0
 11
862.7290830277102
 21
143.8281185716337
 31
0.0
  0
LINE
  5
B18
330
1F
100
AcDbEntity
  8
0
100
AcDbLine
 10
913.917862802891
 20
159.0
 30
0.0
 11
877.2866741717013
 21
159.0
 31
0.0
  0
LINE
  5
B19
330
1F
100
AcDbEntity
  8
0
100
AcDbLine
 10
877.2866741717013
 20
159.0
 30
0.0
 11
874.1823223358798
 21
143.4787051330859
 31
0.0
  0
ARC
  5
B1A
330
1F
100
AcDbEntity
  8
0
100
AcDbCircle
 10
679.3196631751847
 20
0.2534013674683138
 30
0.0
 40
241.8366051157903
100
AcDbArc
 50
28.12469715257825
 51
36.31612491339424
  0
LINE
  5
B1B
330
1F
100
AcDbEntity
  8
0
100
AcDbLine
 10
892.6011102949061
 20
114.2532605272415
 30
0.0
 11
913.9178628028895
 21
119.647723130435
 31
0.0
  0
LINE
  5
B1C
330
1F
100
AcDbEntity
  8
0
100
AcDbLine
 10
913.917862802891
 20
159.0
 30
0.0
 11
913.917862802891
 21
159.0
 31
0.0
  0
LINE
  5
B1D
330
1F
100
AcDbEntity
  8
0
100
AcDbLine
 10
913.917862802889
 20
112.4270596278224
 30
0.0
 11
907.792701754886
 21
110.8770133813477
 31
0.0
  0
LINE
  5
B1E
330
1F
100
AcDbEntity
  8
0
100
AcDbLine
 10
907.792701754886
 20
110.8770133813477
 30
0.0
 11
895.8941020572931
 21
107.8659285045569
 31
0.0
  0
ARC
  5
B1F
330
1F
100
AcDbEntity
  8
0
100
AcDbCircle
 10
679.3196631751854
 20
0.2534013674680864
 30
0.0
 40
241.8366051157899
100
AcDbArc
 50
19.13631246398551
 51
26.42207891277804
  0
ARC
  5
B20
330
1F
100
AcDbEntity
  8
0
100
AcDbCircle
 10
679.3196631751897
 20
0.2534013674664948
 30
0.0
 40
241.8366051157863
100
AcDbArc
 50
15.21100042832071
 51
19.13631246398551
  0
ARC
  5
B21
330
1F
100
AcDbEntity
  8
0
100
AcDbCircle
 10
711.2370385504956
 20
154.2296716111243
 30
0.0
 40
220.8517292551228
100
AcDbArc
 50
333.0291673319346
 51
335.802186398771
  0
LINE
  5
B22
330
1F
100
AcDbEntity
  8
0
100
AcDbLine
 10
908.0683859850861
 20
54.06527183724438
 30
0.0
 11
909.8493796274748
 21
50.09996673322735
 31
0.0
  0
LINE
  5
B23
330
1F
100
AcDbEntity
  8
0
100
AcDbLine
 10
909.8493796274748
 20
50.09996673322735
 30
0.0
 11
913.9178628028865
 21
49.07038775147544
 31
0.0
  0
LINE
  5
B24
330
1F
100
AcDbEntity
  8
0
100
AcDbLine
 10
913.917862802889
 20
112.4270596278224
 30
0.0
 11
913.917862802889
 21
112.4270596278224
 31
0.0
  0
LINE
  5
B25
330
1F
100
AcDbEntity
  8
0
100
AcDbLine
 10
876.7448133289041
 20
123.6503207843898
 30
0.0
 11
852.772310857407
 21
117.583788462515
 31
0.0
  0
LINE
  5
B26
330
1F
100
AcDbEntity
  8
0
100
AcDbLine
 10
852.772310857407
 20
117.583788462515
 30
0.0
 11
851.0940403166157
 21
114.1115684990336
 31
0.0
  0
ARC
  5
B27
330
1F
100
AcDbEntity
  8
0
100
AcDbCircle
 10
656.3268717674556
 20
28.20034191019999
 30
0.0
 40
212.8731753853804
100
AcDbArc
 50
13.94975007767635
 51
23.80213509318581
  0
LINE
  5
B28
330
1F
100
AcDbEntity
  8
0
100
AcDbLine
 10
862.9218903540515
 20
79.51785445571386
 30
0.0
 11
895.4046229489618
 21
75.22954722225222
 31
0.0
  0
LINE
  5
B29
330
1F
100
AcDbEntity
  8
0
100
AcDbLine
 10
895.4046229489618
 20
75.22954722225222
 30
0.0
 11
897.8122583113638
 21
78.10636645472391
 31
0.0
  0
ARC
  5
B2A
330
1F
100
AcDbEntity
  8
0
100
AcDbCircle
 10
693.1485023532808
 20
11.07885519784099
 30
0.0
 40
215.3600247682036
100
AcDbArc
 50
18.13365459758978
 51
31.51440480752226
  0
LINE
  5
B2B
330
1F
100
AcDbEntity
  8
0
100
AcDbLine
 10
876.7448133289041
 20
123.6503207843898
 30
0.0
 11
876.7448133289041
 21
123.6503207843898
 31
0.0
  0
LINE
  5
B2C
330
1F
100
AcDbEntity
  8
0
100
AcDbLine
 10
842.2032399888118
 20
114.9091569711736
 30
0.0
 11
822.5260765226027
 21
109.9296122485266
 31
0.0
  0
LINE
  5
B2D
330
1F
100
AcDbEntity
  8
0
100
AcDbLine
 10
822.5260765226027
 20
109.9296122485266
 30
0.0
 11
818.4575933471833
 21
108.9000332667726
 31
0.0
  0
LINE
  5
B2E
330
1F
100
AcDbEntity
  8
0
100
AcDbLine
 10
818.4575933471833
 20
108.9000332667726
 30
0.0
 11
816.6765997047942
 21
104.9347281627554
 31
0.0
  0
ARC
  5
B2F
330
1F
100
AcDbEntity
  8
0
100
AcDbCircle
 10
619.8452522702119
 20
4.77032838887294
 30
0.0
 40
220.8517292551168
100
AcDbArc
 50
24.19781360122905
 51
26.97083266806536
  0
ARC
  5
B30
330
1F
100
AcDbEntity
  8
0
100
AcDbCircle
 10
587.927876894891
 20
158.7465986325326
 30
0.0
 40
241.8366051157926
100
AcDbArc
 50
340.8636875360145
 51
344.7889995716792
  0
ARC
  5
B31
330
1F
100
AcDbEntity
  8
0
100
AcDbCircle
 10
587.9278768948953
 20
158.7465986325326
 30
0.0
 40
241.8366051157886
100
AcDbArc
 50
333.577921087222
 51
340.8636875360145
  0
LINE
  5
B32
330
1F
100
AcDbEntity
  8
0
100
AcDbLine
 10
804.5023157770007
 20
51.13407149544241
 30
0.0
 11
816.4009154745942
 21
48.12298661865134
 31
0.0
  0
LINE
  5
B33
330
1F
100
AcDbEntity
  8
0
100
AcDbLine
 10
816.4009154745942
 20
48.12298661865134
 30
0.0
 11
822.5260765225991
 21
46.57294037217707
 31
0.0
  0
LINE
  5
B34
330
1F
100
AcDbEntity
  8
0
100
AcDbLine
 10
822.5260765225991
 20
46.57294037217707
 30
0.0
 11
838.9274226926465
 21
42.42238092259959
 31
0.0
  0
ARC
  5
B35
330
1F
100
AcDbEntity
  8
0
100
AcDbCircle
 10
592.830093503707
 20
165.4645766849394
 30
0.0
 40
275.1422856849656
100
AcDbArc
 50
333.4361536817505
 51
341.4247370161894
  0
ARC
  5
B36
330
1F
100
AcDbEntity
  8
0
100
AcDbCircle
 10
643.9496872404866
 20
33.4754457112781
 30
0.0
 40
214.326667745507
100
AcDbArc
 50
11.94029345672383
 51
22.33067050114111
  0
LINE
  5
B37
330
1F
100
AcDbEntity
  8
0
100
AcDbLine
 10
842.2032399888118
 20
114.9091569711736
 30
0.0
 11
842.2032399888118
 21
114.9091569711736
 31
0.0
  0
LINE
  5
B38
330
1F
100
AcDbEntity
  8
0
100
AcDbLine
 10
791.8477006607428
 20
127.79132404343
 30
0.0
 11
759.4157153198083
 21
119.5840170437557
 31
0.0
  0
LINE
  5
B39
330
1F
100
AcDbEntity
  8
0
100
AcDbLine
 10
759.4157153198083
 20
119.5840170437557
 30
0.0
 11
757.5997103038168
 21
115.6007934651034
 31
0.0
  0
ARC
  5
B3A
330
1F
100
AcDbEntity
  8
0
100
AcDbCircle
 10
566.3964824899154
 20
21.05695903906303
 30
0.0
 40
213.3007523531814
100
AcDbArc
 50
17.31101105380633
 51
26.31091189374687
  0
LINE
  5
B3B
330
1F
100
AcDbEntity
  8
0
100
AcDbLine
 10
770.0354856028594
 20
84.52637975171455
 30
0.0
 11
805.6228230882785
 21
89.22455088963966
 31
0.0
  0
LINE
  5
B3C
330
1F
100
AcDbEntity
  8
0
100
AcDbLine
 10
805.6228230882785
 20
89.22455088963966
 30
0.0
 11
808.1090664529662
 21
93.04157284977623
 31
0.0
  0
ARC
  5
B3D
330
1F
100
AcDbEntity
  8
0
100
AcDbCircle
 10
676.7453766852942
 20
52.74878368415738
 30
0.0
 40
137.4042497454943
100
AcDbArc
 50
17.05219009185052
 51
33.10289212201543
  0
LINE
  5
B3E
330
1F
100
AcDbEntity
  8
0
100
AcDbLine
 10
791.8477006607428
 20
127.79132404343
 30
0.0
 11
791.8477006607428
 21
127.79132404343
 31
0.0
  0
ARC
  5
B3F
330
1F
100
AcDbEntity
  8
0
100
AcDbCircle
 10
501.438307223414
 20
-6.464576684940539
 30
0.0
 40
275.142285684967
100
AcDbArc
 50
19.0628885360001
 51
26.56384631824952
  0
LINE
  5
B40
330
1F
100
AcDbEntity
  8
0
100
AcDbLine
 10
747.5356364123546
 20
116.5776190774004
 30
0.0
 11
731.1342902423076
 21
112.4270596278213
 31
0.0
  0
LINE
  5
B41
330
1F
100
AcDbEntity
  8
0
100
AcDbLine
 10
731.1342902423076
 20
49.07038775147407
 30
0.0
 11
750.8114537085199
 21
44.09084302882638
 31
0.0
  0
ARC
  5
B42
330
1F
100
AcDbEntity
  8
0
100
AcDbCircle
 10
552.5579009601953
 20
125.5245542887216
 30
0.0
 40
214.3266677455064
100
AcDbArc
 50
337.6693294988589
 51
347.2352948056126
  0
LINE
  5
B43
330
1F
100
AcDbEntity
  8
0
100
AcDbLine
 10
761.5876234587432
 20
78.16955857472294
 30
0.0
 11
756.6762488882078
 21
77.52116844819738
 31
0.0
  0
LINE
  5
B44
330
1F
100
AcDbEntity
  8
0
100
AcDbLine
 10
756.6762488882078
 20
77.52116844819738
 30
0.0
 11
756.6880797792192
 21
82.76428117290107
 31
0.0
  0
LINE
  5
B45
330
1F
100
AcDbEntity
  8
0
100
AcDbLine
 10
756.6880797792192
 20
82.76428117290107
 30
0.0
 11
761.4919711688461
 21
83.3984815787544
 31
0.0
  0
LINE
  5
B46
330
1F
100
AcDbEntity
  8
0
100
AcDbLine
 10
761.4919711688461
 20
83.3984815787544
 30
0.0
 11
761.4919711688461
 21
83.3984815787544
 31
0.0
  0
LINE
  5
B47
330
1F
100
AcDbEntity
  8
0
100
AcDbLine
 10
806.4204720310719
 20
80.89363354527609
 30
0.0
 11
804.0128366686703
 21
83.77045277774778
 31
0.0
  0
LINE
  5
B48
330
1F
100
AcDbEntity
  8
0
100
AcDbLine
 10
804.0128366686703
 20
83.77045277774778
 30
0.0
 11
771.5301040737596
 21
79.48214554428614
 31
0.0
  0
ARC
  5
B49
330
1F
100
AcDbEntity
  8
0
100
AcDbCircle
 10
564.9350854871628
 20
130.7996580897986
 30
0.0
 40
212.8731753853809
100
AcDbArc
 50
336.1978649068142
 51
346.0502499223236
  0
LINE
  5
B4A
330
1F
100
AcDbEntity
  8
0
100
AcDbLine
 10
759.7022540363237
 20
44.88843150096568
 30
0.0
 11
761.3805245771151
 21
41.41621153748497
 31
0.0
  0
LINE
  5
B4B
330
1F
100
AcDbEntity
  8
0
100
AcDbLine
 10
761.3805245771151
 20
41.41621153748497
 30
0.0
 11
785.3530270486122
 21
35.34967921561019
 31
0.0
  0
ARC
  5
B4C
330
1F
100
AcDbEntity
  8
0
100
AcDbCircle
 10
601.7567160729892
 20
147.921144802159
 30
0.0
 40
215.3600247682035
100
AcDbArc
 50
328.4855951924777
 51
341.8663454024102
  0
LINE
  5
B4D
330
1F
100
AcDbEntity
  8
0
100
AcDbLine
 10
806.4204720310719
 20
80.89363354527609
 30
0.0
 11
806.4204720310719
 21
80.89363354527609
 31
0.0
  0
LINE
  5
B4E
330
1F
100
AcDbEntity
  8
0
100
AcDbLine
 10
899.5008527332581
 20
65.95842715022377
 30
0.0
 11
897.0146093685704
 21
69.77544911036034
 31
0.0
  0
LINE
  5
B4F
330
1F
100
AcDbEntity
  8
0
100
AcDbLine
 10
897.0146093685704
 20
69.77544911036034
 30
0.0
 11
861.4272718831513
 21
74.47362024828544
 31
0.0
  0
ARC
  5
B50
330
1F
100
AcDbEntity
  8
0
100
AcDbCircle
 10
657.7882687702082
 20
137.9430409609381
 30
0.0
 40
213.3007523531809
100
AcDbArc
 50
333.6890881062502
 51
342.6889889461937
  0
LINE
  5
B51
330
1F
100
AcDbEntity
  8
0
100
AcDbLine
 10
848.9914965841085
 20
43.39920653489684
 30
0.0
 11
850.8075016001001
 21
39.41598295624431
 31
0.0
  0
LINE
  5
B52
330
1F
100
AcDbEntity
  8
0
100
AcDbLine
 10
850.8075016001001
 20
39.41598295624431
 30
0.0
 11
883.2394869410347
 21
31.20867595657001
 31
0.0
  0
ARC
  5
B53
330
1F
100
AcDbEntity
  8
0
100
AcDbCircle
 10
768.1371629655856
 20
106.2512163158428
 30
0.0
 40
137.4042497454948
100
AcDbArc
 50
326.8971078779845
 51
342.9478099081495
  0
LINE
  5
B54
330
1F
100
AcDbEntity
  8
0
100
AcDbLine
 10
899.5008527332581
 20
65.95842715022377
 30
0.0
 11
899.5008527332581
 21
65.95842715022377
 31
0.0
  0
LINE
  5
B55
330
1F
100
AcDbEntity
  8
0
100
AcDbLine
 10
913.9178628028863
 20
40.81820089134566
 30
0.0
 11
902.451744285635
 21
43.71984116332169
 31
0.0
  0
ARC
  5
B56
330
1F
100
AcDbEntity
  8
0
100
AcDbCircle
 10
711.2370385504979
 20
154.2296716111223
 30
0.0
 40
220.8517292551199
100
AcDbArc
 50
322.8338905904603
 51
329.9748435824726
  0
LINE
  5
B57
330
1F
100
AcDbEntity
  8
0
100
AcDbLine
 10
887.2309989683751
 20
20.80698908896852
 30
0.0
 11
890.9517503168016
 21
0.0000000000009095
 31
0.0
  0
LINE
  5
B58
330
1F
100
AcDbEntity
  8
0
100
AcDbLine
 10
890.9517503168016
 20
0.0000000000009095
 30
0.0
 11
913.9178628028846
 21
0.0
 31
0.0
  0
LINE
  5
B59
330
1F
100
AcDbEntity
  8
0
100
AcDbLine
 10
913.9178628028863
 20
40.81820089134566
 30
0.0
 11
913.9178628028863
 21
40.81820089134566
 31
0.0
  0
LINE
  5
B5A
330
1F
100
AcDbEntity
  8
0
100
AcDbLine
 10
875.2847440377905
 20
26.00105656532083
 30
0.0
 11
844.0028261611516
 21
33.91732505314849
 31
0.0
  0
ARC
  5
B5B
330
1F
100
AcDbEntity
  8
0
100
AcDbCircle
 10
657.7882687702082
 20
137.9430409609349
 30
0.0
 40
213.3007523531795
100
AcDbArc
 50
325.4213997444271
 51
330.8108054344518
  0
LINE
  5
B5C
330
1F
100
AcDbEntity
  8
0
100
AcDbLine
 10
833.4091016154212
 20
16.88712815537997
 30
0.0
 11
835.4616275890927
 21
0.0000000000029559
 31
0.0
  0
LINE
  5
B5D
330
1F
100
AcDbEntity
  8
0
100
AcDbLine
 10
835.4616275890927
 20
0.0000000000029559
 30
0.0
 11
877.6166933911596
 21
0.0000000000013642
 31
0.0
  0
LINE
  5
B5E
330
1F
100
AcDbEntity
  8
0
100
AcDbLine
 10
877.6166933911596
 20
0.0000000000013642
 30
0.0
 11
875.2847440377905
 21
26.00105656532083
 31
0.0
  0
LINE
  5
B5F
330
1F
100
AcDbEntity
  8
0
100
AcDbLine
 10
875.2847440377905
 20
26.00105656532083
 30
0.0
 11
875.2847440377905
 21
26.00105656532083
 31
0.0
  0
LINE
  5
B60
330
1F
100
AcDbEntity
  8
0
100
AcDbLine
 10
833.963554791279
 20
32.95823261258124
 30
0.0
 11
832.236543345628
 21
36.89492553911373
 31
0.0
  0
LINE
  5
B61
330
1F
100
AcDbEntity
  8
0
100
AcDbLine
 10
832.236543345628
 20
36.89492553911373
 30
0.0
 11
822.5260765226027
 21
39.35227686956478
 31
0.0
  0
LINE
  5
B62
330
1F
100
AcDbEntity
  8
0
100
AcDbLine
 10
822.5260765226027
 20
39.35227686956478
 30
0.0
 11
801.2093240146143
 21
44.74673947275846
 31
0.0
  0
ARC
  5
B63
330
1F
100
AcDbEntity
  8
0
100
AcDbCircle
 10
587.9278768948934
 20
158.7465986325314
 30
0.0
 40
241.8366051157895
100
AcDbArc
 50
323.6838750866057
 51
331.8753028474218
  0
LINE
  5
B64
330
1F
100
AcDbEntity
  8
0
100
AcDbLine
 10
782.7905360555879
 20
15.52129486691387
 30
0.0
 11
785.8948878914094
 21
0.0
 31
0.0
  0
LINE
  5
B65
330
1F
100
AcDbEntity
  8
0
100
AcDbLine
 10
785.8948878914094
 20
0.0
 30
0.0
 11
822.5260765225991
 21
0.0
 31
0.0
  0
LINE
  5
B66
330
1F
100
AcDbEntity
  8
0
100
AcDbLine
 10
822.5260765225991
 20
0.0
 30
0.0
 11
824.0292783512751
 21
0.0
 31
0.0
  0
LINE
  5
B67
330
1F
100
AcDbEntity
  8
0
100
AcDbLine
 10
824.0292783512751
 20
0.0
 30
0.0
 11
823.0203280391714
 21
14.74718121761066
 31
0.0
  0
ARC
  5
B68
330
1F
100
AcDbEntity
  8
0
100
AcDbCircle
 10
592.8300935037038
 20
165.4645766849385
 30
0.0
 40
275.1422856849678
100
AcDbArc
 50
326.7851667955384
 51
331.2105653892511
  0
LINE
  5
B69
330
1F
100
AcDbEntity
  8
0
100
AcDbLine
 10
833.963554791279
 20
32.95823261258124
 30
0.0
 11
833.963554791279
 21
32.95823261258124
 31
0.0
  0
LINE
  5
B6A
330
1F
100
AcDbEntity
  8
0
100
AcDbLine
 10
778.8367353491127
 20
25.35439955154493
 30
0.0
 11
777.4121811914675
 21
29.10701965087742
 31
0.0
  0
LINE
  5
B6B
330
1F
100
AcDbEntity
  8
0
100
AcDbLine
 10
777.4121811914675
 20
29.10701965087742
 30
0.0
 11
754.9306935714863
 21
34.79623259193795
 31
0.0
  0
ARC
  5
B6C
330
1F
100
AcDbEntity
  8
0
100
AcDbCircle
 10
564.935085487163
 20
130.7996580897986
 30
0.0
 40
212.8731753853806
100
AcDbArc
 50
326.6409474257832
 51
333.1928556678164
  0
LINE
  5
B6D
330
1F
100
AcDbEntity
  8
0
100
AcDbLine
 10
742.7355022842808
 20
13.74411321717775
 30
0.0
 11
744.4060142330114
 21
0.0
 31
0.0
  0
LINE
  5
B6E
330
1F
100
AcDbEntity
  8
0
100
AcDbLine
 10
744.4060142330114
 20
0.0
 30
0.0
 11
772.3533678879036
 21
0.0
 31
0.0
  0
LINE
  5
B6F
330
1F
100
AcDbEntity
  8
0
100
AcDbLine
 10
772.3533678879036
 20
0.0
 30
0.0
 11
771.3372967474184
 21
15.17188142836608
 31
0.0
  0
ARC
  5
B70
330
1F
100
AcDbEntity
  8
0
100
AcDbCircle
 10
601.7567160729869
 20
147.9211448021581
 30
0.0
 40
215.3600247682049
100
AcDbArc
 50
321.9458285127741
 51
325.3107774760405
  0
LINE
  5
B71
330
1F
100
AcDbEntity
  8
0
100
AcDbLine
 10
778.8367353491127
 20
25.35439955154493
 30
0.0
 11
778.8367353491127
 21
25.35439955154493
 31
0.0
  0
LINE
  5
B72
330
1F
100
AcDbEntity
  8
0
100
AcDbLine
 10
746.1136928584911
 20
33.48067383208104
 30
0.0
 11
744.1978905538741
 21
37.51229848819026
 31
0.0
  0
LINE
  5
B73
330
1F
100
AcDbEntity
  8
0
100
AcDbLine
 10
744.1978905538741
 20
37.51229848819026
 30
0.0
 11
731.1342902423076
 21
40.81820089134521
 31
0.0
  0
LINE
  5
B74
330
1F
100
AcDbEntity
  8
0
100
AcDbLine
 10
731.1342902423076
 20
0.0
 30
0.0
 11
733.9785135175276
 21
0.0
 31
0.0
  0
LINE
  5
B75
330
1F
100
AcDbEntity
  8
0
100
AcDbLine
 10
733.9785135175276
 20
0.0
 30
0.0
 11
733.2740858888224
 21
10.29616797816447
 31
0.0
  0
ARC
  5
B76
330
1F
100
AcDbEntity
  8
0
100
AcDbCircle
 10
552.5579009601971
 20
125.5245542887203
 30
0.0
 40
214.3266677455043
100
AcDbArc
 50
327.4775710931018
 51
334.5669564259503
  0
LINE
  5
B77
330
1F
100
AcDbEntity
  8
0
100
AcDbLine
 10
746.1136928584911
 20
33.48067383208104
 30
0.0
 11
746.1136928584911
 21
33.48067383208104
 31
0.0
  0
LINE
  5
B78
330
1F
100
AcDbEntity
  8
0
100
AcDbLine
 10
914.4121143194558
 20
144.25281878239
 30
0.0
 11
915.4210646315592
 21
158.9999999999963
 31
0.0
  0
LINE
  5
B79
330
1F
100
AcDbEntity
  8
0
100
AcDbLine
 10
915.4210646315592
 20
158.9999999999963
 30
0.0
 11
913.9178628028846
 21
158.9999999999963
 31
0.0
  0
LINE
  5
B7A
330
1F
100
AcDbEntity
  8
0
100
AcDbLine
 10
913.9178628028846
 20
119.6477231304345
 30
0.0
 11
923.6283296259131
 21
122.1050744608862
 31
0.0
  0
LINE
  5
B7B
330
1F
100
AcDbEntity
  8
0
100
AcDbLine
 10
923.6283296259131
 20
122.1050744608862
 30
0.0
 11
925.3553410715641
 21
126.041767387419
 31
0.0
  0
ARC
  5
B7C
330
1F
100
AcDbEntity
  8
0
100
AcDbCircle
 10
684.2218797839924
 20
-6.464576684938265
 30
0.0
 40
275.1422856849647
100
AcDbArc
 50
28.78943461074891
 51
33.21483320446156
  0
LINE
  5
B7D
330
1F
100
AcDbEntity
  8
0
100
AcDbLine
 10
914.4121143194558
 20
144.25281878239
 30
0.0
 11
914.4121143194558
 21
144.25281878239
 31
0.0
  0
LINE
  5
B7E
330
1F
100
AcDbEntity
  8
0
100
AcDbLine
 10
969.0084796714446
 20
158.9999999999986
 30
0.0
 11
926.8534138693777
 21
158.9999999999968
 31
0.0
  0
LINE
  5
B7F
330
1F
100
AcDbEntity
  8
0
100
AcDbLine
 10
926.8534138693777
 20
158.9999999999968
 30
0.0
 11
924.8008878957064
 21
142.11287184462
 31
0.0
  0
ARC
  5
B80
330
1F
100
AcDbEntity
  8
0
100
AcDbCircle
 10
749.1800550504921
 20
21.0569590390644
 30
0.0
 40
213.3007523531808
100
AcDbArc
 50
29.18919456554815
 51
34.57860025557294
  0
LINE
  5
B81
330
1F
100
AcDbEntity
  8
0
100
AcDbLine
 10
935.3946124414365
 20
125.0826749468515
 30
0.0
 11
966.6765303180756
 21
132.9989434346791
 31
0.0
  0
LINE
  5
B82
330
1F
100
AcDbEntity
  8
0
100
AcDbLine
 10
966.6765303180756
 20
132.9989434346791
 30
0.0
 11
969.0084796714446
 21
158.9999999999986
 31
0.0
  0
LINE
  5
B83
330
1F
100
AcDbEntity
  8
0
100
AcDbLine
 10
969.0084796714446
 20
158.9999999999986
 30
0.0
 11
969.0084796714446
 21
158.9999999999986
 31
0.0
  0
LINE
  5
B84
330
1F
100
AcDbEntity
  8
0
100
AcDbLine
 10
1007.449444729691
 20
148.7038320218355
 30
0.0
 11
1008.153872358396
 21
159.0
 31
0.0
  0
LINE
  5
B85
330
1F
100
AcDbEntity
  8
0
100
AcDbLine
 10
1008.153872358396
 20
159.0
 30
0.0
 11
1005.309649083179
 21
159.0
 31
0.0
  0
LINE
  5
B86
330
1F
100
AcDbEntity
  8
0
100
AcDbLine
 10
1005.309649083179
 20
159.0
 30
0.0
 11
982.3435365970864
 21
158.9999999999991
 31
0.0
  0
LINE
  5
B87
330
1F
100
AcDbEntity
  8
0
100
AcDbLine
 10
982.3435365970864
 20
158.9999999999991
 30
0.0
 11
978.62278524866
 21
138.1930109110315
 31
0.0
  0
ARC
  5
B88
330
1F
100
AcDbEntity
  8
0
100
AcDbCircle
 10
802.6288248307825
 20
4.770328388878397
 30
0.0
 40
220.8517292551198
100
AcDbArc
 50
30.02515641752738
 51
37.1661094095397
  0
LINE
  5
B89
330
1F
100
AcDbEntity
  8
0
100
AcDbLine
 10
993.8435305659201
 20
115.2801588366783
 30
0.0
 11
1005.309649083176
 21
118.1817991086554
 31
0.0
  0
LINE
  5
B8A
330
1F
100
AcDbEntity
  8
0
100
AcDbLine
 10
1005.309649083176
 20
118.1817991086554
 30
0.0
 11
1018.373249394743
 21
121.4877015118102
 31
0.0
  0
LINE
  5
B8B
330
1F
100
AcDbEntity
  8
0
100
AcDbLine
 10
1018.373249394743
 20
121.4877015118102
 30
0.0
 11
1020.28905169936
 21
125.5193261679189
 31
0.0
  0
ARC
  5
B8C
330
1F
100
AcDbEntity
  8
0
100
AcDbCircle
 10
826.7332598010654
 20
33.47544571127833
 30
0.0
 40
214.3266677455054
100
AcDbArc
 50
25.4330435740497
 51
32.52242890689828
  0
LINE
  5
B8D
330
1F
100
AcDbEntity
  8
0
100
AcDbLine
 10
1007.449444729691
 20
148.7038320218355
 30
0.0
 11
1007.449444729691
 21
148.7038320218355
 31
0.0
  0
LINE
  5
B8E
330
1F
100
AcDbEntity
  8
0
100
AcDbLine
 10
1045.512655588287
 20
143.8281185716337
 30
0.0
 11
1046.528726728772
 21
159.0
 31
0.0
  0
LINE
  5
B8F
330
1F
100
AcDbEntity
  8
0
100
AcDbLine
 10
1046.528726728772
 20
159.0
 30
0.0
 11
1018.58137307388
 21
159.0
 31
0.0
  0
LINE
  5
B90
330
1F
100
AcDbEntity
  8
0
100
AcDbLine
 10
1018.58137307388
 20
159.0
 30
0.0
 11
1016.91086112515
 21
145.2558867828222
 31
0.0
  0
ARC
  5
B91
330
1F
100
AcDbEntity
  8
0
100
AcDbCircle
 10
839.1104443280338
 20
28.20034191020045
 30
0.0
 40
212.8731753853794
100
AcDbArc
 50
26.80714433218363
 51
33.35905257421675
  0
LINE
  5
B92
330
1F
100
AcDbEntity
  8
0
100
AcDbLine
 10
1029.106052412355
 20
124.2037674080622
 30
0.0
 11
1051.587540032336
 21
129.8929803491225
 31
0.0
  0
LINE
  5
B93
330
1F
100
AcDbEntity
  8
0
100
AcDbLine
 10
1051.587540032336
 20
129.8929803491225
 30
0.0
 11
1053.012094189982
 21
133.6456004484546
 31
0.0
  0
ARC
  5
B94
330
1F
100
AcDbEntity
  8
0
100
AcDbCircle
 10
875.9320749138579
 20
11.07885519784213
 30
0.0
 40
215.3600247682026
100
AcDbArc
 50
34.68922252395945
 51
38.0541714872259
  0
LINE
  5
B95
330
1F
100
AcDbEntity
  8
0
100
AcDbLine
 10
1045.512655588287
 20
143.8281185716337
 30
0.0
 11
1045.512655588287
 21
143.8281185716337
 31
0.0
  0
LINE
  5
B96
330
1F
100
AcDbEntity
  8
0
100
AcDbLine
 10
1096.701435363468
 20
159.0
 30
0.0
 11
1060.070246732278
 21
159.0
 31
0.0
  0
LINE
  5
B97
330
1F
100
AcDbEntity
  8
0
100
AcDbLine
 10
1060.070246732278
 20
159.0
 30
0.0
 11
1056.965894896456
 21
143.4787051330859
 31
0.0
  0
ARC
  5
B98
330
1F
100
AcDbEntity
  8
0
100
AcDbCircle
 10
862.1032357357616
 20
0.2534013674683138
 30
0.0
 40
241.8366051157903
100
AcDbArc
 50
28.12469715257825
 51
36.31612491339424
  0
LINE
  5
B99
330
1F
100
AcDbEntity
  8
0
100
AcDbLine
 10
1075.384682855483
 20
114.2532605272415
 30
0.0
 11
1096.701435363466
 21
119.647723130435
 31
0.0
  0
LINE
  5
B9A
330
1F
100
AcDbEntity
  8
0
100
AcDbLine
 10
1096.701435363468
 20
159.0
 30
0.0
 11
1096.701435363468
 21
159.0
 31
0.0
  0
LINE
  5
B9B
330
1F
100
AcDbEntity
  8
0
100
AcDbLine
 10
1096.701435363466
 20
112.4270596278224
 30
0.0
 11
1090.576274315463
 21
110.8770133813477
 31
0.0
  0
LINE
  5
B9C
330
1F
100
AcDbEntity
  8
0
100
AcDbLine
 10
1090.576274315463
 20
110.8770133813477
 30
0.0
 11
1078.67767461787
 21
107.8659285045569
 31
0.0
  0
ARC
  5
B9D
330
1F
100
AcDbEntity
  8
0
100
AcDbCircle
 10
862.1032357357622
 20
0.2534013674680864
 30
0.0
 40
241.8366051157899
100
AcDbArc
 50
19.13631246398551
 51
26.42207891277804
  0
ARC
  5
B9E
330
1F
100
AcDbEntity
  8
0
100
AcDbCircle
 10
862.1032357357666
 20
0.2534013674664948
 30
0.0
 40
241.8366051157863
100
AcDbArc
 50
15.21100042832071
 51
19.13631246398551
  0
ARC
  5
B9F
330
1F
100
AcDbEntity
  8
0
100
AcDbCircle
 10
894.0206111110725
 20
154.2296716111243
 30
0.0
 40
220.8517292551228
100
AcDbArc
 50
333.0291673319346
 51
335.802186398771
  0
LINE
  5
BA0
330
1F
100
AcDbEntity
  8
0
100
AcDbLine
 10
1090.851958545663
 20
54.06527183724438
 30
0.0
 11
1092.632952188052
 21
50.09996673322735
 31
0.0
  0
LINE
  5
BA1
330
1F
100
AcDbEntity
  8
0
100
AcDbLine
 10
1092.632952188052
 20
50.09996673322735
 30
0.0
 11
1096.701435363463
 21
49.07038775147544
 31
0.0
  0
LINE
  5
BA2
330
1F
100
AcDbEntity
  8
0
100
AcDbLine
 10
1096.701435363466
 20
112.4270596278224
 30
0.0
 11
1096.701435363466
 21
112.4270596278224
 31
0.0
  0
LINE
  5
BA3
330
1F
100
AcDbEntity
  8
0
100
AcDbLine
 10
1059.528385889481
 20
123.6503207843898
 30
0.0
 11
1035.555883417984
 21
117.583788462515
 31
0.0
  0
LINE
  5
BA4
330
1F
100
AcDbEntity
  8
0
100
AcDbLine
 10
1035.555883417984
 20
117.583788462515
 30
0.0
 11
1033.877612877193
 21
114.1115684990336
 31
0.0
  0
ARC
  5
BA5
330
1F
100
AcDbEntity
  8
0
100
AcDbCircle
 10
839.1104443280324
 20
28.20034191019999
 30
0.0
 40
212.8731753853804
100
AcDbArc
 50
13.94975007767635
 51
23.80213509318581
  0
LINE
  5
BA6
330
1F
100
AcDbEntity
  8
0
100
AcDbLine
 10
1045.705462914628
 20
79.51785445571386
 30
0.0
 11
1078.188195509538
 21
75.22954722225222
 31
0.0
  0
LINE
  5
BA7
330
1F
100
AcDbEntity
  8
0
100
AcDbLine
 10
1078.188195509538
 20
75.22954722225222
 30
0.0
 11
1080.59583087194
 21
78.10636645472391
 31
0.0
  0
ARC
  5
BA8
330
1F
100
AcDbEntity
  8
0
100
AcDbCircle
 10
875.9320749138577
 20
11.07885519784099
 30
0.0
 40
215.3600247682036
100
AcDbArc
 50
18.13365459758978
 51
31.51440480752226
  0
LINE
  5
BA9
330
1F
100
AcDbEntity
  8
0
100
AcDbLine
 10
1059.528385889481
 20
123.6503207843898
 30
0.0
 11
1059.528385889481
 21
123.6503207843898
 31
0.0
  0
LINE
  5
BAA
330
1F
100
AcDbEntity
  8
0
100
AcDbLine
 10
1024.986812549388
 20
114.9091569711736
 30
0.0
 11
1005.309649083179
 21
109.9296122485266
 31
0.0
  0
LINE
  5
BAB
330
1F
100
AcDbEntity
  8
0
100
AcDbLine
 10
1005.309649083179
 20
109.9296122485266
 30
0.0
 11
1001.24116590776
 21
108.9000332667726
 31
0.0
  0
LINE
  5
BAC
330
1F
100
AcDbEntity
  8
0
100
AcDbLine
 10
1001.24116590776
 20
108.9000332667726
 30
0.0
 11
999.4601722653712
 21
104.9347281627554
 31
0.0
  0
ARC
  5
BAD
330
1F
100
AcDbEntity
  8
0
100
AcDbCircle
 10
802.6288248307889
 20
4.77032838887294
 30
0.0
 40
220.8517292551168
100
AcDbArc
 50
24.19781360122905
 51
26.97083266806536
  0
ARC
  5
BAE
330
1F
100
AcDbEntity
  8
0
100
AcDbCircle
 10
770.7114494554679
 20
158.7465986325326
 30
0.0
 40
241.8366051157926
100
AcDbArc
 50
340.8636875360145
 51
344.7889995716792
  0
ARC
  5
BAF
330
1F
100
AcDbEntity
  8
0
100
AcDbCircle
 10
770.7114494554722
 20
158.7465986325326
 30
0.0
 40
241.8366051157886
100
AcDbArc
 50
333.577921087222
 51
340.8636875360145
  0
LINE
  5
BB0
330
1F
100
AcDbEntity
  8
0
100
AcDbLine
 10
987.2858883375776
 20
51.13407149544241
 30
0.0
 11
999.184488035171
 21
48.12298661865134
 31
0.0
  0
LINE
  5
BB1
330
1F
100
AcDbEntity
  8
0
100
AcDbLine
 10
999.184488035171
 20
48.12298661865134
 30
0.0
 11
1005.309649083176
 21
46.57294037217707
 31
0.0
  0
LINE
  5
BB2
330
1F
100
AcDbEntity
  8
0
100
AcDbLine
 10
1005.309649083176
 20
46.57294037217707
 30
0.0
 11
1021.710995253223
 21
42.42238092259959
 31
0.0
  0
ARC
  5
BB3
330
1F
100
AcDbEntity
  8
0
100
AcDbCircle
 10
775.6136660642838
 20
165.4645766849394
 30
0.0
 40
275.1422856849656
100
AcDbArc
 50
333.4361536817505
 51
341.4247370161894
  0
ARC
  5
BB4
330
1F
100
AcDbEntity
  8
0
100
AcDbCircle
 10
826.7332598010636
 20
33.4754457112781
 30
0.0
 40
214.326667745507
100
AcDbArc
 50
11.94029345672383
 51
22.33067050114111
  0
LINE
  5
BB5
330
1F
100
AcDbEntity
  8
0
100
AcDbLine
 10
1024.986812549388
 20
114.9091569711736
 30
0.0
 11
1024.986812549388
 21
114.9091569711736
 31
0.0
  0
LINE
  5
BB6
330
1F
100
AcDbEntity
  8
0
100
AcDbLine
 10
974.6312732213196
 20
127.79132404343
 30
0.0
 11
942.1992878803852
 21
119.5840170437557
 31
0.0
  0
LINE
  5
BB7
330
1F
100
AcDbEntity
  8
0
100
AcDbLine
 10
942.1992878803852
 20
119.5840170437557
 30
0.0
 11
940.3832828643936
 21
115.6007934651034
 31
0.0
  0
ARC
  5
BB8
330
1F
100
AcDbEntity
  8
0
100
AcDbCircle
 10
749.1800550504923
 20
21.05695903906303
 30
0.0
 40
213.3007523531814
100
AcDbArc
 50
17.31101105380633
 51
26.31091189374687
  0
LINE
  5
BB9
330
1F
100
AcDbEntity
  8
0
100
AcDbLine
 10
952.8190581634364
 20
84.52637975171455
 30
0.0
 11
988.4063956488555
 21
89.22455088963966
 31
0.0
  0
LINE
  5
BBA
330
1F
100
AcDbEntity
  8
0
100
AcDbLine
 10
988.4063956488555
 20
89.22455088963966
 30
0.0
 11
990.892639013543
 21
93.04157284977623
 31
0.0
  0
ARC
  5
BBB
330
1F
100
AcDbEntity
  8
0
100
AcDbCircle
 10
859.5289492458711
 20
52.74878368415738
 30
0.0
 40
137.4042497454943
100
AcDbArc
 50
17.05219009185052
 51
33.10289212201543
  0
LINE
  5
BBC
330
1F
100
AcDbEntity
  8
0
100
AcDbLine
 10
974.6312732213196
 20
127.79132404343
 30
0.0
 11
974.6312732213196
 21
127.79132404343
 31
0.0
  0
ARC
  5
BBD
330
1F
100
AcDbEntity
  8
0
100
AcDbCircle
 10
684.2218797839908
 20
-6.464576684940539
 30
0.0
 40
275.142285684967
100
AcDbArc
 50
19.0628885360001
 51
26.56384631824952
  0
LINE
  5
BBE
330
1F
100
AcDbEntity
  8
0
100
AcDbLine
 10
930.3192089729314
 20
116.5776190774004
 30
0.0
 11
913.9178628028846
 21
112.4270596278213
 31
0.0
  0
LINE
  5
BBF
330
1F
100
AcDbEntity
  8
0
100
AcDbLine
 10
913.9178628028846
 20
49.07038775147407
 30
0.0
 11
933.5950262690968
 21
44.09084302882638
 31
0.0
  0
ARC
  5
BC0
330
1F
100
AcDbEntity
  8
0
100
AcDbCircle
 10
735.3414735207722
 20
125.5245542887216
 30
0.0
 40
214.3266677455064
100
AcDbArc
 50
337.6693294988589
 51
347.2352948056126
  0
LINE
  5
BC1
330
1F
100
AcDbEntity
  8
0
100
AcDbLine
 10
944.3711960193201
 20
78.16955857472294
 30
0.0
 11
939.4598214487848
 21
77.52116844819738
 31
0.0
  0
LINE
  5
BC2
330
1F
100
AcDbEntity
  8
0
100
AcDbLine
 10
939.4598214487848
 20
77.52116844819738
 30
0.0
 11
939.4716523397962
 21
82.76428117290107
 31
0.0
  0
LINE
  5
BC3
330
1F
100
AcDbEntity
  8
0
100
AcDbLine
 10
939.4716523397962
 20
82.76428117290107
 30
0.0
 11
944.2755437294231
 21
83.3984815787544
 31
0.0
  0
LINE
  5
BC4
330
1F
100
AcDbEntity
  8
0
100
AcDbLine
 10
944.2755437294231
 20
83.3984815787544
 30
0.0
 11
944.2755437294231
 21
83.3984815787544
 31
0.0
  0
LINE
  5
BC5
330
1F
100
AcDbEntity
  8
0
100
AcDbLine
 10
989.2040445916487
 20
80.89363354527609
 30
0.0
 11
986.7964092292471
 21
83.77045277774778
 31
0.0
  0
LINE
  5
BC6
330
1F
100
AcDbEntity
  8
0
100
AcDbLine
 10
986.7964092292471
 20
83.77045277774778
 30
0.0
 11
954.3136766343364
 21
79.48214554428614
 31
0.0
  0
ARC
  5
BC7
330
1F
100
AcDbEntity
  8
0
100
AcDbCircle
 10
747.7186580477397
 20
130.7996580897986
 30
0.0
 40
212.8731753853809
100
AcDbArc
 50
336.1978649068142
 51
346.0502499223236
  0
LINE
  5
BC8
330
1F
100
AcDbEntity
  8
0
100
AcDbLine
 10
942.4858265969007
 20
44.88843150096568
 30
0.0
 11
944.1640971376919
 21
41.41621153748497
 31
0.0
  0
LINE
  5
BC9
330
1F
100
AcDbEntity
  8
0
100
AcDbLine
 10
944.1640971376919
 20
41.41621153748497
 30
0.0
 11
968.1365996091891
 21
35.34967921561019
 31
0.0
  0
ARC
  5
BCA
330
1F
100
AcDbEntity
  8
0
100
AcDbCircle
 10
784.540288633566
 20
147.921144802159
 30
0.0
 40
215.3600247682035
100
AcDbArc
 50
328.4855951924777
 51
341.8663454024102
  0
LINE
  5
BCB
330
1F
100
AcDbEntity
  8
0
100
AcDbLine
 10
989.2040445916487
 20
80.89363354527609
 30
0.0
 11
989.2040445916487
 21
80.89363354527609
 31
0.0
  0
LINE
  5
BCC
330
1F
100
AcDbEntity
  8
0
100
AcDbLine
 10
1082.284425293835
 20
65.95842715022377
 30
0.0
 11
1079.798181929147
 21
69.77544911036034
 31
0.0
  0
LINE
  5
BCD
330
1F
100
AcDbEntity
  8
0
100
AcDbLine
 10
1079.798181929147
 20
69.77544911036034
 30
0.0
 11
1044.210844443728
 21
74.47362024828544
 31
0.0
  0
ARC
  5
BCE
330
1F
100
AcDbEntity
  8
0
100
AcDbCircle
 10
840.571841330785
 20
137.9430409609381
 30
0.0
 40
213.3007523531809
100
AcDbArc
 50
333.6890881062502
 51
342.6889889461937
  0
LINE
  5
BCF
330
1F
100
AcDbEntity
  8
0
100
AcDbLine
 10
1031.775069144685
 20
43.39920653489684
 30
0.0
 11
1033.591074160677
 21
39.41598295624431
 31
0.0
  0
LINE
  5
BD0
330
1F
100
AcDbEntity
  8
0
100
AcDbLine
 10
1033.591074160677
 20
39.41598295624431
 30
0.0
 11
1066.023059501611
 21
31.20867595657001
 31
0.0
  0
ARC
  5
BD1
330
1F
100
AcDbEntity
  8
0
100
AcDbCircle
 10
950.9207355261624
 20
106.2512163158428
 30
0.0
 40
137.4042497454948
100
AcDbArc
 50
326.8971078779845
 51
342.9478099081495
  0
LINE
  5
BD2
330
1F
100
AcDbEntity
  8
0
100
AcDbLine
 10
1082.284425293835
 20
65.95842715022377
 30
0.0
 11
1082.284425293835
 21
65.95842715022377
 31
0.0
  0
LINE
  5
BD3
330
1F
100
AcDbEntity
  8
0
100
AcDbLine
 10
1096.701435363463
 20
40.81820089134566
 30
0.0
 11
1085.235316846212
 21
43.71984116332169
 31
0.0
  0
ARC
  5
BD4
330
1F
100
AcDbEntity
  8
0
100
AcDbCircle
 10
894.0206111110748
 20
154.2296716111223
 30
0.0
 40
220.8517292551199
100
AcDbArc
 50
322.8338905904603
 51
329.9748435824726
  0
LINE
  5
BD5
330
1F
100
AcDbEntity
  8
0
100
AcDbLine
 10
1070.014571528952
 20
20.80698908896852
 30
0.0
 11
1073.735322877378
 21
0.0000000000009095
 31
0.0
  0
LINE
  5
BD6
330
1F
100
AcDbEntity
  8
0
100
AcDbLine
 10
1073.735322877378
 20
0.0000000000009095
 30
0.0
 11
1096.701435363461
 21
0.0
 31
0.0
  0
LINE
  5
BD7
330
1F
100
AcDbEntity
  8
0
100
AcDbLine
 10
1096.701435363463
 20
40.81820089134566
 30
0.0
 11
1096.701435363463
 21
40.81820089134566
 31
0.0
  0
LINE
  5
BD8
330
1F
100
AcDbEntity
  8
0
100
AcDbLine
 10
1058.068316598367
 20
26.00105656532083
 30
0.0
 11
1026.786398721728
 21
33.91732505314849
 31
0.0
  0
ARC
  5
BD9
330
1F
100
AcDbEntity
  8
0
100
AcDbCircle
 10
840.571841330785
 20
137.9430409609349
 30
0.0
 40
213.3007523531795
100
AcDbArc
 50
325.4213997444271
 51
330.8108054344518
  0
LINE
  5
BDA
330
1F
100
AcDbEntity
  8
0
100
AcDbLine
 10
1016.192674175998
 20
16.88712815537997
 30
0.0
 11
1018.245200149669
 21
0.0000000000029559
 31
0.0
  0
LINE
  5
BDB
330
1F
100
AcDbEntity
  8
0
100
AcDbLine
 10
1018.245200149669
 20
0.0000000000029559
 30
0.0
 11
1060.400265951736
 21
0.0000000000013642
 31
0.0
  0
LINE
  5
BDC
330
1F
100
AcDbEntity
  8
0
100
AcDbLine
 10
1060.400265951736
 20
0.0000000000013642
 30
0.0
 11
1058.068316598367
 21
26.00105656532083
 31
0.0
  0
LINE
  5
BDD
330
1F
100
AcDbEntity
  8
0
100
AcDbLine
 10
1058.068316598367
 20
26.00105656532083
 30
0.0
 11
1058.068316598367
 21
26.00105656532083
 31
0.0
  0
LINE
  5
BDE
330
1F
100
AcDbEntity
  8
0
100
AcDbLine
 10
1016.747127351856
 20
32.95823261258124
 30
0.0
 11
1015.020115906205
 21
36.89492553911373
 31
0.0
  0
LINE
  5
BDF
330
1F
100
AcDbEntity
  8
0
100
AcDbLine
 10
1015.020115906205
 20
36.89492553911373
 30
0.0
 11
1005.309649083179
 21
39.35227686956478
 31
0.0
  0
LINE
  5
BE0
330
1F
100
AcDbEntity
  8
0
100
AcDbLine
 10
1005.309649083179
 20
39.35227686956478
 30
0.0
 11
983.992896575191
 21
44.74673947275846
 31
0.0
  0
ARC
  5
BE1
330
1F
100
AcDbEntity
  8
0
100
AcDbCircle
 10
770.7114494554704
 20
158.7465986325314
 30
0.0
 40
241.8366051157895
100
AcDbArc
 50
323.6838750866057
 51
331.8753028474218
  0
LINE
  5
BE2
330
1F
100
AcDbEntity
  8
0
100
AcDbLine
 10
965.5741086161649
 20
15.52129486691387
 30
0.0
 11
968.6784604519862
 21
0.0
 31
0.0
  0
LINE
  5
BE3
330
1F
100
AcDbEntity
  8
0
100
AcDbLine
 10
968.6784604519862
 20
0.0
 30
0.0
 11
1005.309649083176
 21
0.0
 31
0.0
  0
LINE
  5
BE4
330
1F
100
AcDbEntity
  8
0
100
AcDbLine
 10
1005.309649083176
 20
0.0
 30
0.0
 11
1006.812850911852
 21
0.0
 31
0.0
  0
LINE
  5
BE5
330
1F
100
AcDbEntity
  8
0
100
AcDbLine
 10
1006.812850911852
 20
0.0
 30
0.0
 11
1005.803900599748
 21
14.74718121761066
 31
0.0
  0
ARC
  5
BE6
330
1F
100
AcDbEntity
  8
0
100
AcDbCircle
 10
775.6136660642806
 20
165.4645766849385
 30
0.0
 40
275.1422856849678
100
AcDbArc
 50
326.7851667955384
 51
331.2105653892511
  0
LINE
  5
BE7
330
1F
100
AcDbEntity
  8
0
100
AcDbLine
 10
1016.747127351856
 20
32.95823261258124
 30
0.0
 11
1016.747127351856
 21
32.95823261258124
 31
0.0
  0
LINE
  5
BE8
330
1F
100
AcDbEntity
  8
0
100
AcDbLine
 10
961.6203079096896
 20
25.35439955154493
 30
0.0
 11
960.1957537520444
 21
29.10701965087742
 31
0.0
  0
LINE
  5
BE9
330
1F
100
AcDbEntity
  8
0
100
AcDbLine
 10
960.1957537520444
 20
29.10701965087742
 30
0.0
 11
937.7142661320633
 21
34.79623259193795
 31
0.0
  0
ARC
  5
BEA
330
1F
100
AcDbEntity
  8
0
100
AcDbCircle
 10
747.71865804774
 20
130.7996580897986
 30
0.0
 40
212.8731753853806
100
AcDbArc
 50
326.6409474257832
 51
333.1928556678164
  0
LINE
  5
BEB
330
1F
100
AcDbEntity
  8
0
100
AcDbLine
 10
925.5190748448578
 20
13.74411321717775
 30
0.0
 11
927.1895867935883
 21
0.0
 31
0.0
  0
LINE
  5
BEC
330
1F
100
AcDbEntity
  8
0
100
AcDbLine
 10
927.1895867935883
 20
0.0
 30
0.0
 11
955.1369404484804
 21
0.0
 31
0.0
  0
LINE
  5
BED
330
1F
100
AcDbEntity
  8
0
100
AcDbLine
 10
955.1369404484804
 20
0.0
 30
0.0
 11
954.1208693079953
 21
15.17188142836608
 31
0.0
  0
ARC
  5
BEE
330
1F
100
AcDbEntity
  8
0
100
AcDbCircle
 10
784.5402886335638
 20
147.9211448021581
 30
0.0
 40
215.3600247682049
100
AcDbArc
 50
321.9458285127741
 51
325.3107774760405
  0
LINE
  5
BEF
330
1F
100
AcDbEntity
  8
0
100
AcDbLine
 10
961.6203079096896
 20
25.35439955154493
 30
0.0
 11
961.6203079096896
 21
25.35439955154493
 31
0.0
  0
LINE
  5
BF0
330
1F
100
AcDbEntity
  8
0
100
AcDbLine
 10
928.8972654190681
 20
33.48067383208104
 30
0.0
 11
926.9814631144511
 21
37.51229848819026
 31
0.0
  0
LINE
  5
BF1
330
1F
100
AcDbEntity
  8
0
100
AcDbLine
 10
926.9814631144511
 20
37.51229848819026
 30
0.0
 11
913.9178628028846
 21
40.81820089134521
 31
0.0
  0
LINE
  5
BF2
330
1F
100
AcDbEntity
  8
0
100
AcDbLine
 10
913.9178628028846
 20
0.0
 30
0.0
 11
916.7620860781045
 21
0.0
 31
0.0
  0
LINE
  5
BF3
330
1F
100
AcDbEntity
  8
0
100
AcDbLine
 10
916.7620860781045
 20
0.0
 30
0.0
 11
916.0576584493993
 21
10.29616797816447
 31
0.0
  0
ARC
  5
BF4
330
1F
100
AcDbEntity
  8
0
100
AcDbCircle
 10
735.3414735207739
 20
125.5245542887203
 30
0.0
 40
214.3266677455043
100
AcDbArc
 50
327.4775710931018
 51
334.5669564259503
  0
LINE
  5
BF5
330
1F
100
AcDbEntity
  8
0
100
AcDbLine
 10
928.8972654190681
 20
33.48067383208104
 30
0.0
 11
928.8972654190681
 21
33.48067383208104
 31
0.0
  0
LINE
  5
BF6
330
1F
100
AcDbEntity
  8
0
100
AcDbLine
 10
1097.195686880032
 20
144.25281878239
 30
0.0
 11
1098.204637192136
 21
158.9999999999963
 31
0.0
  0
LINE
  5
BF7
330
1F
100
AcDbEntity
  8
0
100
AcDbLine
 10
1098.204637192136
 20
158.9999999999963
 30
0.0
 11
1096.701435363461
 21
158.9999999999963
 31
0.0
  0
LINE
  5
BF8
330
1F
100
AcDbEntity
  8
0
100
AcDbLine
 10
1096.701435363461
 20
119.6477231304345
 30
0.0
 11
1106.41190218649
 21
122.1050744608862
 31
0.0
  0
LINE
  5
BF9
330
1F
100
AcDbEntity
  8
0
100
AcDbLine
 10
1106.41190218649
 20
122.1050744608862
 30
0.0
 11
1108.138913632141
 21
126.041767387419
 31
0.0
  0
ARC
  5
BFA
330
1F
100
AcDbEntity
  8
0
100
AcDbCircle
 10
867.005452344569
 20
-6.464576684938265
 30
0.0
 40
275.1422856849647
100
AcDbArc
 50
28.78943461074891
 51
33.2148332044471
  0
LINE
  5
BFB
330
1F
100
AcDbEntity
  8
0
100
AcDbLine
 10
1097.195686880032
 20
144.25281878239
 30
0.0
 11
1097.195686880032
 21
144.25281878239
 31
0.0
  0
LINE
  5
BFC
330
1F
100
AcDbEntity
  8
0
100
AcDbLine
 10
1151.792052232021
 20
158.9999999999986
 30
0.0
 11
1109.636986429954
 21
158.9999999999968
 31
0.0
  0
LINE
  5
BFD
330
1F
100
AcDbEntity
  8
0
100
AcDbLine
 10
1109.636986429954
 20
158.9999999999968
 30
0.0
 11
1107.584460456283
 21
142.11287184462
 31
0.0
  0
ARC
  5
BFE
330
1F
100
AcDbEntity
  8
0
100
AcDbCircle
 10
931.9636276110687
 20
21.0569590390644
 30
0.0
 40
213.3007523531808
100
AcDbArc
 50
29.18919456556271
 51
34.57860025558736
  0
LINE
  5
BFF
330
1F
100
AcDbEntity
  8
0
100
AcDbLine
 10
1118.178185002013
 20
125.0826749468515
 30
0.0
 11
1149.460102878652
 21
132.9989434346791
 31
0.0
  0
LINE
  5
C00
330
1F
100
AcDbEntity
  8
0
100
AcDbLine
 10
1149.460102878652
 20
132.9989434346791
 30
0.0
 11
1151.792052232021
 21
158.9999999999986
 31
0.0
  0
LINE
  5
C01
330
1F
100
AcDbEntity
  8
0
100
AcDbLine
 10
1151.792052232021
 20
158.9999999999986
 30
0.0
 11
1151.792052232021
 21
158.9999999999986
 31
0.0
  0
LINE
  5
C02
330
1F
100
AcDbEntity
  8
0
100
AcDbLine
 10
1190.233017290268
 20
148.7038320218355
 30
0.0
 11
1190.937444918973
 21
159.0
 31
0.0
  0
LINE
  5
C03
330
1F
100
AcDbEntity
  8
0
100
AcDbLine
 10
1190.937444918973
 20
159.0
 30
0.0
 11
1188.093221643756
 21
159.0
 31
0.0
  0
LINE
  5
C04
330
1F
100
AcDbEntity
  8
0
100
AcDbLine
 10
1188.093221643756
 20
159.0
 30
0.0
 11
1165.127109157663
 21
158.9999999999991
 31
0.0
  0
LINE
  5
C05
330
1F
100
AcDbEntity
  8
0
100
AcDbLine
 10
1165.127109157663
 20
158.9999999999991
 30
0.0
 11
1161.406357809237
 21
138.1930109110315
 31
0.0
  0
ARC
  5
C06
330
1F
100
AcDbEntity
  8
0
100
AcDbCircle
 10
985.4123973913594
 20
4.770328388878397
 30
0.0
 40
220.8517292551198
100
AcDbArc
 50
30.02515641752738
 51
37.1661094095397
  0
LINE
  5
C07
330
1F
100
AcDbEntity
  8
0
100
AcDbLine
 10
1176.627103126497
 20
115.2801588366783
 30
0.0
 11
1188.093221643752
 21
118.1817991086554
 31
0.0
  0
LINE
  5
C08
330
1F
100
AcDbEntity
  8
0
100
AcDbLine
 10
1188.093221643752
 20
118.1817991086554
 30
0.0
 11
1201.15682195532
 21
121.4877015118102
 31
0.0
  0
LINE
  5
C09
330
1F
100
AcDbEntity
  8
0
100
AcDbLine
 10
1201.15682195532
 20
121.4877015118102
 30
0.0
 11
1203.072624259936
 21
125.5193261679189
 31
0.0
  0
ARC
  5
C0A
330
1F
100
AcDbEntity
  8
0
100
AcDbCircle
 10
1009.516832361642
 20
33.47544571127833
 30
0.0
 40
214.3266677455054
100
AcDbArc
 50
25.4330435740497
 51
32.52242890689828
  0
LINE
  5
C0B
330
1F
100
AcDbEntity
  8
0
100
AcDbLine
 10
1190.233017290268
 20
148.7038320218355
 30
0.0
 11
1190.233017290268
 21
148.7038320218355
 31
0.0
  0
LINE
  5
C0C
330
1F
100
AcDbEntity
  8
0
100
AcDbLine
 10
1228.296228148864
 20
143.8281185716337
 30
0.0
 11
1229.312299289349
 21
159.0
 31
0.0
  0
LINE
  5
C0D
330
1F
100
AcDbEntity
  8
0
100
AcDbLine
 10
1229.312299289349
 20
159.0
 30
0.0
 11
1201.364945634457
 21
159.0
 31
0.0
  0
LINE
  5
C0E
330
1F
100
AcDbEntity
  8
0
100
AcDbLine
 10
1201.364945634457
 20
159.0
 30
0.0
 11
1199.694433685726
 21
145.2558867828222
 31
0.0
  0
ARC
  5
C0F
330
1F
100
AcDbEntity
  8
0
100
AcDbCircle
 10
1021.89401688861
 20
28.20034191020045
 30
0.0
 40
212.8731753853794
100
AcDbArc
 50
26.80714433218363
 51
33.35905257422033
  0
LINE
  5
C10
330
1F
100
AcDbEntity
  8
0
100
AcDbLine
 10
1211.889624972932
 20
124.2037674080622
 30
0.0
 11
1234.371112592913
 21
129.8929803491225
 31
0.0
  0
LINE
  5
C11
330
1F
100
AcDbEntity
  8
0
100
AcDbLine
 10
1234.371112592913
 20
129.8929803491225
 30
0.0
 11
1235.795666750558
 21
133.6456004484546
 31
0.0
  0
ARC
  5
C12
330
1F
100
AcDbEntity
  8
0
100
AcDbCircle
 10
1058.715647474435
 20
11.07885519784213
 30
0.0
 40
215.3600247682026
100
AcDbArc
 50
34.68922252395945
 51
38.0541714872259
  0
LINE
  5
C13
330
1F
100
AcDbEntity
  8
0
100
AcDbLine
 10
1228.296228148864
 20
143.8281185716337
 30
0.0
 11
1228.296228148864
 21
143.8281185716337
 31
0.0
  0
LINE
  5
C14
330
1F
100
AcDbEntity
  8
0
100
AcDbLine
 10
1279.485007924044
 20
159.0
 30
0.0
 11
1242.853819292855
 21
159.0
 31
0.0
  0
LINE
  5
C15
330
1F
100
AcDbEntity
  8
0
100
AcDbLine
 10
1242.853819292855
 20
159.0
 30
0.0
 11
1239.749467457033
 21
143.4787051330859
 31
0.0
  0
ARC
  5
C16
330
1F
100
AcDbEntity
  8
0
100
AcDbCircle
 10
1044.886808296338
 20
0.2534013674683138
 30
0.0
 40
241.8366051157903
100
AcDbArc
 50
28.12469715257825
 51
36.31612491339424
  0
LINE
  5
C17
330
1F
100
AcDbEntity
  8
0
100
AcDbLine
 10
1258.16825541606
 20
114.2532605272415
 30
0.0
 11
1279.485007924043
 21
119.647723130435
 31
0.0
  0
LINE
  5
C18
330
1F
100
AcDbEntity
  8
0
100
AcDbLine
 10
1279.485007924044
 20
159.0
 30
0.0
 11
1279.485007924044
 21
159.0
 31
0.0
  0
LINE
  5
C19
330
1F
100
AcDbEntity
  8
0
100
AcDbLine
 10
1279.485007924043
 20
112.4270596278224
 30
0.0
 11
1273.359846876039
 21
110.8770133813477
 31
0.0
  0
LINE
  5
C1A
330
1F
100
AcDbEntity
  8
0
100
AcDbLine
 10
1273.359846876039
 20
110.8770133813477
 30
0.0
 11
1261.461247178446
 21
107.8659285045569
 31
0.0
  0
ARC
  5
C1B
330
1F
100
AcDbEntity
  8
0
100
AcDbCircle
 10
1044.886808296339
 20
0.2534013674680864
 30
0.0
 40
241.8366051157899
100
AcDbArc
 50
19.13631246398551
 51
26.42207891277804
  0
ARC
  5
C1C
330
1F
100
AcDbEntity
  8
0
100
AcDbCircle
 10
1044.886808296343
 20
0.2534013674664948
 30
0.0
 40
241.8366051157863
100
AcDbArc
 50
15.21100042832071
 51
19.13631246398551
  0
ARC
  5
C1D
330
1F
100
AcDbEntity
  8
0
100
AcDbCircle
 10
1076.804183671649
 20
154.2296716111243
 30
0.0
 40
220.8517292551228
100
AcDbArc
 50
333.0291673319346
 51
335.8021863987736
  0
LINE
  5
C1E
330
1F
100
AcDbEntity
  8
0
100
AcDbLine
 10
1273.635531106239
 20
54.06527183724438
 30
0.0
 11
1275.416524748628
 21
50.09996673322735
 31
0.0
  0
LINE
  5
C1F
330
1F
100
AcDbEntity
  8
0
100
AcDbLine
 10
1275.416524748628
 20
50.09996673322735
 30
0.0
 11
1279.48500792404
 21
49.07038775147544
 31
0.0
  0
LINE
  5
C20
330
1F
100
AcDbEntity
  8
0
100
AcDbLine
 10
1279.485007924043
 20
112.4270596278224
 30
0.0
 11
1279.485007924043
 21
112.4270596278224
 31
0.0
  0
LINE
  5
C21
330
1F
100
AcDbEntity
  8
0
100
AcDbLine
 10
1242.311958450058
 20
123.6503207843898
 30
0.0
 11
1218.33945597856
 21
117.583788462515
 31
0.0
  0
LINE
  5
C22
330
1F
100
AcDbEntity
  8
0
100
AcDbLine
 10
1218.33945597856
 20
117.583788462515
 30
0.0
 11
1216.661185437769
 21
114.1115684990336
 31
0.0
  0
ARC
  5
C23
330
1F
100
AcDbEntity
  8
0
100
AcDbCircle
 10
1021.894016888609
 20
28.20034191019999
 30
0.0
 40
212.8731753853804
100
AcDbArc
 50
13.94975007767635
 51
23.80213509318581
  0
LINE
  5
C24
330
1F
100
AcDbEntity
  8
0
100
AcDbLine
 10
1228.489035475205
 20
79.51785445571386
 30
0.0
 11
1260.971768070115
 21
75.22954722225222
 31
0.0
  0
LINE
  5
C25
330
1F
100
AcDbEntity
  8
0
100
AcDbLine
 10
1260.971768070115
 20
75.22954722225222
 30
0.0
 11
1263.379403432517
 21
78.10636645472391
 31
0.0
  0
ARC
  5
C26
330
1F
100
AcDbEntity
  8
0
100
AcDbCircle
 10
1058.715647474434
 20
11.07885519784099
 30
0.0
 40
215.3600247682036
100
AcDbArc
 50
18.13365459758978
 51
31.51440480752226
  0
LINE
  5
C27
330
1F
100
AcDbEntity
  8
0
100
AcDbLine
 10
1242.311958450058
 20
123.6503207843898
 30
0.0
 11
1242.311958450058
 21
123.6503207843898
 31
0.0
  0
LINE
  5
C28
330
1F
100
AcDbEntity
  8
0
100
AcDbLine
 10
1207.770385109965
 20
114.9091569711736
 30
0.0
 11
1188.093221643756
 21
109.9296122485266
 31
0.0
  0
LINE
  5
C29
330
1F
100
AcDbEntity
  8
0
100
AcDbLine
 10
1188.093221643756
 20
109.9296122485266
 30
0.0
 11
1184.024738468337
 21
108.9000332667726
 31
0.0
  0
LINE
  5
C2A
330
1F
100
AcDbEntity
  8
0
100
AcDbLine
 10
1184.024738468337
 20
108.9000332667726
 30
0.0
 11
1182.243744825948
 21
104.9347281627554
 31
0.0
  0
ARC
  5
C2B
330
1F
100
AcDbEntity
  8
0
100
AcDbCircle
 10
985.4123973913655
 20
4.77032838887294
 30
0.0
 40
220.8517292551168
100
AcDbArc
 50
24.19781360122905
 51
26.97083266806536
  0
ARC
  5
C2C
330
1F
100
AcDbEntity
  8
0
100
AcDbCircle
 10
953.4950220160446
 20
158.7465986325326
 30
0.0
 40
241.8366051157926
100
AcDbArc
 50
340.8636875360145
 51
344.7889995716792
  0
ARC
  5
C2D
330
1F
100
AcDbEntity
  8
0
100
AcDbCircle
 10
953.4950220160489
 20
158.7465986325326
 30
0.0
 40
241.8366051157886
100
AcDbArc
 50
333.577921087222
 51
340.8636875360145
  0
LINE
  5
C2E
330
1F
100
AcDbEntity
  8
0
100
AcDbLine
 10
1170.069460898154
 20
51.13407149544241
 30
0.0
 11
1181.968060595748
 21
48.12298661865134
 31
0.0
  0
LINE
  5
C2F
330
1F
100
AcDbEntity
  8
0
100
AcDbLine
 10
1181.968060595748
 20
48.12298661865134
 30
0.0
 11
1188.093221643752
 21
46.57294037217707
 31
0.0
  0
LINE
  5
C30
330
1F
100
AcDbEntity
  8
0
100
AcDbLine
 10
1188.093221643752
 20
46.57294037217707
 30
0.0
 11
1204.4945678138
 21
42.42238092259959
 31
0.0
  0
ARC
  5
C31
330
1F
100
AcDbEntity
  8
0
100
AcDbCircle
 10
958.3972386248607
 20
165.4645766849394
 30
0.0
 40
275.1422856849656
100
AcDbArc
 50
333.4361536817621
 51
341.4247370161894
  0
ARC
  5
C32
330
1F
100
AcDbEntity
  8
0
100
AcDbCircle
 10
1009.51683236164
 20
33.4754457112781
 30
0.0
 40
214.326667745507
100
AcDbArc
 50
11.94029345672383
 51
22.33067050115316
  0
LINE
  5
C33
330
1F
100
AcDbEntity
  8
0
100
AcDbLine
 10
1207.770385109965
 20
114.9091569711736
 30
0.0
 11
1207.770385109965
 21
114.9091569711736
 31
0.0
  0
LINE
  5
C34
330
1F
100
AcDbEntity
  8
0
100
AcDbLine
 10
1157.414845781896
 20
127.79132404343
 30
0.0
 11
1124.982860440962
 21
119.5840170437557
 31
0.0
  0
LINE
  5
C35
330
1F
100
AcDbEntity
  8
0
100
AcDbLine
 10
1124.982860440962
 20
119.5840170437557
 30
0.0
 11
1123.16685542497
 21
115.6007934651034
 31
0.0
  0
ARC
  5
C36
330
1F
100
AcDbEntity
  8
0
100
AcDbCircle
 10
931.963627611069
 20
21.05695903906303
 30
0.0
 40
213.3007523531814
100
AcDbArc
 50
17.31101105380633
 51
26.31091189374687
  0
LINE
  5
C37
330
1F
100
AcDbEntity
  8
0
100
AcDbLine
 10
1135.602630724013
 20
84.52637975171455
 30
0.0
 11
1171.189968209432
 21
89.22455088963966
 31
0.0
  0
LINE
  5
C38
330
1F
100
AcDbEntity
  8
0
100
AcDbLine
 10
1171.189968209432
 20
89.22455088963966
 30
0.0
 11
1173.67621157412
 21
93.04157284977623
 31
0.0
  0
ARC
  5
C39
330
1F
100
AcDbEntity
  8
0
100
AcDbCircle
 10
1042.312521806448
 20
52.74878368415738
 30
0.0
 40
137.4042497454943
100
AcDbArc
 50
17.05219009185052
 51
33.10289212201543
  0
LINE
  5
C3A
330
1F
100
AcDbEntity
  8
0
100
AcDbLine
 10
1157.414845781896
 20
127.79132404343
 30
0.0
 11
1157.414845781896
 21
127.79132404343
 31
0.0
  0
ARC
  5
C3B
330
1F
100
AcDbEntity
  8
0
100
AcDbCircle
 10
867.0054523445674
 20
-6.464576684940539
 30
0.0
 40
275.142285684967
100
AcDbArc
 50
19.0628885360001
 51
26.56384631823787
  0
LINE
  5
C3C
330
1F
100
AcDbEntity
  8
0
100
AcDbLine
 10
1113.102781533508
 20
116.5776190774004
 30
0.0
 11
1096.701435363461
 21
112.4270596278213
 31
0.0
  0
LINE
  5
C3D
330
1F
100
AcDbEntity
  8
0
100
AcDbLine
 10
1096.701435363461
 20
49.07038775147407
 30
0.0
 11
1116.378598829673
 21
44.09084302882638
 31
0.0
  0
ARC
  5
C3E
330
1F
100
AcDbEntity
  8
0
100
AcDbCircle
 10
918.125046081349
 20
125.5245542887216
 30
0.0
 40
214.3266677455064
100
AcDbArc
 50
337.6693294988468
 51
347.2352948056126
  0
LINE
  5
C3F
330
1F
100
AcDbEntity
  8
0
100
AcDbLine
 10
1127.154768579897
 20
78.16955857472294
 30
0.0
 11
1122.243394009361
 21
77.52116844819738
 31
0.0
  0
LINE
  5
C40
330
1F
100
AcDbEntity
  8
0
100
AcDbLine
 10
1122.243394009361
 20
77.52116844819738
 30
0.0
 11
1122.255224900373
 21
82.76428117290107
 31
0.0
  0
LINE
  5
C41
330
1F
100
AcDbEntity
  8
0
100
AcDbLine
 10
1122.255224900373
 20
82.76428117290107
 30
0.0
 11
1127.059116289999
 21
83.3984815787544
 31
0.0
  0
LINE
  5
C42
330
1F
100
AcDbEntity
  8
0
100
AcDbLine
 10
1127.059116289999
 20
83.3984815787544
 30
0.0
 11
1127.059116289999
 21
83.3984815787544
 31
0.0
  0
LINE
  5
C43
330
1F
100
AcDbEntity
  8
0
100
AcDbLine
 10
1171.987617152225
 20
80.89363354527609
 30
0.0
 11
1169.579981789824
 21
83.77045277774778
 31
0.0
  0
LINE
  5
C44
330
1F
100
AcDbEntity
  8
0
100
AcDbLine
 10
1169.579981789824
 20
83.77045277774778
 30
0.0
 11
1137.097249194913
 21
79.48214554428614
 31
0.0
  0
ARC
  5
C45
330
1F
100
AcDbEntity
  8
0
100
AcDbCircle
 10
930.5022306083163
 20
130.7996580897986
 30
0.0
 40
212.8731753853809
100
AcDbArc
 50
336.1978649068142
 51
346.0502499223236
  0
LINE
  5
C46
330
1F
100
AcDbEntity
  8
0
100
AcDbLine
 10
1125.269399157477
 20
44.88843150096568
 30
0.0
 11
1126.947669698268
 21
41.41621153748497
 31
0.0
  0
LINE
  5
C47
330
1F
100
AcDbEntity
  8
0
100
AcDbLine
 10
1126.947669698268
 20
41.41621153748497
 30
0.0
 11
1150.920172169766
 21
35.34967921561019
 31
0.0
  0
ARC
  5
C48
330
1F
100
AcDbEntity
  8
0
100
AcDbCircle
 10
967.3238611941426
 20
147.921144802159
 30
0.0
 40
215.3600247682035
100
AcDbArc
 50
328.4855951924777
 51
341.8663454024102
  0
LINE
  5
C49
330
1F
100
AcDbEntity
  8
0
100
AcDbLine
 10
1171.987617152225
 20
80.89363354527609
 30
0.0
 11
1171.987617152225
 21
80.89363354527609
 31
0.0
  0
LINE
  5
C4A
330
1F
100
AcDbEntity
  8
0
100
AcDbLine
 10
1265.067997854411
 20
65.95842715022377
 30
0.0
 11
1262.581754489724
 21
69.77544911036034
 31
0.0
  0
LINE
  5
C4B
330
1F
100
AcDbEntity
  8
0
100
AcDbLine
 10
1262.581754489724
 20
69.77544911036034
 30
0.0
 11
1226.994417004305
 21
74.47362024828544
 31
0.0
  0
ARC
  5
C4C
330
1F
100
AcDbEntity
  8
0
100
AcDbCircle
 10
1023.355413891362
 20
137.9430409609381
 30
0.0
 40
213.3007523531809
100
AcDbArc
 50
333.6890881062531
 51
342.6889889461937
  0
LINE
  5
C4D
330
1F
100
AcDbEntity
  8
0
100
AcDbLine
 10
1214.558641705262
 20
43.39920653489684
 30
0.0
 11
1216.374646721253
 21
39.41598295624431
 31
0.0
  0
LINE
  5
C4E
330
1F
100
AcDbEntity
  8
0
100
AcDbLine
 10
1216.374646721253
 20
39.41598295624431
 30
0.0
 11
1248.806632062188
 21
31.20867595657001
 31
0.0
  0
ARC
  5
C4F
330
1F
100
AcDbEntity
  8
0
100
AcDbCircle
 10
1133.704308086739
 20
106.2512163158428
 30
0.0
 40
137.4042497454948
100
AcDbArc
 50
326.8971078779845
 51
342.9478099081495
  0
LINE
  5
C50
330
1F
100
AcDbEntity
  8
0
100
AcDbLine
 10
1265.067997854411
 20
65.95842715022377
 30
0.0
 11
1265.067997854411
 21
65.95842715022377
 31
0.0
  0
LINE
  5
C51
330
1F
100
AcDbEntity
  8
0
100
AcDbLine
 10
1279.48500792404
 20
40.81820089134566
 30
0.0
 11
1268.018889406788
 21
43.71984116332169
 31
0.0
  0
ARC
  5
C52
330
1F
100
AcDbEntity
  8
0
100
AcDbCircle
 10
1076.804183671651
 20
154.2296716111223
 30
0.0
 40
220.8517292551199
100
AcDbArc
 50
322.8338905904603
 51
329.9748435824726
  0
LINE
  5
C53
330
1F
100
AcDbEntity
  8
0
100
AcDbLine
 10
1252.798144089529
 20
20.80698908896852
 30
0.0
 11
1256.518895437955
 21
0.0000000000009095
 31
0.0
  0
LINE
  5
C54
330
1F
100
AcDbEntity
  8
0
100
AcDbLine
 10
1256.518895437955
 20
0.0000000000009095
 30
0.0
 11
1279.485007924038
 21
0.0
 31
0.0
  0
LINE
  5
C55
330
1F
100
AcDbEntity
  8
0
100
AcDbLine
 10
1279.48500792404
 20
40.81820089134566
 30
0.0
 11
1279.48500792404
 21
40.81820089134566
 31
0.0
  0
LINE
  5
C56
330
1F
100
AcDbEntity
  8
0
100
AcDbLine
 10
1240.851889158944
 20
26.00105656532083
 30
0.0
 11
1209.569971282305
 21
33.91732505314849
 31
0.0
  0
ARC
  5
C57
330
1F
100
AcDbEntity
  8
0
100
AcDbCircle
 10
1023.355413891362
 20
137.9430409609349
 30
0.0
 40
213.3007523531795
100
AcDbArc
 50
325.4213997444127
 51
330.8108054344373
  0
LINE
  5
C58
330
1F
100
AcDbEntity
  8
0
100
AcDbLine
 10
1198.976246736575
 20
16.88712815537997
 30
0.0
 11
1201.028772710246
 21
0.0000000000029559
 31
0.0
  0
LINE
  5
C59
330
1F
100
AcDbEntity
  8
0
100
AcDbLine
 10
1201.028772710246
 20
0.0000000000029559
 30
0.0
 11
1243.183838512313
 21
0.0000000000013642
 31
0.0
  0
LINE
  5
C5A
330
1F
100
AcDbEntity
  8
0
100
AcDbLine
 10
1243.183838512313
 20
0.0000000000013642
 30
0.0
 11
1240.851889158944
 21
26.00105656532083
 31
0.0
  0
LINE
  5
C5B
330
1F
100
AcDbEntity
  8
0
100
AcDbLine
 10
1240.851889158944
 20
26.00105656532083
 30
0.0
 11
1240.851889158944
 21
26.00105656532083
 31
0.0
  0
LINE
  5
C5C
330
1F
100
AcDbEntity
  8
0
100
AcDbLine
 10
1199.530699912433
 20
32.95823261258124
 30
0.0
 11
1197.803688466781
 21
36.89492553911373
 31
0.0
  0
LINE
  5
C5D
330
1F
100
AcDbEntity
  8
0
100
AcDbLine
 10
1197.803688466781
 20
36.89492553911373
 30
0.0
 11
1188.093221643756
 21
39.35227686956478
 31
0.0
  0
LINE
  5
C5E
330
1F
100
AcDbEntity
  8
0
100
AcDbLine
 10
1188.093221643756
 20
39.35227686956478
 30
0.0
 11
1166.776469135768
 21
44.74673947275846
 31
0.0
  0
ARC
  5
C5F
330
1F
100
AcDbEntity
  8
0
100
AcDbCircle
 10
953.4950220160473
 20
158.7465986325314
 30
0.0
 40
241.8366051157895
100
AcDbArc
 50
323.6838750866057
 51
331.8753028474218
  0
LINE
  5
C60
330
1F
100
AcDbEntity
  8
0
100
AcDbLine
 10
1148.357681176741
 20
15.52129486691387
 30
0.0
 11
1151.462033012563
 21
0.0
 31
0.0
  0
LINE
  5
C61
330
1F
100
AcDbEntity
  8
0
100
AcDbLine
 10
1151.462033012563
 20
0.0
 30
0.0
 11
1188.093221643752
 21
0.0
 31
0.0
  0
LINE
  5
C62
330
1F
100
AcDbEntity
  8
0
100
AcDbLine
 10
1188.093221643752
 20
0.0
 30
0.0
 11
1189.596423472428
 21
0.0
 31
0.0
  0
LINE
  5
C63
330
1F
100
AcDbEntity
  8
0
100
AcDbLine
 10
1189.596423472428
 20
0.0
 30
0.0
 11
1188.587473160325
 21
14.74718121761066
 31
0.0
  0
ARC
  5
C64
330
1F
100
AcDbEntity
  8
0
100
AcDbCircle
 10
958.3972386248575
 20
165.4645766849385
 30
0.0
 40
275.1422856849678
100
AcDbArc
 50
326.7851667955529
 51
331.2105653892511
  0
LINE
  5
C65
330
1F
100
AcDbEntity
  8
0
100
AcDbLine
 10
1199.530699912433
 20
32.95823261258124
 30
0.0
 11
1199.530699912433
 21
32.95823261258124
 31
0.0
  0
LINE
  5
C66
330
1F
100
AcDbEntity
  8
0
100
AcDbLine
 10
1144.403880470266
 20
25.35439955154493
 30
0.0
 11
1142.979326312621
 21
29.10701965087742
 31
0.0
  0
LINE
  5
C67
330
1F
100
AcDbEntity
  8
0
100
AcDbLine
 10
1142.979326312621
 20
29.10701965087742
 30
0.0
 11
1120.49783869264
 21
34.79623259193795
 31
0.0
  0
ARC
  5
C68
330
1F
100
AcDbEntity
  8
0
100
AcDbCircle
 10
930.5022306083166
 20
130.7996580897986
 30
0.0
 40
212.8731753853806
100
AcDbArc
 50
326.6409474257832
 51
333.1928556678164
  0
LINE
  5
C69
330
1F
100
AcDbEntity
  8
0
100
AcDbLine
 10
1108.302647405434
 20
13.74411321717775
 30
0.0
 11
1109.973159354165
 21
0.0
 31
0.0
  0
LINE
  5
C6A
330
1F
100
AcDbEntity
  8
0
100
AcDbLine
 10
1109.973159354165
 20
0.0
 30
0.0
 11
1137.920513009057
 21
0.0
 31
0.0
  0
LINE
  5
C6B
330
1F
100
AcDbEntity
  8
0
100
AcDbLine
 10
1137.920513009057
 20
0.0
 30
0.0
 11
1136.904441868572
 21
15.17188142836608
 31
0.0
  0
ARC
  5
C6C
330
1F
100
AcDbEntity
  8
0
100
AcDbCircle
 10
967.3238611941405
 20
147.9211448021581
 30
0.0
 40
215.3600247682049
100
AcDbArc
 50
321.9458285127741
 51
325.3107774760405
  0
LINE
  5
C6D
330
1F
100
AcDbEntity
  8
0
100
AcDbLine
 10
1144.403880470266
 20
25.35439955154493
 30
0.0
 11
1144.403880470266
 21
25.35439955154493
 31
0.0
  0
LINE
  5
C6E
330
1F
100
AcDbEntity
  8
0
100
AcDbLine
 10
1111.680837979645
 20
33.48067383208104
 30
0.0
 11
1109.765035675027
 21
37.51229848819026
 31
0.0
  0
LINE
  5
C6F
330
1F
100
AcDbEntity
  8
0
100
AcDbLine
 10
1109.765035675027
 20
37.51229848819026
 30
0.0
 11
1096.701435363461
 21
40.81820089134521
 31
0.0
  0
LINE
  5
C70
330
1F
100
AcDbEntity
  8
0
100
AcDbLine
 10
1096.701435363461
 20
0.0
 30
0.0
 11
1099.545658638681
 21
0.0
 31
0.0
  0
LINE
  5
C71
330
1F
100
AcDbEntity
  8
0
100
AcDbLine
 10
1099.545658638681
 20
0.0
 30
0.0
 11
1098.841231009976
 21
10.29616797816447
 31
0.0
  0
ARC
  5
C72
330
1F
100
AcDbEntity
  8
0
100
AcDbCircle
 10
918.1250460813508
 20
125.5245542887203
 30
0.0
 40
214.3266677455043
100
AcDbArc
 50
327.4775710931018
 51
334.5669564259503
  0
LINE
  5
C73
330
1F
100
AcDbEntity
  8
0
100
AcDbLine
 10
1111.680837979645
 20
33.48067383208104
 30
0.0
 11
1111.680837979645
 21
33.48067383208104
 31
0.0
  0
LINE
  5
C74
330
1F
100
AcDbEntity
  8
0
100
AcDbLine
 10
1279.979259440609
 20
144.25281878239
 30
0.0
 11
1280.988209752713
 21
158.9999999999963
 31
0.0
  0
LINE
  5
C75
330
1F
100
AcDbEntity
  8
0
100
AcDbLine
 10
1280.988209752713
 20
158.9999999999963
 30
0.0
 11
1279.485007924038
 21
158.9999999999963
 31
0.0
  0
LINE
  5
C76
330
1F
100
AcDbEntity
  8
0
100
AcDbLine
 10
1279.485007924038
 20
119.6477231304345
 30
0.0
 11
1289.195474747067
 21
122.1050744608862
 31
0.0
  0
LINE
  5
C77
330
1F
100
AcDbEntity
  8
0
100
AcDbLine
 10
1289.195474747067
 20
122.1050744608862
 30
0.0
 11
1290.922486192717
 21
126.041767387419
 31
0.0
  0
ARC
  5
C78
330
1F
100
AcDbEntity
  8
0
100
AcDbCircle
 10
1049.789024905146
 20
-6.464576684938265
 30
0.0
 40
275.1422856849647
100
AcDbArc
 50
28.78943461074891
 51
33.2148332044471
  0
LINE
  5
C79
330
1F
100
AcDbEntity
  8
0
100
AcDbLine
 10
1279.979259440609
 20
144.25281878239
 30
0.0
 11
1279.979259440609
 21
144.25281878239
 31
0.0
  0
LINE
  5
C7A
330
1F
100
AcDbEntity
  8
0
100
AcDbLine
 10
1334.575624792598
 20
158.9999999999986
 30
0.0
 11
1292.420558990531
 21
158.9999999999968
 31
0.0
  0
LINE
  5
C7B
330
1F
100
AcDbEntity
  8
0
100
AcDbLine
 10
1292.420558990531
 20
158.9999999999968
 30
0.0
 11
1290.36803301686
 21
142.11287184462
 31
0.0
  0
ARC
  5
C7C
330
1F
100
AcDbEntity
  8
0
100
AcDbCircle
 10
1114.747200171645
 20
21.0569590390644
 30
0.0
 40
213.3007523531808
100
AcDbArc
 50
29.18919456556271
 51
34.57860025558736
  0
LINE
  5
C7D
330
1F
100
AcDbEntity
  8
0
100
AcDbLine
 10
1300.96175756259
 20
125.0826749468515
 30
0.0
 11
1332.243675439229
 21
132.9989434346791
 31
0.0
  0
LINE
  5
C7E
330
1F
100
AcDbEntity
  8
0
100
AcDbLine
 10
1332.243675439229
 20
132.9989434346791
 30
0.0
 11
1334.575624792598
 21
158.9999999999986
 31
0.0
  0
LINE
  5
C7F
330
1F
100
AcDbEntity
  8
0
100
AcDbLine
 10
1334.575624792598
 20
158.9999999999986
 30
0.0
 11
1334.575624792598
 21
158.9999999999986
 31
0.0
  0
LINE
  5
C80
330
1F
100
AcDbEntity
  8
0
100
AcDbLine
 10
1373.016589850845
 20
148.7038320218355
 30
0.0
 11
1373.72101747955
 21
159.0
 31
0.0
  0
LINE
  5
C81
330
1F
100
AcDbEntity
  8
0
100
AcDbLine
 10
1373.72101747955
 20
159.0
 30
0.0
 11
1370.876794204333
 21
159.0
 31
0.0
  0
LINE
  5
C82
330
1F
100
AcDbEntity
  8
0
100
AcDbLine
 10
1370.876794204333
 20
159.0
 30
0.0
 11
1347.91068171824
 21
158.9999999999991
 31
0.0
  0
LINE
  5
C83
330
1F
100
AcDbEntity
  8
0
100
AcDbLine
 10
1347.91068171824
 20
158.9999999999991
 30
0.0
 11
1344.189930369814
 21
138.1930109110315
 31
0.0
  0
ARC
  5
C84
330
1F
100
AcDbEntity
  8
0
100
AcDbCircle
 10
1168.195969951936
 20
4.770328388878397
 30
0.0
 40
220.8517292551198
100
AcDbArc
 50
30.02515641752738
 51
37.1661094095397
  0
LINE
  5
C85
330
1F
100
AcDbEntity
  8
0
100
AcDbLine
 10
1359.410675687074
 20
115.2801588366783
 30
0.0
 11
1370.87679420433
 21
118.1817991086554
 31
0.0
  0
LINE
  5
C86
330
1F
100
AcDbEntity
  8
0
100
AcDbLine
 10
1370.87679420433
 20
118.1817991086554
 30
0.0
 11
1383.940394515896
 21
121.4877015118102
 31
0.0
  0
LINE
  5
C87
330
1F
100
AcDbEntity
  8
0
100
AcDbLine
 10
1383.940394515896
 20
121.4877015118102
 30
0.0
 11
1385.856196820513
 21
125.5193261679189
 31
0.0
  0
ARC
  5
C88
330
1F
100
AcDbEntity
  8
0
100
AcDbCircle
 10
1192.300404922219
 20
33.47544571127833
 30
0.0
 40
214.3266677455054
100
AcDbArc
 50
25.4330435740497
 51
32.52242890689828
  0
LINE
  5
C89
330
1F
100
AcDbEntity
  8
0
100
AcDbLine
 10
1373.016589850845
 20
148.7038320218355
 30
0.0
 11
1373.016589850845
 21
148.7038320218355
 31
0.0
  0
LINE
  5
C8A
330
1F
100
AcDbEntity
  8
0
100
AcDbLine
 10
1411.079800709441
 20
143.8281185716337
 30
0.0
 11
1412.095871849926
 21
159.0
 31
0.0
  0
LINE
  5
C8B
330
1F
100
AcDbEntity
  8
0
100
AcDbLine
 10
1412.095871849926
 20
159.0
 30
0.0
 11
1384.148518195034
 21
159.0
 31
0.0
  0
LINE
  5
C8C
330
1F
100
AcDbEntity
  8
0
100
AcDbLine
 10
1384.148518195034
 20
159.0
 30
0.0
 11
1382.478006246303
 21
145.2558867828222
 31
0.0
  0
ARC
  5
C8D
330
1F
100
AcDbEntity
  8
0
100
AcDbCircle
 10
1204.677589449187
 20
28.20034191020045
 30
0.0
 40
212.8731753853794
100
AcDbArc
 50
26.80714433218363
 51
33.35905257422033
  0
LINE
  5
C8E
330
1F
100
AcDbEntity
  8
0
100
AcDbLine
 10
1394.673197533508
 20
124.2037674080622
 30
0.0
 11
1417.15468515349
 21
129.8929803491225
 31
0.0
  0
LINE
  5
C8F
330
1F
100
AcDbEntity
  8
0
100
AcDbLine
 10
1417.15468515349
 20
129.8929803491225
 30
0.0
 11
1418.579239311135
 21
133.6456004484546
 31
0.0
  0
ARC
  5
C90
330
1F
100
AcDbEntity
  8
0
100
AcDbCircle
 10
1241.499220035011
 20
11.07885519784213
 30
0.0
 40
215.3600247682026
100
AcDbArc
 50
34.68922252395945
 51
38.0541714872259
  0
LINE
  5
C91
330
1F
100
AcDbEntity
  8
0
100
AcDbLine
 10
1411.079800709441
 20
143.8281185716337
 30
0.0
 11
1411.079800709441
 21
143.8281185716337
 31
0.0
  0
LINE
  5
C92
330
1F
100
AcDbEntity
  8
0
100
AcDbLine
 10
1462.268580484621
 20
159.0
 30
0.0
 11
1425.637391853432
 21
159.0
 31
0.0
  0
LINE
  5
C93
330
1F
100
AcDbEntity
  8
0
100
AcDbLine
 10
1425.637391853432
 20
159.0
 30
0.0
 11
1422.53304001761
 21
143.4787051330859
 31
0.0
  0
ARC
  5
C94
330
1F
100
AcDbEntity
  8
0
100
AcDbCircle
 10
1227.670380856915
 20
0.2534013674683138
 30
0.0
 40
241.8366051157903
100
AcDbArc
 50
28.12469715257825
 51
36.31612491339424
  0
LINE
  5
C95
330
1F
100
AcDbEntity
  8
0
100
AcDbLine
 10
1440.951827976636
 20
114.2532605272415
 30
0.0
 11
1462.26858048462
 21
119.647723130435
 31
0.0
  0
LINE
  5
C96
330
1F
100
AcDbEntity
  8
0
100
AcDbLine
 10
1462.268580484621
 20
159.0
 30
0.0
 11
1462.268580484621
 21
159.0
 31
0.0
  0
LINE
  5
C97
330
1F
100
AcDbEntity
  8
0
100
AcDbLine
 10
1462.26858048462
 20
112.4270596278224
 30
0.0
 11
1456.143419436616
 21
110.8770133813477
 31
0.0
  0
LINE
  5
C98
330
1F
100
AcDbEntity
  8
0
100
AcDbLine
 10
1456.143419436616
 20
110.8770133813477
 30
0.0
 11
1444.244819739023
 21
107.8659285045569
 31
0.0
  0
ARC
  5
C99
330
1F
100
AcDbEntity
  8
0
100
AcDbCircle
 10
1227.670380856916
 20
0.2534013674680864
 30
0.0
 40
241.8366051157899
100
AcDbArc
 50
19.13631246398551
 51
26.42207891277804
  0
ARC
  5
C9A
330
1F
100
AcDbEntity
  8
0
100
AcDbCircle
 10
1227.67038085692
 20
0.2534013674664948
 30
0.0
 40
241.8366051157863
100
AcDbArc
 50
15.21100042832071
 51
19.13631246398551
  0
ARC
  5
C9B
330
1F
100
AcDbEntity
  8
0
100
AcDbCircle
 10
1259.587756232226
 20
154.2296716111243
 30
0.0
 40
220.8517292551228
100
AcDbArc
 50
333.0291673319346
 51
335.8021863987736
  0
LINE
  5
C9C
330
1F
100
AcDbEntity
  8
0
100
AcDbLine
 10
1456.419103666816
 20
54.06527183724438
 30
0.0
 11
1458.200097309205
 21
50.09996673322735
 31
0.0
  0
LINE
  5
C9D
330
1F
100
AcDbEntity
  8
0
100
AcDbLine
 10
1458.200097309205
 20
50.09996673322735
 30
0.0
 11
1462.268580484617
 21
49.07038775147544
 31
0.0
  0
LINE
  5
C9E
330
1F
100
AcDbEntity
  8
0
100
AcDbLine
 10
1462.26858048462
 20
112.4270596278224
 30
0.0
 11
1462.26858048462
 21
112.4270596278224
 31
0.0
  0
LINE
  5
C9F
330
1F
100
AcDbEntity
  8
0
100
AcDbLine
 10
1425.095531010634
 20
123.6503207843898
 30
0.0
 11
1401.123028539137
 21
117.583788462515
 31
0.0
  0
LINE
  5
CA0
330
1F
100
AcDbEntity
  8
0
100
AcDbLine
 10
1401.123028539137
 20
117.583788462515
 30
0.0
 11
1399.444757998346
 21
114.1115684990336
 31
0.0
  0
ARC
  5
CA1
330
1F
100
AcDbEntity
  8
0
100
AcDbCircle
 10
1204.677589449186
 20
28.20034191019999
 30
0.0
 40
212.8731753853804
100
AcDbArc
 50
13.94975007767635
 51
23.80213509318581
  0
LINE
  5
CA2
330
1F
100
AcDbEntity
  8
0
100
AcDbLine
 10
1411.272608035782
 20
79.51785445571386
 30
0.0
 11
1443.755340630692
 21
75.22954722225222
 31
0.0
  0
LINE
  5
CA3
330
1F
100
AcDbEntity
  8
0
100
AcDbLine
 10
1443.755340630692
 20
75.22954722225222
 30
0.0
 11
1446.162975993094
 21
78.10636645472391
 31
0.0
  0
ARC
  5
CA4
330
1F
100
AcDbEntity
  8
0
100
AcDbCircle
 10
1241.499220035011
 20
11.07885519784099
 30
0.0
 40
215.3600247682036
100
AcDbArc
 50
18.13365459758978
 51
31.51440480752226
  0
LINE
  5
CA5
330
1F
100
AcDbEntity
  8
0
100
AcDbLine
 10
1425.095531010634
 20
123.6503207843898
 30
0.0
 11
1425.095531010634
 21
123.6503207843898
 31
0.0
  0
LINE
  5
CA6
330
1F
100
AcDbEntity
  8
0
100
AcDbLine
 10
1390.553957670542
 20
114.9091569711736
 30
0.0
 11
1370.876794204333
 21
109.9296122485266
 31
0.0
  0
LINE
  5
CA7
330
1F
100
AcDbEntity
  8
0
100
AcDbLine
 10
1370.876794204333
 20
109.9296122485266
 30
0.0
 11
1366.808311028914
 21
108.9000332667726
 31
0.0
  0
LINE
  5
CA8
330
1F
100
AcDbEntity
  8
0
100
AcDbLine
 10
1366.808311028914
 20
108.9000332667726
 30
0.0
 11
1365.027317386525
 21
104.9347281627554
 31
0.0
  0
ARC
  5
CA9
330
1F
100
AcDbEntity
  8
0
100
AcDbCircle
 10
1168.195969951942
 20
4.77032838887294
 30
0.0
 40
220.8517292551168
100
AcDbArc
 50
24.19781360122905
 51
26.97083266806536
  0
ARC
  5
CAA
330
1F
100
AcDbEntity
  8
0
100
AcDbCircle
 10
1136.278594576621
 20
158.7465986325326
 30
0.0
 40
241.8366051157926
100
AcDbArc
 50
340.8636875360145
 51
344.7889995716792
  0
ARC
  5
CAB
330
1F
100
AcDbEntity
  8
0
100
AcDbCircle
 10
1136.278594576626
 20
158.7465986325326
 30
0.0
 40
241.8366051157886
100
AcDbArc
 50
333.577921087222
 51
340.8636875360145
  0
LINE
  5
CAC
330
1F
100
AcDbEntity
  8
0
100
AcDbLine
 10
1352.853033458731
 20
51.13407149544241
 30
0.0
 11
1364.751633156324
 21
48.12298661865134
 31
0.0
  0
LINE
  5
CAD
330
1F
100
AcDbEntity
  8
0
100
AcDbLine
 10
1364.751633156324
 20
48.12298661865134
 30
0.0
 11
1370.87679420433
 21
46.57294037217707
 31
0.0
  0
LINE
  5
CAE
330
1F
100
AcDbEntity
  8
0
100
AcDbLine
 10
1370.87679420433
 20
46.57294037217707
 30
0.0
 11
1387.278140374377
 21
42.42238092259959
 31
0.0
  0
ARC
  5
CAF
330
1F
100
AcDbEntity
  8
0
100
AcDbCircle
 10
1141.180811185437
 20
165.4645766849394
 30
0.0
 40
275.1422856849656
100
AcDbArc
 50
333.4361536817621
 51
341.4247370161894
  0
ARC
  5
CB0
330
1F
100
AcDbEntity
  8
0
100
AcDbCircle
 10
1192.300404922217
 20
33.4754457112781
 30
0.0
 40
214.326667745507
100
AcDbArc
 50
11.94029345672383
 51
22.33067050115316
  0
LINE
  5
CB1
330
1F
100
AcDbEntity
  8
0
100
AcDbLine
 10
1390.553957670542
 20
114.9091569711736
 30
0.0
 11
1390.553957670542
 21
114.9091569711736
 31
0.0
  0
LINE
  5
CB2
330
1F
100
AcDbEntity
  8
0
100
AcDbLine
 10
1340.198418342473
 20
127.79132404343
 30
0.0
 11
1307.766433001538
 21
119.5840170437557
 31
0.0
  0
LINE
  5
CB3
330
1F
100
AcDbEntity
  8
0
100
AcDbLine
 10
1307.766433001538
 20
119.5840170437557
 30
0.0
 11
1305.950427985547
 21
115.6007934651034
 31
0.0
  0
ARC
  5
CB4
330
1F
100
AcDbEntity
  8
0
100
AcDbCircle
 10
1114.747200171646
 20
21.05695903906303
 30
0.0
 40
213.3007523531814
100
AcDbArc
 50
17.31101105380633
 51
26.31091189374687
  0
LINE
  5
CB5
330
1F
100
AcDbEntity
  8
0
100
AcDbLine
 10
1318.38620328459
 20
84.52637975171455
 30
0.0
 11
1353.973540770009
 21
89.22455088963966
 31
0.0
  0
LINE
  5
CB6
330
1F
100
AcDbEntity
  8
0
100
AcDbLine
 10
1353.973540770009
 20
89.22455088963966
 30
0.0
 11
1356.459784134696
 21
93.04157284977623
 31
0.0
  0
ARC
  5
CB7
330
1F
100
AcDbEntity
  8
0
100
AcDbCircle
 10
1225.096094367025
 20
52.74878368415738
 30
0.0
 40
137.4042497454943
100
AcDbArc
 50
17.05219009185052
 51
33.10289212201543
  0
LINE
  5
CB8
330
1F
100
AcDbEntity
  8
0
100
AcDbLine
 10
1340.198418342473
 20
127.79132404343
 30
0.0
 11
1340.198418342473
 21
127.79132404343
 31
0.0
  0
ARC
  5
CB9
330
1F
100
AcDbEntity
  8
0
100
AcDbCircle
 10
1049.789024905144
 20
-6.464576684940539
 30
0.0
 40
275.142285684967
100
AcDbArc
 50
19.0628885360001
 51
26.56384631823787
  0
LINE
  5
CBA
330
1F
100
AcDbEntity
  8
0
100
AcDbLine
 10
1295.886354094085
 20
116.5776190774004
 30
0.0
 11
1279.485007924038
 21
112.4270596278213
 31
0.0
  0
LINE
  5
CBB
330
1F
100
AcDbEntity
  8
0
100
AcDbLine
 10
1279.485007924038
 20
49.07038775147407
 30
0.0
 11
1299.16217139025
 21
44.09084302882638
 31
0.0
  0
ARC
  5
CBC
330
1F
100
AcDbEntity
  8
0
100
AcDbCircle
 10
1100.908618641926
 20
125.5245542887216
 30
0.0
 40
214.3266677455064
100
AcDbArc
 50
337.6693294988468
 51
347.2352948056126
  0
LINE
  5
CBD
330
1F
100
AcDbEntity
  8
0
100
AcDbLine
 10
1309.938341140474
 20
78.16955857472294
 30
0.0
 11
1305.026966569938
 21
77.52116844819738
 31
0.0
  0
LINE
  5
CBE
330
1F
100
AcDbEntity
  8
0
100
AcDbLine
 10
1305.026966569938
 20
77.52116844819738
 30
0.0
 11
1305.03879746095
 21
82.76428117290107
 31
0.0
  0
LINE
  5
CBF
330
1F
100
AcDbEntity
  8
0
100
AcDbLine
 10
1305.03879746095
 20
82.76428117290107
 30
0.0
 11
1309.842688850576
 21
83.3984815787544
 31
0.0
  0
LINE
  5
CC0
330
1F
100
AcDbEntity
  8
0
100
AcDbLine
 10
1309.842688850576
 20
83.3984815787544
 30
0.0
 11
1309.842688850576
 21
83.3984815787544
 31
0.0
  0
LINE
  5
CC1
330
1F
100
AcDbEntity
  8
0
100
AcDbLine
 10
1354.771189712802
 20
80.89363354527609
 30
0.0
 11
1352.3635543504
 21
83.77045277774778
 31
0.0
  0
LINE
  5
CC2
330
1F
100
AcDbEntity
  8
0
100
AcDbLine
 10
1352.3635543504
 20
83.77045277774778
 30
0.0
 11
1319.88082175549
 21
79.48214554428614
 31
0.0
  0
ARC
  5
CC3
330
1F
100
AcDbEntity
  8
0
100
AcDbCircle
 10
1113.285803168893
 20
130.7996580897986
 30
0.0
 40
212.8731753853809
100
AcDbArc
 50
336.1978649068142
 51
346.0502499223236
  0
LINE
  5
CC4
330
1F
100
AcDbEntity
  8
0
100
AcDbLine
 10
1308.052971718054
 20
44.88843150096568
 30
0.0
 11
1309.731242258846
 21
41.41621153748497
 31
0.0
  0
LINE
  5
CC5
330
1F
100
AcDbEntity
  8
0
100
AcDbLine
 10
1309.731242258846
 20
41.41621153748497
 30
0.0
 11
1333.703744730342
 21
35.34967921561019
 31
0.0
  0
ARC
  5
CC6
330
1F
100
AcDbEntity
  8
0
100
AcDbCircle
 10
1150.10743375472
 20
147.921144802159
 30
0.0
 40
215.3600247682035
100
AcDbArc
 50
328.4855951924777
 51
341.8663454024102
  0
LINE
  5
CC7
330
1F
100
AcDbEntity
  8
0
100
AcDbLine
 10
1354.771189712802
 20
80.89363354527609
 30
0.0
 11
1354.771189712802
 21
80.89363354527609
 31
0.0
  0
LINE
  5
CC8
330
1F
100
AcDbEntity
  8
0
100
AcDbLine
 10
1447.851570414988
 20
65.95842715022377
 30
0.0
 11
1445.365327050301
 21
69.77544911036034
 31
0.0
  0
LINE
  5
CC9
330
1F
100
AcDbEntity
  8
0
100
AcDbLine
 10
1445.365327050301
 20
69.77544911036034
 30
0.0
 11
1409.777989564882
 21
74.47362024828544
 31
0.0
  0
ARC
  5
CCA
330
1F
100
AcDbEntity
  8
0
100
AcDbCircle
 10
1206.138986451939
 20
137.9430409609381
 30
0.0
 40
213.3007523531809
100
AcDbArc
 50
333.6890881062531
 51
342.6889889461937
  0
LINE
  5
CCB
330
1F
100
AcDbEntity
  8
0
100
AcDbLine
 10
1397.342214265839
 20
43.39920653489684
 30
0.0
 11
1399.15821928183
 21
39.41598295624431
 31
0.0
  0
LINE
  5
CCC
330
1F
100
AcDbEntity
  8
0
100
AcDbLine
 10
1399.15821928183
 20
39.41598295624431
 30
0.0
 11
1431.590204622765
 21
31.20867595657001
 31
0.0
  0
ARC
  5
CCD
330
1F
100
AcDbEntity
  8
0
100
AcDbCircle
 10
1316.487880647316
 20
106.2512163158428
 30
0.0
 40
137.4042497454948
100
AcDbArc
 50
326.8971078779845
 51
342.9478099081495
  0
LINE
  5
CCE
330
1F
100
AcDbEntity
  8
0
100
AcDbLine
 10
1447.851570414988
 20
65.95842715022377
 30
0.0
 11
1447.851570414988
 21
65.95842715022377
 31
0.0
  0
LINE
  5
CCF
330
1F
100
AcDbEntity
  8
0
100
AcDbLine
 10
1462.268580484616
 20
40.81820089134566
 30
0.0
 11
1450.802461967366
 21
43.71984116332169
 31
0.0
  0
ARC
  5
CD0
330
1F
100
AcDbEntity
  8
0
100
AcDbCircle
 10
1259.587756232228
 20
154.2296716111223
 30
0.0
 40
220.8517292551199
100
AcDbArc
 50
322.8338905904603
 51
329.9748435824726
  0
LINE
  5
CD1
330
1F
100
AcDbEntity
  8
0
100
AcDbLine
 10
1435.581716650105
 20
20.80698908896852
 30
0.0
 11
1439.302467998532
 21
0.0000000000009095
 31
0.0
  0
LINE
  5
CD2
330
1F
100
AcDbEntity
  8
0
100
AcDbLine
 10
1439.302467998532
 20
0.0000000000009095
 30
0.0
 11
1462.268580484615
 21
0.0
 31
0.0
  0
LINE
  5
CD3
330
1F
100
AcDbEntity
  8
0
100
AcDbLine
 10
1462.268580484616
 20
40.81820089134566
 30
0.0
 11
1462.268580484616
 21
40.81820089134566
 31
0.0
  0
LINE
  5
CD4
330
1F
100
AcDbEntity
  8
0
100
AcDbLine
 10
1423.635461719521
 20
26.00105656532083
 30
0.0
 11
1392.353543842882
 21
33.91732505314849
 31
0.0
  0
ARC
  5
CD5
330
1F
100
AcDbEntity
  8
0
100
AcDbCircle
 10
1206.138986451939
 20
137.9430409609349
 30
0.0
 40
213.3007523531795
100
AcDbArc
 50
325.4213997444127
 51
330.8108054344373
  0
LINE
  5
CD6
330
1F
100
AcDbEntity
  8
0
100
AcDbLine
 10
1381.759819297152
 20
16.88712815537997
 30
0.0
 11
1383.812345270823
 21
0.0000000000029559
 31
0.0
  0
LINE
  5
CD7
330
1F
100
AcDbEntity
  8
0
100
AcDbLine
 10
1383.812345270823
 20
0.0000000000029559
 30
0.0
 11
1425.96741107289
 21
0.0000000000013642
 31
0.0
  0
LINE
  5
CD8
330
1F
100
AcDbEntity
  8
0
100
AcDbLine
 10
1425.96741107289
 20
0.0000000000013642
 30
0.0
 11
1423.635461719521
 21
26.00105656532083
 31
0.0
  0
LINE
  5
CD9
330
1F
100
AcDbEntity
  8
0
100
AcDbLine
 10
1423.635461719521
 20
26.00105656532083
 30
0.0
 11
1423.635461719521
 21
26.00105656532083
 31
0.0
  0
LINE
  5
CDA
330
1F
100
AcDbEntity
  8
0
100
AcDbLine
 10
1382.314272473009
 20
32.95823261258124
 30
0.0
 11
1380.587261027359
 21
36.89492553911373
 31
0.0
  0
LINE
  5
CDB
330
1F
100
AcDbEntity
  8
0
100
AcDbLine
 10
1380.587261027359
 20
36.89492553911373
 30
0.0
 11
1370.876794204333
 21
39.35227686956478
 31
0.0
  0
LINE
  5
CDC
330
1F
100
AcDbEntity
  8
0
100
AcDbLine
 10
1370.876794204333
 20
39.35227686956478
 30
0.0
 11
1349.560041696345
 21
44.74673947275846
 31
0.0
  0
ARC
  5
CDD
330
1F
100
AcDbEntity
  8
0
100
AcDbCircle
 10
1136.278594576624
 20
158.7465986325314
 30
0.0
 40
241.8366051157895
100
AcDbArc
 50
323.6838750866057
 51
331.8753028474218
  0
LINE
  5
CDE
330
1F
100
AcDbEntity
  8
0
100
AcDbLine
 10
1331.141253737318
 20
15.52129486691387
 30
0.0
 11
1334.24560557314
 21
0.0
 31
0.0
  0
LINE
  5
CDF
330
1F
100
AcDbEntity
  8
0
100
AcDbLine
 10
1334.24560557314
 20
0.0
 30
0.0
 11
1370.87679420433
 21
0.0
 31
0.0
  0
LINE
  5
CE0
330
1F
100
AcDbEntity
  8
0
100
AcDbLine
 10
1370.87679420433
 20
0.0
 30
0.0
 11
1372.379996033006
 21
0.0
 31
0.0
  0
LINE
  5
CE1
330
1F
100
AcDbEntity
  8
0
100
AcDbLine
 10
1372.379996033006
 20
0.0
 30
0.0
 11
1371.371045720902
 21
14.74718121761066
 31
0.0
  0
ARC
  5
CE2
330
1F
100
AcDbEntity
  8
0
100
AcDbCircle
 10
1141.180811185434
 20
165.4645766849385
 30
0.0
 40
275.1422856849678
100
AcDbArc
 50
326.7851667955529
 51
331.2105653892511
  0
LINE
  5
CE3
330
1F
100
AcDbEntity
  8
0
100
AcDbLine
 10
1382.314272473009
 20
32.95823261258124
 30
0.0
 11
1382.314272473009
 21
32.95823261258124
 31
0.0
  0
LINE
  5
CE4
330
1F
100
AcDbEntity
  8
0
100
AcDbLine
 10
1327.187453030843
 20
25.35439955154493
 30
0.0
 11
1325.762898873198
 21
29.10701965087742
 31
0.0
  0
LINE
  5
CE5
330
1F
100
AcDbEntity
  8
0
100
AcDbLine
 10
1325.762898873198
 20
29.10701965087742
 30
0.0
 11
1303.281411253216
 21
34.79623259193795
 31
0.0
  0
ARC
  5
CE6
330
1F
100
AcDbEntity
  8
0
100
AcDbCircle
 10
1113.285803168893
 20
130.7996580897986
 30
0.0
 40
212.8731753853806
100
AcDbArc
 50
326.6409474257832
 51
333.1928556678164
  0
LINE
  5
CE7
330
1F
100
AcDbEntity
  8
0
100
AcDbLine
 10
1291.086219966011
 20
13.74411321717775
 30
0.0
 11
1292.756731914742
 21
0.0
 31
0.0
  0
LINE
  5
CE8
330
1F
100
AcDbEntity
  8
0
100
AcDbLine
 10
1292.756731914742
 20
0.0
 30
0.0
 11
1320.704085569634
 21
0.0
 31
0.0
  0
LINE
  5
CE9
330
1F
100
AcDbEntity
  8
0
100
AcDbLine
 10
1320.704085569634
 20
0.0
 30
0.0
 11
1319.688014429149
 21
15.17188142836608
 31
0.0
  0
ARC
  5
CEA
330
1F
100
AcDbEntity
  8
0
100
AcDbCircle
 10
1150.107433754717
 20
147.9211448021581
 30
0.0
 40
215.3600247682049
100
AcDbArc
 50
321.9458285127741
 51
325.3107774760405
  0
LINE
  5
CEB
330
1F
100
AcDbEntity
  8
0
100
AcDbLine
 10
1327.187453030843
 20
25.35439955154493
 30
0.0
 11
1327.187453030843
 21
25.35439955154493
 31
0.0
  0
LINE
  5
CEC
330
1F
100
AcDbEntity
  8
0
100
AcDbLine
 10
1294.464410540222
 20
33.48067383208104
 30
0.0
 11
1292.548608235605
 21
37.51229848819026
 31
0.0
  0
LINE
  5
CED
330
1F
100
AcDbEntity
  8
0
100
AcDbLine
 10
1292.548608235605
 20
37.51229848819026
 30
0.0
 11
1279.485007924038
 21
40.81820089134521
 31
0.0
  0
LINE
  5
CEE
330
1F
100
AcDbEntity
  8
0
100
AcDbLine
 10
1279.485007924038
 20
0.0
 30
0.0
 11
1282.329231199258
 21
0.0
 31
0.0
  0
LINE
  5
CEF
330
1F
100
AcDbEntity
  8
0
100
AcDbLine
 10
1282.329231199258
 20
0.0
 30
0.0
 11
1281.624803570553
 21
10.29616797816447
 31
0.0
  0
ARC
  5
CF0
330
1F
100
AcDbEntity
  8
0
100
AcDbCircle
 10
1100.908618641927
 20
125.5245542887203
 30
0.0
 40
214.3266677455043
100
AcDbArc
 50
327.4775710931018
 51
334.5669564259503
  0
LINE
  5
CF1
330
1F
100
AcDbEntity
  8
0
100
AcDbLine
 10
1294.464410540222
 20
33.48067383208104
 30
0.0
 11
1294.464410540222
 21
33.48067383208104
 31
0.0
  0
LINE
  5
CF2
330
1F
100
AcDbEntity
  8
0
100
AcDbLine
 10
1462.762832001186
 20
144.25281878239
 30
0.0
 11
1463.771782313289
 21
158.9999999999963
 31
0.0
  0
LINE
  5
CF3
330
1F
100
AcDbEntity
  8
0
100
AcDbLine
 10
1463.771782313289
 20
158.9999999999963
 30
0.0
 11
1462.268580484615
 21
158.9999999999963
 31
0.0
  0
LINE
  5
CF4
330
1F
100
AcDbEntity
  8
0
100
AcDbLine
 10
1462.268580484615
 20
119.6477231304345
 30
0.0
 11
1471.979047307643
 21
122.1050744608862
 31
0.0
  0
LINE
  5
CF5
330
1F
100
AcDbEntity
  8
0
100
AcDbLine
 10
1471.979047307643
 20
122.1050744608862
 30
0.0
 11
1473.706058753294
 21
126.041767387419
 31
0.0
  0
ARC
  5
CF6
330
1F
100
AcDbEntity
  8
0
100
AcDbCircle
 10
1232.572597465723
 20
-6.464576684938265
 30
0.0
 40
275.1422856849647
100
AcDbArc
 50
28.78943461074891
 51
33.2148332044471
  0
LINE
  5
CF7
330
1F
100
AcDbEntity
  8
0
100
AcDbLine
 10
1462.762832001186
 20
144.25281878239
 30
0.0
 11
1462.762832001186
 21
144.25281878239
 31
0.0
  0
LINE
  5
CF8
330
1F
100
AcDbEntity
  8
0
100
AcDbLine
 10
1517.359197353175
 20
158.9999999999986
 30
0.0
 11
1475.204131551108
 21
158.9999999999968
 31
0.0
  0
LINE
  5
CF9
330
1F
100
AcDbEntity
  8
0
100
AcDbLine
 10
1475.204131551108
 20
158.9999999999968
 30
0.0
 11
1473.151605577437
 21
142.11287184462
 31
0.0
  0
ARC
  5
CFA
330
1F
100
AcDbEntity
  8
0
100
AcDbCircle
 10
1297.530772732222
 20
21.0569590390644
 30
0.0
 40
213.3007523531808
100
AcDbArc
 50
29.18919456556271
 51
34.57860025558736
  0
LINE
  5
CFB
330
1F
100
AcDbEntity
  8
0
100
AcDbLine
 10
1483.745330123167
 20
125.0826749468515
 30
0.0
 11
1515.027247999806
 21
132.9989434346791
 31
0.0
  0
LINE
  5
CFC
330
1F
100
AcDbEntity
  8
0
100
AcDbLine
 10
1515.027247999806
 20
132.9989434346791
 30
0.0
 11
1517.359197353175
 21
158.9999999999986
 31
0.0
  0
LINE
  5
CFD
330
1F
100
AcDbEntity
  8
0
100
AcDbLine
 10
1517.359197353175
 20
158.9999999999986
 30
0.0
 11
1517.359197353175
 21
158.9999999999986
 31
0.0
  0
LINE
  5
CFE
330
1F
100
AcDbEntity
  8
0
100
AcDbLine
 10
1555.800162411421
 20
148.7038320218355
 30
0.0
 11
1556.504590040127
 21
159.0
 31
0.0
  0
LINE
  5
CFF
330
1F
100
AcDbEntity
  8
0
100
AcDbLine
 10
1556.504590040127
 20
159.0
 30
0.0
 11
1553.66036676491
 21
159.0
 31
0.0
  0
LINE
  5
D00
330
1F
100
AcDbEntity
  8
0
100
AcDbLine
 10
1553.66036676491
 20
159.0
 30
0.0
 11
1530.694254278817
 21
158.9999999999991
 31
0.0
  0
LINE
  5
D01
330
1F
100
AcDbEntity
  8
0
100
AcDbLine
 10
1530.694254278817
 20
158.9999999999991
 30
0.0
 11
1526.97350293039
 21
138.1930109110315
 31
0.0
  0
ARC
  5
D02
330
1F
100
AcDbEntity
  8
0
100
AcDbCircle
 10
1350.979542512513
 20
4.770328388878397
 30
0.0
 40
220.8517292551198
100
AcDbArc
 50
30.02515641752738
 51
37.1661094095397
  0
LINE
  5
D03
330
1F
100
AcDbEntity
  8
0
100
AcDbLine
 10
1542.19424824765
 20
115.2801588366783
 30
0.0
 11
1553.660366764906
 21
118.1817991086554
 31
0.0
  0
LINE
  5
D04
330
1F
100
AcDbEntity
  8
0
100
AcDbLine
 10
1553.660366764906
 20
118.1817991086554
 30
0.0
 11
1566.723967076473
 21
121.4877015118102
 31
0.0
  0
LINE
  5
D05
330
1F
100
AcDbEntity
  8
0
100
AcDbLine
 10
1566.723967076473
 20
121.4877015118102
 30
0.0
 11
1568.63976938109
 21
125.5193261679189
 31
0.0
  0
ARC
  5
D06
330
1F
100
AcDbEntity
  8
0
100
AcDbCircle
 10
1375.083977482796
 20
33.47544571127833
 30
0.0
 40
214.3266677455054
100
AcDbArc
 50
25.4330435740497
 51
32.52242890689828
  0
LINE
  5
D07
330
1F
100
AcDbEntity
  8
0
100
AcDbLine
 10
1555.800162411421
 20
148.7038320218355
 30
0.0
 11
1555.800162411421
 21
148.7038320218355
 31
0.0
  0
LINE
  5
D08
330
1F
100
AcDbEntity
  8
0
100
AcDbLine
 10
1593.863373270018
 20
143.8281185716337
 30
0.0
 11
1594.879444410503
 21
159.0
 31
0.0
  0
LINE
  5
D09
330
1F
100
AcDbEntity
  8
0
100
AcDbLine
 10
1594.879444410503
 20
159.0
 30
0.0
 11
1566.932090755611
 21
159.0
 31
0.0
  0
LINE
  5
D0A
330
1F
100
AcDbEntity
  8
0
100
AcDbLine
 10
1566.932090755611
 20
159.0
 30
0.0
 11
1565.26157880688
 21
145.2558867828222
 31
0.0
  0
ARC
  5
D0B
330
1F
100
AcDbEntity
  8
0
100
AcDbCircle
 10
1387.461162009764
 20
28.20034191020045
 30
0.0
 40
212.8731753853794
100
AcDbArc
 50
26.80714433218363
 51
33.35905257422033
  0
LINE
  5
D0C
330
1F
100
AcDbEntity
  8
0
100
AcDbLine
 10
1577.456770094086
 20
124.2037674080622
 30
0.0
 11
1599.938257714067
 21
129.8929803491225
 31
0.0
  0
LINE
  5
D0D
330
1F
100
AcDbEntity
  8
0
100
AcDbLine
 10
1599.938257714067
 20
129.8929803491225
 30
0.0
 11
1601.362811871712
 21
133.6456004484546
 31
0.0
  0
ARC
  5
D0E
330
1F
100
AcDbEntity
  8
0
100
AcDbCircle
 10
1424.282792595588
 20
11.07885519784213
 30
0.0
 40
215.3600247682026
100
AcDbArc
 50
34.68922252395945
 51
38.0541714872259
  0
LINE
  5
D0F
330
1F
100
AcDbEntity
  8
0
100
AcDbLine
 10
1593.863373270018
 20
143.8281185716337
 30
0.0
 11
1593.863373270018
 21
143.8281185716337
 31
0.0
  0
LINE
  5
D10
330
1F
100
AcDbEntity
  8
0
100
AcDbLine
 10
1645.052153045198
 20
159.0
 30
0.0
 11
1608.420964414009
 21
159.0
 31
0.0
  0
LINE
  5
D11
330
1F
100
AcDbEntity
  8
0
100
AcDbLine
 10
1608.420964414009
 20
159.0
 30
0.0
 11
1605.316612578187
 21
143.4787051330859
 31
0.0
  0
ARC
  5
D12
330
1F
100
AcDbEntity
  8
0
100
AcDbCircle
 10
1410.453953417492
 20
0.2534013674683138
 30
0.0
 40
241.8366051157903
100
AcDbArc
 50
28.12469715257825
 51
36.31612491339424
  0
LINE
  5
D13
330
1F
100
AcDbEntity
  8
0
100
AcDbLine
 10
1623.735400537213
 20
114.2532605272415
 30
0.0
 11
1645.052153045196
 21
119.647723130435
 31
0.0
  0
LINE
  5
D14
330
1F
100
AcDbEntity
  8
0
100
AcDbLine
 10
1645.052153045198
 20
159.0
 30
0.0
 11
1645.052153045198
 21
159.0
 31
0.0
  0
LINE
  5
D15
330
1F
100
AcDbEntity
  8
0
100
AcDbLine
 10
1645.052153045196
 20
112.4270596278224
 30
0.0
 11
1638.926991997193
 21
110.8770133813477
 31
0.0
  0
LINE
  5
D16
330
1F
100
AcDbEntity
  8
0
100
AcDbLine
 10
1638.926991997193
 20
110.8770133813477
 30
0.0
 11
1627.0283922996
 21
107.8659285045569
 31
0.0
  0
ARC
  5
D17
330
1F
100
AcDbEntity
  8
0
100
AcDbCircle
 10
1410.453953417493
 20
0.2534013674680864
 30
0.0
 40
241.8366051157899
100
AcDbArc
 50
19.13631246398551
 51
26.42207891277804
  0
ARC
  5
D18
330
1F
100
AcDbEntity
  8
0
100
AcDbCircle
 10
1410.453953417497
 20
0.2534013674664948
 30
0.0
 40
241.8366051157863
100
AcDbArc
 50
15.21100042832071
 51
19.13631246398551
  0
ARC
  5
D19
330
1F
100
AcDbEntity
  8
0
100
AcDbCircle
 10
1442.371328792803
 20
154.2296716111243
 30
0.0
 40
220.8517292551228
100
AcDbArc
 50
333.0291673319346
 51
335.8021863987736
  0
LINE
  5
D1A
330
1F
100
AcDbEntity
  8
0
100
AcDbLine
 10
1639.202676227393
 20
54.06527183724438
 30
0.0
 11
1640.983669869782
 21
50.09996673322735
 31
0.0
  0
LINE
  5
D1B
330
1F
100
AcDbEntity
  8
0
100
AcDbLine
 10
1640.983669869782
 20
50.09996673322735
 30
0.0
 11
1645.052153045194
 21
49.07038775147544
 31
0.0
  0
LINE
  5
D1C
330
1F
100
AcDbEntity
  8
0
100
AcDbLine
 10
1645.052153045196
 20
112.4270596278224
 30
0.0
 11
1645.052153045196
 21
112.4270596278224
 31
0.0
  0
LINE
  5
D1D
330
1F
100
AcDbEntity
  8
0
100
AcDbLine
 10
1607.879103571211
 20
123.6503207843898
 30
0.0
 11
1583.906601099714
 21
117.583788462515
 31
0.0
  0
LINE
  5
D1E
330
1F
100
AcDbEntity
  8
0
100
AcDbLine
 10
1583.906601099714
 20
117.583788462515
 30
0.0
 11
1582.228330558923
 21
114.1115684990336
 31
0.0
  0
ARC
  5
D1F
330
1F
100
AcDbEntity
  8
0
100
AcDbCircle
 10
1387.461162009763
 20
28.20034191019999
 30
0.0
 40
212.8731753853804
100
AcDbArc
 50
13.94975007767635
 51
23.80213509318581
  0
LINE
  5
D20
330
1F
100
AcDbEntity
  8
0
100
AcDbLine
 10
1594.056180596359
 20
79.51785445571386
 30
0.0
 11
1626.538913191269
 21
75.22954722225222
 31
0.0
  0
LINE
  5
D21
330
1F
100
AcDbEntity
  8
0
100
AcDbLine
 10
1626.538913191269
 20
75.22954722225222
 30
0.0
 11
1628.946548553671
 21
78.10636645472391
 31
0.0
  0
ARC
  5
D22
330
1F
100
AcDbEntity
  8
0
100
AcDbCircle
 10
1424.282792595588
 20
11.07885519784099
 30
0.0
 40
215.3600247682036
100
AcDbArc
 50
18.13365459758978
 51
31.51440480752226
  0
LINE
  5
D23
330
1F
100
AcDbEntity
  8
0
100
AcDbLine
 10
1607.879103571211
 20
123.6503207843898
 30
0.0
 11
1607.879103571211
 21
123.6503207843898
 31
0.0
  0
LINE
  5
D24
330
1F
100
AcDbEntity
  8
0
100
AcDbLine
 10
1573.337530231119
 20
114.9091569711736
 30
0.0
 11
1553.66036676491
 21
109.9296122485266
 31
0.0
  0
LINE
  5
D25
330
1F
100
AcDbEntity
  8
0
100
AcDbLine
 10
1553.66036676491
 20
109.9296122485266
 30
0.0
 11
1549.591883589491
 21
108.9000332667726
 31
0.0
  0
LINE
  5
D26
330
1F
100
AcDbEntity
  8
0
100
AcDbLine
 10
1549.591883589491
 20
108.9000332667726
 30
0.0
 11
1547.810889947101
 21
104.9347281627554
 31
0.0
  0
ARC
  5
D27
330
1F
100
AcDbEntity
  8
0
100
AcDbCircle
 10
1350.979542512519
 20
4.77032838887294
 30
0.0
 40
220.8517292551168
100
AcDbArc
 50
24.19781360122905
 51
26.97083266806536
  0
ARC
  5
D28
330
1F
100
AcDbEntity
  8
0
100
AcDbCircle
 10
1319.062167137198
 20
158.7465986325326
 30
0.0
 40
241.8366051157926
100
AcDbArc
 50
340.8636875360145
 51
344.7889995716792
  0
ARC
  5
D29
330
1F
100
AcDbEntity
  8
0
100
AcDbCircle
 10
1319.062167137202
 20
158.7465986325326
 30
0.0
 40
241.8366051157886
100
AcDbArc
 50
333.577921087222
 51
340.8636875360145
  0
LINE
  5
D2A
330
1F
100
AcDbEntity
  8
0
100
AcDbLine
 10
1535.636606019308
 20
51.13407149544241
 30
0.0
 11
1547.535205716902
 21
48.12298661865134
 31
0.0
  0
LINE
  5
D2B
330
1F
100
AcDbEntity
  8
0
100
AcDbLine
 10
1547.535205716902
 20
48.12298661865134
 30
0.0
 11
1553.660366764906
 21
46.57294037217707
 31
0.0
  0
LINE
  5
D2C
330
1F
100
AcDbEntity
  8
0
100
AcDbLine
 10
1553.660366764906
 20
46.57294037217707
 30
0.0
 11
1570.061712934954
 21
42.42238092259959
 31
0.0
  0
ARC
  5
D2D
330
1F
100
AcDbEntity
  8
0
100
AcDbCircle
 10
1323.964383746014
 20
165.4645766849394
 30
0.0
 40
275.1422856849656
100
AcDbArc
 50
333.4361536817621
 51
341.4247370161894
  0
ARC
  5
D2E
330
1F
100
AcDbEntity
  8
0
100
AcDbCircle
 10
1375.083977482794
 20
33.4754457112781
 30
0.0
 40
214.326667745507
100
AcDbArc
 50
11.94029345672383
 51
22.33067050115316
  0
LINE
  5
D2F
330
1F
100
AcDbEntity
  8
0
100
AcDbLine
 10
1573.337530231119
 20
114.9091569711736
 30
0.0
 11
1573.337530231119
 21
114.9091569711736
 31
0.0
  0
LINE
  5
D30
330
1F
100
AcDbEntity
  8
0
100
AcDbLine
 10
1522.98199090305
 20
127.79132404343
 30
0.0
 11
1490.550005562115
 21
119.5840170437557
 31
0.0
  0
LINE
  5
D31
330
1F
100
AcDbEntity
  8
0
100
AcDbLine
 10
1490.550005562115
 20
119.5840170437557
 30
0.0
 11
1488.734000546124
 21
115.6007934651034
 31
0.0
  0
ARC
  5
D32
330
1F
100
AcDbEntity
  8
0
100
AcDbCircle
 10
1297.530772732223
 20
21.05695903906303
 30
0.0
 40
213.3007523531814
100
AcDbArc
 50
17.31101105380633
 51
26.31091189374687
  0
LINE
  5
D33
330
1F
100
AcDbEntity
  8
0
100
AcDbLine
 10
1501.169775845167
 20
84.52637975171455
 30
0.0
 11
1536.757113330586
 21
89.22455088963966
 31
0.0
  0
LINE
  5
D34
330
1F
100
AcDbEntity
  8
0
100
AcDbLine
 10
1536.757113330586
 20
89.22455088963966
 30
0.0
 11
1539.243356695273
 21
93.04157284977623
 31
0.0
  0
ARC
  5
D35
330
1F
100
AcDbEntity
  8
0
100
AcDbCircle
 10
1407.879666927601
 20
52.74878368415738
 30
0.0
 40
137.4042497454943
100
AcDbArc
 50
17.05219009185052
 51
33.10289212201543
  0
LINE
  5
D36
330
1F
100
AcDbEntity
  8
0
100
AcDbLine
 10
1522.98199090305
 20
127.79132404343
 30
0.0
 11
1522.98199090305
 21
127.79132404343
 31
0.0
  0
ARC
  5
D37
330
1F
100
AcDbEntity
  8
0
100
AcDbCircle
 10
1232.572597465721
 20
-6.464576684940539
 30
0.0
 40
275.142285684967
100
AcDbArc
 50
19.0628885360001
 51
26.56384631823787
  0
LINE
  5
D38
330
1F
100
AcDbEntity
  8
0
100
AcDbLine
 10
1478.669926654661
 20
116.5776190774004
 30
0.0
 11
1462.268580484615
 21
112.4270596278213
 31
0.0
  0
LINE
  5
D39
330
1F
100
AcDbEntity
  8
0
100
AcDbLine
 10
1462.268580484615
 20
49.07038775147407
 30
0.0
 11
1481.945743950827
 21
44.09084302882638
 31
0.0
  0
ARC
  5
D3A
330
1F
100
AcDbEntity
  8
0
100
AcDbCircle
 10
1283.692191202503
 20
125.5245542887216
 30
0.0
 40
214.3266677455064
100
AcDbArc
 50
337.6693294988468
 51
347.2352948056126
  0
LINE
  5
D3B
330
1F
100
AcDbEntity
  8
0
100
AcDbLine
 10
1492.72191370105
 20
78.16955857472294
 30
0.0
 11
1487.810539130515
 21
77.52116844819738
 31
0.0
  0
LINE
  5
D3C
330
1F
100
AcDbEntity
  8
0
100
AcDbLine
 10
1487.810539130515
 20
77.52116844819738
 30
0.0
 11
1487.822370021526
 21
82.76428117290107
 31
0.0
  0
LINE
  5
D3D
330
1F
100
AcDbEntity
  8
0
100
AcDbLine
 10
1487.822370021526
 20
82.76428117290107
 30
0.0
 11
1492.626261411153
 21
83.3984815787544
 31
0.0
  0
LINE
  5
D3E
330
1F
100
AcDbEntity
  8
0
100
AcDbLine
 10
1492.626261411153
 20
83.3984815787544
 30
0.0
 11
1492.626261411153
 21
83.3984815787544
 31
0.0
  0
LINE
  5
D3F
330
1F
100
AcDbEntity
  8
0
100
AcDbLine
 10
1537.554762273379
 20
80.89363354527609
 30
0.0
 11
1535.147126910977
 21
83.77045277774778
 31
0.0
  0
LINE
  5
D40
330
1F
100
AcDbEntity
  8
0
100
AcDbLine
 10
1535.147126910977
 20
83.77045277774778
 30
0.0
 11
1502.664394316067
 21
79.48214554428614
 31
0.0
  0
ARC
  5
D41
330
1F
100
AcDbEntity
  8
0
100
AcDbCircle
 10
1296.06937572947
 20
130.7996580897986
 30
0.0
 40
212.8731753853809
100
AcDbArc
 50
336.1978649068142
 51
346.0502499223236
  0
LINE
  5
D42
330
1F
100
AcDbEntity
  8
0
100
AcDbLine
 10
1490.836544278631
 20
44.88843150096568
 30
0.0
 11
1492.514814819422
 21
41.41621153748497
 31
0.0
  0
LINE
  5
D43
330
1F
100
AcDbEntity
  8
0
100
AcDbLine
 10
1492.514814819422
 20
41.41621153748497
 30
0.0
 11
1516.487317290919
 21
35.34967921561019
 31
0.0
  0
ARC
  5
D44
330
1F
100
AcDbEntity
  8
0
100
AcDbCircle
 10
1332.891006315297
 20
147.921144802159
 30
0.0
 40
215.3600247682035
100
AcDbArc
 50
328.4855951924777
 51
341.8663454024102
  0
LINE
  5
D45
330
1F
100
AcDbEntity
  8
0
100
AcDbLine
 10
1537.554762273379
 20
80.89363354527609
 30
0.0
 11
1537.554762273379
 21
80.89363354527609
 31
0.0
  0
LINE
  5
D46
330
1F
100
AcDbEntity
  8
0
100
AcDbLine
 10
1630.635142975565
 20
65.95842715022377
 30
0.0
 11
1628.148899610877
 21
69.77544911036034
 31
0.0
  0
LINE
  5
D47
330
1F
100
AcDbEntity
  8
0
100
AcDbLine
 10
1628.148899610877
 20
69.77544911036034
 30
0.0
 11
1592.561562125459
 21
74.47362024828544
 31
0.0
  0
ARC
  5
D48
330
1F
100
AcDbEntity
  8
0
100
AcDbCircle
 10
1388.922559012516
 20
137.9430409609381
 30
0.0
 40
213.3007523531809
100
AcDbArc
 50
333.6890881062531
 51
342.6889889461937
  0
LINE
  5
D49
330
1F
100
AcDbEntity
  8
0
100
AcDbLine
 10
1580.125786826416
 20
43.39920653489684
 30
0.0
 11
1581.941791842407
 21
39.41598295624431
 31
0.0
  0
LINE
  5
D4A
330
1F
100
AcDbEntity
  8
0
100
AcDbLine
 10
1581.941791842407
 20
39.41598295624431
 30
0.0
 11
1614.373777183342
 21
31.20867595657001
 31
0.0
  0
ARC
  5
D4B
330
1F
100
AcDbEntity
  8
0
100
AcDbCircle
 10
1499.271453207893
 20
106.2512163158428
 30
0.0
 40
137.4042497454948
100
AcDbArc
 50
326.8971078779845
 51
342.9478099081495
  0
LINE
  5
D4C
330
1F
100
AcDbEntity
  8
0
100
AcDbLine
 10
1630.635142975565
 20
65.95842715022377
 30
0.0
 11
1630.635142975565
 21
65.95842715022377
 31
0.0
  0
LINE
  5
D4D
330
1F
100
AcDbEntity
  8
0
100
AcDbLine
 10
1645.052153045194
 20
40.81820089134566
 30
0.0
 11
1633.586034527942
 21
43.71984116332169
 31
0.0
  0
ARC
  5
D4E
330
1F
100
AcDbEntity
  8
0
100
AcDbCircle
 10
1442.371328792805
 20
154.2296716111223
 30
0.0
 40
220.8517292551199
100
AcDbArc
 50
322.8338905904603
 51
329.9748435824726
  0
LINE
  5
D4F
330
1F
100
AcDbEntity
  8
0
100
AcDbLine
 10
1618.365289210682
 20
20.80698908896852
 30
0.0
 11
1622.086040559109
 21
0.0000000000009095
 31
0.0
  0
LINE
  5
D50
330
1F
100
AcDbEntity
  8
0
100
AcDbLine
 10
1622.086040559109
 20
0.0000000000009095
 30
0.0
 11
1645.052153045192
 21
0.0
 31
0.0
  0
LINE
  5
D51
330
1F
100
AcDbEntity
  8
0
100
AcDbLine
 10
1645.052153045194
 20
40.81820089134566
 30
0.0
 11
1645.052153045194
 21
40.81820089134566
 31
0.0
  0
LINE
  5
D52
330
1F
100
AcDbEntity
  8
0
100
AcDbLine
 10
1606.419034280098
 20
26.00105656532083
 30
0.0
 11
1575.137116403458
 21
33.91732505314849
 31
0.0
  0
ARC
  5
D53
330
1F
100
AcDbEntity
  8
0
100
AcDbCircle
 10
1388.922559012516
 20
137.9430409609349
 30
0.0
 40
213.3007523531795
100
AcDbArc
 50
325.4213997444127
 51
330.8108054344373
  0
LINE
  5
D54
330
1F
100
AcDbEntity
  8
0
100
AcDbLine
 10
1564.543391857729
 20
16.88712815537997
 30
0.0
 11
1566.5959178314
 21
0.0000000000029559
 31
0.0
  0
LINE
  5
D55
330
1F
100
AcDbEntity
  8
0
100
AcDbLine
 10
1566.5959178314
 20
0.0000000000029559
 30
0.0
 11
1608.750983633467
 21
0.0000000000013642
 31
0.0
  0
LINE
  5
D56
330
1F
100
AcDbEntity
  8
0
100
AcDbLine
 10
1608.750983633467
 20
0.0000000000013642
 30
0.0
 11
1606.419034280098
 21
26.00105656532083
 31
0.0
  0
LINE
  5
D57
330
1F
100
AcDbEntity
  8
0
100
AcDbLine
 10
1606.419034280098
 20
26.00105656532083
 30
0.0
 11
1606.419034280098
 21
26.00105656532083
 31
0.0
  0
LINE
  5
D58
330
1F
100
AcDbEntity
  8
0
100
AcDbLine
 10
1565.097845033586
 20
32.95823261258124
 30
0.0
 11
1563.370833587935
 21
36.89492553911373
 31
0.0
  0
LINE
  5
D59
330
1F
100
AcDbEntity
  8
0
100
AcDbLine
 10
1563.370833587935
 20
36.89492553911373
 30
0.0
 11
1553.66036676491
 21
39.35227686956478
 31
0.0
  0
LINE
  5
D5A
330
1F
100
AcDbEntity
  8
0
100
AcDbLine
 10
1553.66036676491
 20
39.35227686956478
 30
0.0
 11
1532.343614256921
 21
44.74673947275846
 31
0.0
  0
ARC
  5
D5B
330
1F
100
AcDbEntity
  8
0
100
AcDbCircle
 10
1319.062167137201
 20
158.7465986325314
 30
0.0
 40
241.8366051157895
100
AcDbArc
 50
323.6838750866057
 51
331.8753028474218
  0
LINE
  5
D5C
330
1F
100
AcDbEntity
  8
0
100
AcDbLine
 10
1513.924826297895
 20
15.52129486691387
 30
0.0
 11
1517.029178133717
 21
0.0
 31
0.0
  0
LINE
  5
D5D
330
1F
100
AcDbEntity
  8
0
100
AcDbLine
 10
1517.029178133717
 20
0.0
 30
0.0
 11
1553.660366764906
 21
0.0
 31
0.0
  0
LINE
  5
D5E
330
1F
100
AcDbEntity
  8
0
100
AcDbLine
 10
1553.660366764906
 20
0.0
 30
0.0
 11
1555.163568593583
 21
0.0
 31
0.0
  0
LINE
  5
D5F
330
1F
100
AcDbEntity
  8
0
100
AcDbLine
 10
1555.163568593583
 20
0.0
 30
0.0
 11
1554.154618281478
 21
14.74718121761066
 31
0.0
  0
ARC
  5
D60
330
1F
100
AcDbEntity
  8
0
100
AcDbCircle
 10
1323.964383746011
 20
165.4645766849385
 30
0.0
 40
275.1422856849678
100
AcDbArc
 50
326.7851667955529
 51
331.2105653892511
  0
LINE
  5
D61
330
1F
100
AcDbEntity
  8
0
100
AcDbLine
 10
1565.097845033586
 20
32.95823261258124
 30
0.0
 11
1565.097845033586
 21
32.95823261258124
 31
0.0
  0
LINE
  5
D62
330
1F
100
AcDbEntity
  8
0
100
AcDbLine
 10
1509.97102559142
 20
25.35439955154493
 30
0.0
 11
1508.546471433774
 21
29.10701965087742
 31
0.0
  0
LINE
  5
D63
330
1F
100
AcDbEntity
  8
0
100
AcDbLine
 10
1508.546471433774
 20
29.10701965087742
 30
0.0
 11
1486.064983813793
 21
34.79623259193795
 31
0.0
  0
ARC
  5
D64
330
1F
100
AcDbEntity
  8
0
100
AcDbCircle
 10
1296.06937572947
 20
130.7996580897986
 30
0.0
 40
212.8731753853806
100
AcDbArc
 50
326.6409474257832
 51
333.1928556678164
  0
LINE
  5
D65
330
1F
100
AcDbEntity
  8
0
100
AcDbLine
 10
1473.869792526588
 20
13.74411321717775
 30
0.0
 11
1475.540304475319
 21
0.0
 31
0.0
  0
LINE
  5
D66
330
1F
100
AcDbEntity
  8
0
100
AcDbLine
 10
1475.540304475319
 20
0.0
 30
0.0
 11
1503.487658130211
 21
0.0
 31
0.0
  0
LINE
  5
D67
330
1F
100
AcDbEntity
  8
0
100
AcDbLine
 10
1503.487658130211
 20
0.0
 30
0.0
 11
1502.471586989726
 21
15.17188142836608
 31
0.0
  0
ARC
  5
D68
330
1F
100
AcDbEntity
  8
0
100
AcDbCircle
 10
1332.891006315294
 20
147.9211448021581
 30
0.0
 40
215.3600247682049
100
AcDbArc
 50
321.9458285127741
 51
325.3107774760405
  0
LINE
  5
D69
330
1F
100
AcDbEntity
  8
0
100
AcDbLine
 10
1509.97102559142
 20
25.35439955154493
 30
0.0
 11
1509.97102559142
 21
25.35439955154493
 31
0.0
  0
LINE
  5
D6A
330
1F
100
AcDbEntity
  8
0
100
AcDbLine
 10
1477.247983100799
 20
33.48067383208104
 30
0.0
 11
1475.332180796181
 21
37.51229848819026
 31
0.0
  0
LINE
  5
D6B
330
1F
100
AcDbEntity
  8
0
100
AcDbLine
 10
1475.332180796181
 20
37.51229848819026
 30
0.0
 11
1462.268580484615
 21
40.81820089134521
 31
0.0
  0
LINE
  5
D6C
330
1F
100
AcDbEntity
  8
0
100
AcDbLine
 10
1462.268580484615
 20
0.0
 30
0.0
 11
1465.112803759835
 21
0.0
 31
0.0
  0
LINE
  5
D6D
330
1F
100
AcDbEntity
  8
0
100
AcDbLine
 10
1465.112803759835
 20
0.0
 30
0.0
 11
1464.40837613113
 21
10.29616797816447
 31
0.0
  0
ARC
  5
D6E
330
1F
100
AcDbEntity
  8
0
100
AcDbCircle
 10
1283.692191202504
 20
125.5245542887203
 30
0.0
 40
214.3266677455043
100
AcDbArc
 50
327.4775710931018
 51
334.5669564259503
  0
LINE
  5
D6F
330
1F
100
AcDbEntity
  8
0
100
AcDbLine
 10
1477.247983100799
 20
33.48067383208104
 30
0.0
 11
1477.247983100799
 21
33.48067383208104
 31
0.0
  0
LINE
  5
D70
330
1F
100
AcDbEntity
  8
0
100
AcDbLine
 10
1645.546404561763
 20
144.25281878239
 30
0.0
 11
1646.555354873867
 21
158.9999999999963
 31
0.0
  0
LINE
  5
D71
330
1F
100
AcDbEntity
  8
0
100
AcDbLine
 10
1646.555354873867
 20
158.9999999999963
 30
0.0
 11
1645.052153045192
 21
158.9999999999963
 31
0.0
  0
LINE
  5
D72
330
1F
100
AcDbEntity
  8
0
100
AcDbLine
 10
1645.052153045192
 20
119.6477231304345
 30
0.0
 11
1654.76261986822
 21
122.1050744608862
 31
0.0
  0
LINE
  5
D73
330
1F
100
AcDbEntity
  8
0
100
AcDbLine
 10
1654.76261986822
 20
122.1050744608862
 30
0.0
 11
1656.489631313871
 21
126.041767387419
 31
0.0
  0
ARC
  5
D74
330
1F
100
AcDbEntity
  8
0
100
AcDbCircle
 10
1415.356170026299
 20
-6.464576684938265
 30
0.0
 40
275.1422856849647
100
AcDbArc
 50
28.78943461074891
 51
33.2148332044471
  0
LINE
  5
D75
330
1F
100
AcDbEntity
  8
0
100
AcDbLine
 10
1645.546404561763
 20
144.25281878239
 30
0.0
 11
1645.546404561763
 21
144.25281878239
 31
0.0
  0
LINE
  5
D76
330
1F
100
AcDbEntity
  8
0
100
AcDbLine
 10
1700.142769913752
 20
158.9999999999986
 30
0.0
 11
1657.987704111685
 21
158.9999999999968
 31
0.0
  0
LINE
  5
D77
330
1F
100
AcDbEntity
  8
0
100
AcDbLine
 10
1657.987704111685
 20
158.9999999999968
 30
0.0
 11
1655.935178138014
 21
142.11287184462
 31
0.0
  0
ARC
  5
D78
330
1F
100
AcDbEntity
  8
0
100
AcDbCircle
 10
1480.314345292799
 20
21.0569590390644
 30
0.0
 40
213.3007523531808
100
AcDbArc
 50
29.18919456556271
 51
34.57860025558736
  0
LINE
  5
D79
330
1F
100
AcDbEntity
  8
0
100
AcDbLine
 10
1666.528902683744
 20
125.0826749468515
 30
0.0
 11
1697.810820560382
 21
132.9989434346791
 31
0.0
  0
LINE
  5
D7A
330
1F
100
AcDbEntity
  8
0
100
AcDbLine
 10
1697.810820560382
 20
132.9989434346791
 30
0.0
 11
1700.142769913752
 21
158.9999999999986
 31
0.0
  0
LINE
  5
D7B
330
1F
100
AcDbEntity
  8
0
100
AcDbLine
 10
1700.142769913752
 20
158.9999999999986
 30
0.0
 11
1700.142769913752
 21
158.9999999999986
 31
0.0
  0
LINE
  5
D7C
330
1F
100
AcDbEntity
  8
0
100
AcDbLine
 10
1738.583734971999
 20
148.7038320218355
 30
0.0
 11
1739.288162600704
 21
159.0
 31
0.0
  0
LINE
  5
D7D
330
1F
100
AcDbEntity
  8
0
100
AcDbLine
 10
1739.288162600704
 20
159.0
 30
0.0
 11
1736.443939325487
 21
159.0
 31
0.0
  0
LINE
  5
D7E
330
1F
100
AcDbEntity
  8
0
100
AcDbLine
 10
1736.443939325487
 20
159.0
 30
0.0
 11
1713.477826839394
 21
158.9999999999991
 31
0.0
  0
LINE
  5
D7F
330
1F
100
AcDbEntity
  8
0
100
AcDbLine
 10
1713.477826839394
 20
158.9999999999991
 30
0.0
 11
1709.757075490967
 21
138.1930109110315
 31
0.0
  0
ARC
  5
D80
330
1F
100
AcDbEntity
  8
0
100
AcDbCircle
 10
1533.76311507309
 20
4.770328388878397
 30
0.0
 40
220.8517292551198
100
AcDbArc
 50
30.02515641752738
 51
37.1661094095397
  0
LINE
  5
D81
330
1F
100
AcDbEntity
  8
0
100
AcDbLine
 10
1724.977820808227
 20
115.2801588366783
 30
0.0
 11
1736.443939325483
 21
118.1817991086554
 31
0.0
  0
LINE
  5
D82
330
1F
100
AcDbEntity
  8
0
100
AcDbLine
 10
1736.443939325483
 20
118.1817991086554
 30
0.0
 11
1749.50753963705
 21
121.4877015118102
 31
0.0
  0
LINE
  5
D83
330
1F
100
AcDbEntity
  8
0
100
AcDbLine
 10
1749.50753963705
 20
121.4877015118102
 30
0.0
 11
1751.423341941667
 21
125.5193261679189
 31
0.0
  0
ARC
  5
D84
330
1F
100
AcDbEntity
  8
0
100
AcDbCircle
 10
1557.867550043373
 20
33.47544571127833
 30
0.0
 40
214.3266677455054
100
AcDbArc
 50
25.4330435740497
 51
32.52242890689828
  0
LINE
  5
D85
330
1F
100
AcDbEntity
  8
0
100
AcDbLine
 10
1738.583734971999
 20
148.7038320218355
 30
0.0
 11
1738.583734971999
 21
148.7038320218355
 31
0.0
  0
LINE
  5
D86
330
1F
100
AcDbEntity
  8
0
100
AcDbLine
 10
1776.646945830594
 20
143.8281185716337
 30
0.0
 11
1777.66301697108
 21
159.0
 31
0.0
  0
LINE
  5
D87
330
1F
100
AcDbEntity
  8
0
100
AcDbLine
 10
1777.66301697108
 20
159.0
 30
0.0
 11
1749.715663316187
 21
159.0
 31
0.0
  0
LINE
  5
D88
330
1F
100
AcDbEntity
  8
0
100
AcDbLine
 10
1749.715663316187
 20
159.0
 30
0.0
 11
1748.045151367457
 21
145.2558867828222
 31
0.0
  0
ARC
  5
D89
330
1F
100
AcDbEntity
  8
0
100
AcDbCircle
 10
1570.244734570341
 20
28.20034191020045
 30
0.0
 40
212.8731753853794
100
AcDbArc
 50
26.80714433218363
 51
33.35905257422033
  0
LINE
  5
D8A
330
1F
100
AcDbEntity
  8
0
100
AcDbLine
 10
1760.240342654662
 20
124.2037674080622
 30
0.0
 11
1782.721830274644
 21
129.8929803491225
 31
0.0
  0
LINE
  5
D8B
330
1F
100
AcDbEntity
  8
0
100
AcDbLine
 10
1782.721830274644
 20
129.8929803491225
 30
0.0
 11
1784.146384432289
 21
133.6456004484546
 31
0.0
  0
ARC
  5
D8C
330
1F
100
AcDbEntity
  8
0
100
AcDbCircle
 10
1607.066365156165
 20
11.07885519784213
 30
0.0
 40
215.3600247682026
100
AcDbArc
 50
34.68922252395945
 51
38.0541714872259
  0
LINE
  5
D8D
330
1F
100
AcDbEntity
  8
0
100
AcDbLine
 10
1776.646945830594
 20
143.8281185716337
 30
0.0
 11
1776.646945830594
 21
143.8281185716337
 31
0.0
  0
LINE
  5
D8E
330
1F
100
AcDbEntity
  8
0
100
AcDbLine
 10
1827.835725605775
 20
159.0
 30
0.0
 11
1791.204536974586
 21
159.0
 31
0.0
  0
LINE
  5
D8F
330
1F
100
AcDbEntity
  8
0
100
AcDbLine
 10
1791.204536974586
 20
159.0
 30
0.0
 11
1788.100185138764
 21
143.4787051330859
 31
0.0
  0
ARC
  5
D90
330
1F
100
AcDbEntity
  8
0
100
AcDbCircle
 10
1593.237525978069
 20
0.2534013674683138
 30
0.0
 40
241.8366051157903
100
AcDbArc
 50
28.12469715257825
 51
36.31612491339424
  0
LINE
  5
D91
330
1F
100
AcDbEntity
  8
0
100
AcDbLine
 10
1806.51897309779
 20
114.2532605272415
 30
0.0
 11
1827.835725605774
 21
119.647723130435
 31
0.0
  0
LINE
  5
D92
330
1F
100
AcDbEntity
  8
0
100
AcDbLine
 10
1827.835725605775
 20
159.0
 30
0.0
 11
1827.835725605775
 21
159.0
 31
0.0
  0
LINE
  5
D93
330
1F
100
AcDbEntity
  8
0
100
AcDbLine
 10
1827.835725605773
 20
112.4270596278224
 30
0.0
 11
1821.71056455777
 21
110.8770133813477
 31
0.0
  0
LINE
  5
D94
330
1F
100
AcDbEntity
  8
0
100
AcDbLine
 10
1821.71056455777
 20
110.8770133813477
 30
0.0
 11
1809.811964860177
 21
107.8659285045569
 31
0.0
  0
ARC
  5
D95
330
1F
100
AcDbEntity
  8
0
100
AcDbCircle
 10
1593.23752597807
 20
0.2534013674680864
 30
0.0
 40
241.8366051157899
100
AcDbArc
 50
19.13631246398551
 51
26.42207891277804
  0
ARC
  5
D96
330
1F
100
AcDbEntity
  8
0
100
AcDbCircle
 10
1593.237525978073
 20
0.2534013674664948
 30
0.0
 40
241.8366051157863
100
AcDbArc
 50
15.21100042832071
 51
19.13631246398551
  0
ARC
  5
D97
330
1F
100
AcDbEntity
  8
0
100
AcDbCircle
 10
1625.15490135338
 20
154.2296716111243
 30
0.0
 40
220.8517292551228
100
AcDbArc
 50
333.0291673319346
 51
335.8021863987736
  0
LINE
  5
D98
330
1F
100
AcDbEntity
  8
0
100
AcDbLine
 10
1821.98624878797
 20
54.06527183724438
 30
0.0
 11
1823.767242430359
 21
50.09996673322735
 31
0.0
  0
LINE
  5
D99
330
1F
100
AcDbEntity
  8
0
100
AcDbLine
 10
1823.767242430359
 20
50.09996673322735
 30
0.0
 11
1827.83572560577
 21
49.07038775147544
 31
0.0
  0
LINE
  5
D9A
330
1F
100
AcDbEntity
  8
0
100
AcDbLine
 10
1827.835725605773
 20
112.4270596278224
 30
0.0
 11
1827.835725605773
 21
112.4270596278224
 31
0.0
  0
LINE
  5
D9B
330
1F
100
AcDbEntity
  8
0
100
AcDbLine
 10
1790.662676131788
 20
123.6503207843898
 30
0.0
 11
1766.690173660291
 21
117.583788462515
 31
0.0
  0
LINE
  5
D9C
330
1F
100
AcDbEntity
  8
0
100
AcDbLine
 10
1766.690173660291
 20
117.583788462515
 30
0.0
 11
1765.0119031195
 21
114.1115684990336
 31
0.0
  0
ARC
  5
D9D
330
1F
100
AcDbEntity
  8
0
100
AcDbCircle
 10
1570.24473457034
 20
28.20034191019999
 30
0.0
 40
212.8731753853804
100
AcDbArc
 50
13.94975007767635
 51
23.80213509318581
  0
LINE
  5
D9E
330
1F
100
AcDbEntity
  8
0
100
AcDbLine
 10
1776.839753156936
 20
79.51785445571386
 30
0.0
 11
1809.322485751846
 21
75.22954722225222
 31
0.0
  0
LINE
  5
D9F
330
1F
100
AcDbEntity
  8
0
100
AcDbLine
 10
1809.322485751846
 20
75.22954722225222
 30
0.0
 11
1811.730121114248
 21
78.10636645472391
 31
0.0
  0
ARC
  5
DA0
330
1F
100
AcDbEntity
  8
0
100
AcDbCircle
 10
1607.066365156165
 20
11.07885519784099
 30
0.0
 40
215.3600247682036
100
AcDbArc
 50
18.13365459758978
 51
31.51440480752226
  0
LINE
  5
DA1
330
1F
100
AcDbEntity
  8
0
100
AcDbLine
 10
1790.662676131788
 20
123.6503207843898
 30
0.0
 11
1790.662676131788
 21
123.6503207843898
 31
0.0
  0
LINE
  5
DA2
330
1F
100
AcDbEntity
  8
0
100
AcDbLine
 10
1756.121102791696
 20
114.9091569711736
 30
0.0
 11
1736.443939325487
 21
109.9296122485266
 31
0.0
  0
LINE
  5
DA3
330
1F
100
AcDbEntity
  8
0
100
AcDbLine
 10
1736.443939325487
 20
109.9296122485266
 30
0.0
 11
1732.375456150068
 21
108.9000332667726
 31
0.0
  0
LINE
  5
DA4
330
1F
100
AcDbEntity
  8
0
100
AcDbLine
 10
1732.375456150068
 20
108.9000332667726
 30
0.0
 11
1730.594462507679
 21
104.9347281627554
 31
0.0
  0
ARC
  5
DA5
330
1F
100
AcDbEntity
  8
0
100
AcDbCircle
 10
1533.763115073096
 20
4.77032838887294
 30
0.0
 40
220.8517292551168
100
AcDbArc
 50
24.19781360122905
 51
26.97083266806536
  0
ARC
  5
DA6
330
1F
100
AcDbEntity
  8
0
100
AcDbCircle
 10
1501.845739697775
 20
158.7465986325326
 30
0.0
 40
241.8366051157926
100
AcDbArc
 50
340.8636875360145
 51
344.7889995716792
  0
ARC
  5
DA7
330
1F
100
AcDbEntity
  8
0
100
AcDbCircle
 10
1501.845739697779
 20
158.7465986325326
 30
0.0
 40
241.8366051157886
100
AcDbArc
 50
333.577921087222
 51
340.8636875360145
  0
LINE
  5
DA8
330
1F
100
AcDbEntity
  8
0
100
AcDbLine
 10
1718.420178579885
 20
51.13407149544241
 30
0.0
 11
1730.318778277478
 21
48.12298661865134
 31
0.0
  0
LINE
  5
DA9
330
1F
100
AcDbEntity
  8
0
100
AcDbLine
 10
1730.318778277478
 20
48.12298661865134
 30
0.0
 11
1736.443939325483
 21
46.57294037217707
 31
0.0
  0
LINE
  5
DAA
330
1F
100
AcDbEntity
  8
0
100
AcDbLine
 10
1736.443939325483
 20
46.57294037217707
 30
0.0
 11
1752.845285495531
 21
42.42238092259959
 31
0.0
  0
ARC
  5
DAB
330
1F
100
AcDbEntity
  8
0
100
AcDbCircle
 10
1506.747956306591
 20
165.4645766849394
 30
0.0
 40
275.1422856849656
100
AcDbArc
 50
333.4361536817621
 51
341.4247370161894
  0
ARC
  5
DAC
330
1F
100
AcDbEntity
  8
0
100
AcDbCircle
 10
1557.867550043371
 20
33.4754457112781
 30
0.0
 40
214.326667745507
100
AcDbArc
 50
11.94029345672383
 51
22.33067050115316
  0
LINE
  5
DAD
330
1F
100
AcDbEntity
  8
0
100
AcDbLine
 10
1756.121102791696
 20
114.9091569711736
 30
0.0
 11
1756.121102791696
 21
114.9091569711736
 31
0.0
  0
LINE
  5
DAE
330
1F
100
AcDbEntity
  8
0
100
AcDbLine
 10
1705.765563463627
 20
127.79132404343
 30
0.0
 11
1673.333578122692
 21
119.5840170437557
 31
0.0
  0
LINE
  5
DAF
330
1F
100
AcDbEntity
  8
0
100
AcDbLine
 10
1673.333578122692
 20
119.5840170437557
 30
0.0
 11
1671.517573106701
 21
115.6007934651034
 31
0.0
  0
ARC
  5
DB0
330
1F
100
AcDbEntity
  8
0
100
AcDbCircle
 10
1480.314345292799
 20
21.05695903906303
 30
0.0
 40
213.3007523531814
100
AcDbArc
 50
17.31101105380633
 51
26.31091189374687
  0
LINE
  5
DB1
330
1F
100
AcDbEntity
  8
0
100
AcDbLine
 10
1683.953348405744
 20
84.52637975171455
 30
0.0
 11
1719.540685891163
 21
89.22455088963966
 31
0.0
  0
LINE
  5
DB2
330
1F
100
AcDbEntity
  8
0
100
AcDbLine
 10
1719.540685891163
 20
89.22455088963966
 30
0.0
 11
1722.02692925585
 21
93.04157284977623
 31
0.0
  0
ARC
  5
DB3
330
1F
100
AcDbEntity
  8
0
100
AcDbCircle
 10
1590.663239488178
 20
52.74878368415738
 30
0.0
 40
137.4042497454943
100
AcDbArc
 50
17.05219009185052
 51
33.10289212201543
  0
LINE
  5
DB4
330
1F
100
AcDbEntity
  8
0
100
AcDbLine
 10
1705.765563463627
 20
127.79132404343
 30
0.0
 11
1705.765563463627
 21
127.79132404343
 31
0.0
  0
ARC
  5
DB5
330
1F
100
AcDbEntity
  8
0
100
AcDbCircle
 10
1415.356170026298
 20
-6.464576684940539
 30
0.0
 40
275.142285684967
100
AcDbArc
 50
19.0628885360001
 51
26.56384631823787
  0
LINE
  5
DB6
330
1F
100
AcDbEntity
  8
0
100
AcDbLine
 10
1661.453499215239
 20
116.5776190774004
 30
0.0
 11
1645.052153045192
 21
112.4270596278213
 31
0.0
  0
LINE
  5
DB7
330
1F
100
AcDbEntity
  8
0
100
AcDbLine
 10
1645.052153045192
 20
49.07038775147407
 30
0.0
 11
1664.729316511404
 21
44.09084302882638
 31
0.0
  0
ARC
  5
DB8
330
1F
100
AcDbEntity
  8
0
100
AcDbCircle
 10
1466.475763763079
 20
125.5245542887216
 30
0.0
 40
214.3266677455064
100
AcDbArc
 50
337.6693294988468
 51
347.2352948056126
  0
LINE
  5
DB9
330
1F
100
AcDbEntity
  8
0
100
AcDbLine
 10
1675.505486261627
 20
78.16955857472294
 30
0.0
 11
1670.594111691092
 21
77.52116844819738
 31
0.0
  0
LINE
  5
DBA
330
1F
100
AcDbEntity
  8
0
100
AcDbLine
 10
1670.594111691092
 20
77.52116844819738
 30
0.0
 11
1670.605942582103
 21
82.76428117290107
 31
0.0
  0
LINE
  5
DBB
330
1F
100
AcDbEntity
  8
0
100
AcDbLine
 10
1670.605942582103
 20
82.76428117290107
 30
0.0
 11
1675.40983397173
 21
83.3984815787544
 31
0.0
  0
LINE
  5
DBC
330
1F
100
AcDbEntity
  8
0
100
AcDbLine
 10
1675.40983397173
 20
83.3984815787544
 30
0.0
 11
1675.40983397173
 21
83.3984815787544
 31
0.0
  0
LINE
  5
DBD
330
1F
100
AcDbEntity
  8
0
100
AcDbLine
 10
1720.338334833956
 20
80.89363354527609
 30
0.0
 11
1717.930699471554
 21
83.77045277774778
 31
0.0
  0
LINE
  5
DBE
330
1F
100
AcDbEntity
  8
0
100
AcDbLine
 10
1717.930699471554
 20
83.77045277774778
 30
0.0
 11
1685.447966876644
 21
79.48214554428614
 31
0.0
  0
ARC
  5
DBF
330
1F
100
AcDbEntity
  8
0
100
AcDbCircle
 10
1478.852948290047
 20
130.7996580897986
 30
0.0
 40
212.8731753853809
100
AcDbArc
 50
336.1978649068142
 51
346.0502499223236
  0
LINE
  5
DC0
330
1F
100
AcDbEntity
  8
0
100
AcDbLine
 10
1673.620116839208
 20
44.88843150096568
 30
0.0
 11
1675.298387379999
 21
41.41621153748497
 31
0.0
  0
LINE
  5
DC1
330
1F
100
AcDbEntity
  8
0
100
AcDbLine
 10
1675.298387379999
 20
41.41621153748497
 30
0.0
 11
1699.270889851496
 21
35.34967921561019
 31
0.0
  0
ARC
  5
DC2
330
1F
100
AcDbEntity
  8
0
100
AcDbCircle
 10
1515.674578875873
 20
147.921144802159
 30
0.0
 40
215.3600247682035
100
AcDbArc
 50
328.4855951924777
 51
341.8663454024102
  0
LINE
  5
DC3
330
1F
100
AcDbEntity
  8
0
100
AcDbLine
 10
1720.338334833956
 20
80.89363354527609
 30
0.0
 11
1720.338334833956
 21
80.89363354527609
 31
0.0
  0
LINE
  5
DC4
330
1F
100
AcDbEntity
  8
0
100
AcDbLine
 10
1813.418715536142
 20
65.95842715022377
 30
0.0
 11
1810.932472171455
 21
69.77544911036034
 31
0.0
  0
LINE
  5
DC5
330
1F
100
AcDbEntity
  8
0
100
AcDbLine
 10
1810.932472171455
 20
69.77544911036034
 30
0.0
 11
1775.345134686035
 21
74.47362024828544
 31
0.0
  0
ARC
  5
DC6
330
1F
100
AcDbEntity
  8
0
100
AcDbCircle
 10
1571.706131573092
 20
137.9430409609381
 30
0.0
 40
213.3007523531809
100
AcDbArc
 50
333.6890881062531
 51
342.6889889461937
  0
LINE
  5
DC7
330
1F
100
AcDbEntity
  8
0
100
AcDbLine
 10
1762.909359386992
 20
43.39920653489684
 30
0.0
 11
1764.725364402984
 21
39.41598295624431
 31
0.0
  0
LINE
  5
DC8
330
1F
100
AcDbEntity
  8
0
100
AcDbLine
 10
1764.725364402984
 20
39.41598295624431
 30
0.0
 11
1797.157349743919
 21
31.20867595657001
 31
0.0
  0
ARC
  5
DC9
330
1F
100
AcDbEntity
  8
0
100
AcDbCircle
 10
1682.05502576847
 20
106.2512163158428
 30
0.0
 40
137.4042497454948
100
AcDbArc
 50
326.8971078779845
 51
342.9478099081495
  0
LINE
  5
DCA
330
1F
100
AcDbEntity
  8
0
100
AcDbLine
 10
1813.418715536142
 20
65.95842715022377
 30
0.0
 11
1813.418715536142
 21
65.95842715022377
 31
0.0
  0
LINE
  5
DCB
330
1F
100
AcDbEntity
  8
0
100
AcDbLine
 10
1827.83572560577
 20
40.81820089134566
 30
0.0
 11
1816.369607088519
 21
43.71984116332169
 31
0.0
  0
ARC
  5
DCC
330
1F
100
AcDbEntity
  8
0
100
AcDbCircle
 10
1625.154901353382
 20
154.2296716111223
 30
0.0
 40
220.8517292551199
100
AcDbArc
 50
322.8338905904603
 51
329.9748435824726
  0
LINE
  5
DCD
330
1F
100
AcDbEntity
  8
0
100
AcDbLine
 10
1801.148861771259
 20
20.80698908896852
 30
0.0
 11
1804.869613119686
 21
0.0000000000009095
 31
0.0
  0
LINE
  5
DCE
330
1F
100
AcDbEntity
  8
0
100
AcDbLine
 10
1804.869613119686
 20
0.0000000000009095
 30
0.0
 11
1827.835725605769
 21
0.0
 31
0.0
  0
LINE
  5
DCF
330
1F
100
AcDbEntity
  8
0
100
AcDbLine
 10
1827.83572560577
 20
40.81820089134566
 30
0.0
 11
1827.83572560577
 21
40.81820089134566
 31
0.0
  0
LINE
  5
DD0
330
1F
100
AcDbEntity
  8
0
100
AcDbLine
 10
1789.202606840675
 20
26.00105656532083
 30
0.0
 11
1757.920688964036
 21
33.91732505314849
 31
0.0
  0
ARC
  5
DD1
330
1F
100
AcDbEntity
  8
0
100
AcDbCircle
 10
1571.706131573092
 20
137.9430409609349
 30
0.0
 40
213.3007523531795
100
AcDbArc
 50
325.4213997444127
 51
330.8108054344373
  0
LINE
  5
DD2
330
1F
100
AcDbEntity
  8
0
100
AcDbLine
 10
1747.326964418305
 20
16.88712815537997
 30
0.0
 11
1749.379490391977
 21
0.0000000000029559
 31
0.0
  0
LINE
  5
DD3
330
1F
100
AcDbEntity
  8
0
100
AcDbLine
 10
1749.379490391977
 20
0.0000000000029559
 30
0.0
 11
1791.534556194044
 21
0.0000000000013642
 31
0.0
  0
LINE
  5
DD4
330
1F
100
AcDbEntity
  8
0
100
AcDbLine
 10
1791.534556194044
 20
0.0000000000013642
 30
0.0
 11
1789.202606840675
 21
26.00105656532083
 31
0.0
  0
LINE
  5
DD5
330
1F
100
AcDbEntity
  8
0
100
AcDbLine
 10
1789.202606840675
 20
26.00105656532083
 30
0.0
 11
1789.202606840675
 21
26.00105656532083
 31
0.0
  0
LINE
  5
DD6
330
1F
100
AcDbEntity
  8
0
100
AcDbLine
 10
1747.881417594163
 20
32.95823261258124
 30
0.0
 11
1746.154406148512
 21
36.89492553911373
 31
0.0
  0
LINE
  5
DD7
330
1F
100
AcDbEntity
  8
0
100
AcDbLine
 10
1746.154406148512
 20
36.89492553911373
 30
0.0
 11
1736.443939325487
 21
39.35227686956478
 31
0.0
  0
LINE
  5
DD8
330
1F
100
AcDbEntity
  8
0
100
AcDbLine
 10
1736.443939325487
 20
39.35227686956478
 30
0.0
 11
1715.127186817499
 21
44.74673947275846
 31
0.0
  0
ARC
  5
DD9
330
1F
100
AcDbEntity
  8
0
100
AcDbCircle
 10
1501.845739697778
 20
158.7465986325314
 30
0.0
 40
241.8366051157895
100
AcDbArc
 50
323.6838750866057
 51
331.8753028474218
  0
LINE
  5
DDA
330
1F
100
AcDbEntity
  8
0
100
AcDbLine
 10
1696.708398858472
 20
15.52129486691387
 30
0.0
 11
1699.812750694294
 21
0.0
 31
0.0
  0
LINE
  5
DDB
330
1F
100
AcDbEntity
  8
0
100
AcDbLine
 10
1699.812750694294
 20
0.0
 30
0.0
 11
1736.443939325483
 21
0.0
 31
0.0
  0
LINE
  5
DDC
330
1F
100
AcDbEntity
  8
0
100
AcDbLine
 10
1736.443939325483
 20
0.0
 30
0.0
 11
1737.947141154159
 21
0.0
 31
0.0
  0
LINE
  5
DDD
330
1F
100
AcDbEntity
  8
0
100
AcDbLine
 10
1737.947141154159
 20
0.0
 30
0.0
 11
1736.938190842056
 21
14.74718121761066
 31
0.0
  0
ARC
  5
DDE
330
1F
100
AcDbEntity
  8
0
100
AcDbCircle
 10
1506.747956306588
 20
165.4645766849385
 30
0.0
 40
275.1422856849678
100
AcDbArc
 50
326.7851667955529
 51
331.2105653892511
  0
LINE
  5
DDF
330
1F
100
AcDbEntity
  8
0
100
AcDbLine
 10
1747.881417594163
 20
32.95823261258124
 30
0.0
 11
1747.881417594163
 21
32.95823261258124
 31
0.0
  0
LINE
  5
DE0
330
1F
100
AcDbEntity
  8
0
100
AcDbLine
 10
1692.754598151997
 20
25.35439955154493
 30
0.0
 11
1691.330043994352
 21
29.10701965087742
 31
0.0
  0
LINE
  5
DE1
330
1F
100
AcDbEntity
  8
0
100
AcDbLine
 10
1691.330043994352
 20
29.10701965087742
 30
0.0
 11
1668.84855637437
 21
34.79623259193795
 31
0.0
  0
ARC
  5
DE2
330
1F
100
AcDbEntity
  8
0
100
AcDbCircle
 10
1478.852948290047
 20
130.7996580897986
 30
0.0
 40
212.8731753853806
100
AcDbArc
 50
326.6409474257832
 51
333.1928556678164
  0
LINE
  5
DE3
330
1F
100
AcDbEntity
  8
0
100
AcDbLine
 10
1656.653365087165
 20
13.74411321717775
 30
0.0
 11
1658.323877035895
 21
0.0
 31
0.0
  0
LINE
  5
DE4
330
1F
100
AcDbEntity
  8
0
100
AcDbLine
 10
1658.323877035895
 20
0.0
 30
0.0
 11
1686.271230690788
 21
0.0
 31
0.0
  0
LINE
  5
DE5
330
1F
100
AcDbEntity
  8
0
100
AcDbLine
 10
1686.271230690788
 20
0.0
 30
0.0
 11
1685.255159550302
 21
15.17188142836608
 31
0.0
  0
ARC
  5
DE6
330
1F
100
AcDbEntity
  8
0
100
AcDbCircle
 10
1515.674578875871
 20
147.9211448021581
 30
0.0
 40
215.3600247682049
100
AcDbArc
 50
321.9458285127741
 51
325.3107774760405
  0
LINE
  5
DE7
330
1F
100
AcDbEntity
  8
0
100
AcDbLine
 10
1692.754598151997
 20
25.35439955154493
 30
0.0
 11
1692.754598151997
 21
25.35439955154493
 31
0.0
  0
LINE
  5
DE8
330
1F
100
AcDbEntity
  8
0
100
AcDbLine
 10
1660.031555661375
 20
33.48067383208104
 30
0.0
 11
1658.115753356758
 21
37.51229848819026
 31
0.0
  0
LINE
  5
DE9
330
1F
100
AcDbEntity
  8
0
100
AcDbLine
 10
1658.115753356758
 20
37.51229848819026
 30
0.0
 11
1645.052153045192
 21
40.81820089134521
 31
0.0
  0
LINE
  5
DEA
330
1F
100
AcDbEntity
  8
0
100
AcDbLine
 10
1645.052153045192
 20
0.0
 30
0.0
 11
1647.896376320412
 21
0.0
 31
0.0
  0
LINE
  5
DEB
330
1F
100
AcDbEntity
  8
0
100
AcDbLine
 10
1647.896376320412
 20
0.0
 30
0.0
 11
1647.191948691706
 21
10.29616797816447
 31
0.0
  0
ARC
  5
DEC
330
1F
100
AcDbEntity
  8
0
100
AcDbCircle
 10
1466.475763763081
 20
125.5245542887203
 30
0.0
 40
214.3266677455043
100
AcDbArc
 50
327.4775710931018
 51
334.5669564259503
  0
LINE
  5
DED
330
1F
100
AcDbEntity
  8
0
100
AcDbLine
 10
1660.031555661375
 20
33.48067383208104
 30
0.0
 11
1660.031555661375
 21
33.48067383208104
 31
0.0
  0
LINE
  5
DEE
330
1F
100
AcDbEntity
  8
0
100
AcDbLine
 10
1828.32997712234
 20
144.25281878239
 30
0.0
 11
1829.338927434443
 21
158.9999999999963
 31
0.0
  0
LINE
  5
DEF
330
1F
100
AcDbEntity
  8
0
100
AcDbLine
 10
1829.338927434443
 20
158.9999999999963
 30
0.0
 11
1827.835725605769
 21
158.9999999999963
 31
0.0
  0
LINE
  5
DF0
330
1F
100
AcDbEntity
  8
0
100
AcDbLine
 10
1827.835725605769
 20
119.6477231304345
 30
0.0
 11
1837.546192428797
 21
122.1050744608862
 31
0.0
  0
LINE
  5
DF1
330
1F
100
AcDbEntity
  8
0
100
AcDbLine
 10
1837.546192428797
 20
122.1050744608862
 30
0.0
 11
1839.273203874448
 21
126.041767387419
 31
0.0
  0
ARC
  5
DF2
330
1F
100
AcDbEntity
  8
0
100
AcDbCircle
 10
1598.139742586877
 20
-6.464576684938265
 30
0.0
 40
275.1422856849647
100
AcDbArc
 50
28.78943461074891
 51
33.2148332044471
  0
LINE
  5
DF3
330
1F
100
AcDbEntity
  8
0
100
AcDbLine
 10
1828.32997712234
 20
144.25281878239
 30
0.0
 11
1828.32997712234
 21
144.25281878239
 31
0.0
  0
LINE
  5
DF4
330
1F
100
AcDbEntity
  8
0
100
AcDbLine
 10
1882.926342474329
 20
158.9999999999986
 30
0.0
 11
1840.771276672262
 21
158.9999999999968
 31
0.0
  0
LINE
  5
DF5
330
1F
100
AcDbEntity
  8
0
100
AcDbLine
 10
1840.771276672262
 20
158.9999999999968
 30
0.0
 11
1838.718750698591
 21
142.11287184462
 31
0.0
  0
ARC
  5
DF6
330
1F
100
AcDbEntity
  8
0
100
AcDbCircle
 10
1663.097917853376
 20
21.0569590390644
 30
0.0
 40
213.3007523531808
100
AcDbArc
 50
29.18919456556271
 51
34.57860025558736
  0
LINE
  5
DF7
330
1F
100
AcDbEntity
  8
0
100
AcDbLine
 10
1849.31247524432
 20
125.0826749468515
 30
0.0
 11
1880.59439312096
 21
132.9989434346791
 31
0.0
  0
LINE
  5
DF8
330
1F
100
AcDbEntity
  8
0
100
AcDbLine
 10
1880.59439312096
 20
132.9989434346791
 30
0.0
 11
1882.926342474329
 21
158.9999999999986
 31
0.0
  0
LINE
  5
DF9
330
1F
100
AcDbEntity
  8
0
100
AcDbLine
 10
1882.926342474329
 20
158.9999999999986
 30
0.0
 11
1882.926342474329
 21
158.9999999999986
 31
0.0
  0
LINE
  5
DFA
330
1F
100
AcDbEntity
  8
0
100
AcDbLine
 10
1921.367307532575
 20
148.7038320218355
 30
0.0
 11
1922.071735161281
 21
159.0
 31
0.0
  0
LINE
  5
DFB
330
1F
100
AcDbEntity
  8
0
100
AcDbLine
 10
1922.071735161281
 20
159.0
 30
0.0
 11
1919.227511886064
 21
159.0
 31
0.0
  0
LINE
  5
DFC
330
1F
100
AcDbEntity
  8
0
100
AcDbLine
 10
1919.227511886064
 20
159.0
 30
0.0
 11
1896.261399399971
 21
158.9999999999991
 31
0.0
  0
LINE
  5
DFD
330
1F
100
AcDbEntity
  8
0
100
AcDbLine
 10
1896.261399399971
 20
158.9999999999991
 30
0.0
 11
1892.540648051544
 21
138.1930109110315
 31
0.0
  0
ARC
  5
DFE
330
1F
100
AcDbEntity
  8
0
100
AcDbCircle
 10
1716.546687633667
 20
4.770328388878397
 30
0.0
 40
220.8517292551198
100
AcDbArc
 50
30.02515641752738
 51
37.1661094095397
  0
LINE
  5
DFF
330
1F
100
AcDbEntity
  8
0
100
AcDbLine
 10
1907.761393368804
 20
115.2801588366783
 30
0.0
 11
1919.22751188606
 21
118.1817991086554
 31
0.0
  0
LINE
  5
E00
330
1F
100
AcDbEntity
  8
0
100
AcDbLine
 10
1919.22751188606
 20
118.1817991086554
 30
0.0
 11
1932.291112197627
 21
121.4877015118102
 31
0.0
  0
LINE
  5
E01
330
1F
100
AcDbEntity
  8
0
100
AcDbLine
 10
1932.291112197627
 20
121.4877015118102
 30
0.0
 11
1934.206914502244
 21
125.5193261679189
 31
0.0
  0
ARC
  5
E02
330
1F
100
AcDbEntity
  8
0
100
AcDbCircle
 10
1740.65112260395
 20
33.47544571127833
 30
0.0
 40
214.3266677455054
100
AcDbArc
 50
25.4330435740497
 51
32.52242890689828
  0
LINE
  5
E03
330
1F
100
AcDbEntity
  8
0
100
AcDbLine
 10
1921.367307532575
 20
148.7038320218355
 30
0.0
 11
1921.367307532575
 21
148.7038320218355
 31
0.0
  0
LINE
  5
E04
330
1F
100
AcDbEntity
  8
0
100
AcDbLine
 10
1959.430518391171
 20
143.8281185716337
 30
0.0
 11
1960.446589531656
 21
159.0
 31
0.0
  0
LINE
  5
E05
330
1F
100
AcDbEntity
  8
0
100
AcDbLine
 10
1960.446589531656
 20
159.0
 30
0.0
 11
1932.499235876764
 21
159.0
 31
0.0
  0
LINE
  5
E06
330
1F
100
AcDbEntity
  8
0
100
AcDbLine
 10
1932.499235876764
 20
159.0
 30
0.0
 11
1930.828723928034
 21
145.2558867828222
 31
0.0
  0
ARC
  5
E07
330
1F
100
AcDbEntity
  8
0
100
AcDbCircle
 10
1753.028307130918
 20
28.20034191020045
 30
0.0
 40
212.8731753853794
100
AcDbArc
 50
26.80714433218363
 51
33.35905257422033
  0
LINE
  5
E08
330
1F
100
AcDbEntity
  8
0
100
AcDbLine
 10
1943.023915215239
 20
124.2037674080622
 30
0.0
 11
1965.505402835221
 21
129.8929803491225
 31
0.0
  0
LINE
  5
E09
330
1F
100
AcDbEntity
  8
0
100
AcDbLine
 10
1965.505402835221
 20
129.8929803491225
 30
0.0
 11
1966.929956992865
 21
133.6456004484546
 31
0.0
  0
ARC
  5
E0A
330
1F
100
AcDbEntity
  8
0
100
AcDbCircle
 10
1789.849937716742
 20
11.07885519784213
 30
0.0
 40
215.3600247682026
100
AcDbArc
 50
34.68922252395945
 51
38.0541714872259
  0
LINE
  5
E0B
330
1F
100
AcDbEntity
  8
0
100
AcDbLine
 10
1959.430518391171
 20
143.8281185716337
 30
0.0
 11
1959.430518391171
 21
143.8281185716337
 31
0.0
  0
LINE
  5
E0C
330
1F
100
AcDbEntity
  8
0
100
AcDbLine
 10
2010.619298166352
 20
159.0
 30
0.0
 11
1973.988109535162
 21
159.0
 31
0.0
  0
LINE
  5
E0D
330
1F
100
AcDbEntity
  8
0
100
AcDbLine
 10
1973.988109535162
 20
159.0
 30
0.0
 11
1970.883757699341
 21
143.4787051330859
 31
0.0
  0
ARC
  5
E0E
330
1F
100
AcDbEntity
  8
0
100
AcDbCircle
 10
1776.021098538645
 20
0.2534013674683138
 30
0.0
 40
241.8366051157903
100
AcDbArc
 50
28.12469715257825
 51
36.31612491339424
  0
LINE
  5
E0F
330
1F
100
AcDbEntity
  8
0
100
AcDbLine
 10
1989.302545658367
 20
114.2532605272415
 30
0.0
 11
2010.61929816635
 21
119.647723130435
 31
0.0
  0
LINE
  5
E10
330
1F
100
AcDbEntity
  8
0
100
AcDbLine
 10
2010.619298166352
 20
159.0
 30
0.0
 11
2010.619298166352
 21
159.0
 31
0.0
  0
LINE
  5
E11
330
1F
100
AcDbEntity
  8
0
100
AcDbLine
 10
2010.61929816635
 20
112.4270596278224
 30
0.0
 11
2004.494137118348
 21
110.8770133813477
 31
0.0
  0
LINE
  5
E12
330
1F
100
AcDbEntity
  8
0
100
AcDbLine
 10
2004.494137118348
 20
110.8770133813477
 30
0.0
 11
1992.595537420754
 21
107.8659285045569
 31
0.0
  0
ARC
  5
E13
330
1F
100
AcDbEntity
  8
0
100
AcDbCircle
 10
1776.021098538646
 20
0.2534013674680864
 30
0.0
 40
241.8366051157899
100
AcDbArc
 50
19.13631246398551
 51
26.42207891277804
  0
ARC
  5
E14
330
1F
100
AcDbEntity
  8
0
100
AcDbCircle
 10
1776.021098538651
 20
0.2534013674664948
 30
0.0
 40
241.8366051157863
100
AcDbArc
 50
15.21100042832071
 51
19.13631246398551
  0
ARC
  5
E15
330
1F
100
AcDbEntity
  8
0
100
AcDbCircle
 10
1807.938473913957
 20
154.2296716111243
 30
0.0
 40
220.8517292551228
100
AcDbArc
 50
333.0291673319346
 51
335.8021863987736
  0
LINE
  5
E16
330
1F
100
AcDbEntity
  8
0
100
AcDbLine
 10
2004.769821348547
 20
54.06527183724438
 30
0.0
 11
2006.550814990936
 21
50.09996673322735
 31
0.0
  0
LINE
  5
E17
330
1F
100
AcDbEntity
  8
0
100
AcDbLine
 10
2006.550814990936
 20
50.09996673322735
 30
0.0
 11
2010.619298166348
 21
49.07038775147544
 31
0.0
  0
LINE
  5
E18
330
1F
100
AcDbEntity
  8
0
100
AcDbLine
 10
2010.61929816635
 20
112.4270596278224
 30
0.0
 11
2010.61929816635
 21
112.4270596278224
 31
0.0
  0
LINE
  5
E19
330
1F
100
AcDbEntity
  8
0
100
AcDbLine
 10
1973.446248692365
 20
123.6503207843898
 30
0.0
 11
1949.473746220868
 21
117.583788462515
 31
0.0
  0
LINE
  5
E1A
330
1F
100
AcDbEntity
  8
0
100
AcDbLine
 10
1949.473746220868
 20
117.583788462515
 30
0.0
 11
1947.795475680077
 21
114.1115684990336
 31
0.0
  0
ARC
  5
E1B
330
1F
100
AcDbEntity
  8
0
100
AcDbCircle
 10
1753.028307130916
 20
28.20034191019999
 30
0.0
 40
212.8731753853804
100
AcDbArc
 50
13.94975007767635
 51
23.80213509318581
  0
LINE
  5
E1C
330
1F
100
AcDbEntity
  8
0
100
AcDbLine
 10
1959.623325717512
 20
79.51785445571386
 30
0.0
 11
1992.106058312423
 21
75.22954722225222
 31
0.0
  0
LINE
  5
E1D
330
1F
100
AcDbEntity
  8
0
100
AcDbLine
 10
1992.106058312423
 20
75.22954722225222
 30
0.0
 11
1994.513693674825
 21
78.10636645472391
 31
0.0
  0
ARC
  5
E1E
330
1F
100
AcDbEntity
  8
0
100
AcDbCircle
 10
1789.849937716742
 20
11.07885519784099
 30
0.0
 40
215.3600247682036
100
AcDbArc
 50
18.13365459758978
 51
31.51440480752226
  0
LINE
  5
E1F
330
1F
100
AcDbEntity
  8
0
100
AcDbLine
 10
1973.446248692365
 20
123.6503207843898
 30
0.0
 11
1973.446248692365
 21
123.6503207843898
 31
0.0
  0
LINE
  5
E20
330
1F
100
AcDbEntity
  8
0
100
AcDbLine
 10
1938.904675352273
 20
114.9091569711736
 30
0.0
 11
1919.227511886064
 21
109.9296122485266
 31
0.0
  0
LINE
  5
E21
330
1F
100
AcDbEntity
  8
0
100
AcDbLine
 10
1919.227511886064
 20
109.9296122485266
 30
0.0
 11
1915.159028710645
 21
108.9000332667726
 31
0.0
  0
LINE
  5
E22
330
1F
100
AcDbEntity
  8
0
100
AcDbLine
 10
1915.159028710645
 20
108.9000332667726
 30
0.0
 11
1913.378035068255
 21
104.9347281627554
 31
0.0
  0
ARC
  5
E23
330
1F
100
AcDbEntity
  8
0
100
AcDbCircle
 10
1716.546687633672
 20
4.77032838887294
 30
0.0
 40
220.8517292551168
100
AcDbArc
 50
24.19781360122905
 51
26.97083266806536
  0
ARC
  5
E24
330
1F
100
AcDbEntity
  8
0
100
AcDbCircle
 10
1684.629312258352
 20
158.7465986325326
 30
0.0
 40
241.8366051157926
100
AcDbArc
 50
340.8636875360145
 51
344.7889995716792
  0
ARC
  5
E25
330
1F
100
AcDbEntity
  8
0
100
AcDbCircle
 10
1684.629312258356
 20
158.7465986325326
 30
0.0
 40
241.8366051157886
100
AcDbArc
 50
333.577921087222
 51
340.8636875360145
  0
LINE
  5
E26
330
1F
100
AcDbEntity
  8
0
100
AcDbLine
 10
1901.203751140462
 20
51.13407149544241
 30
0.0
 11
1913.102350838055
 21
48.12298661865134
 31
0.0
  0
LINE
  5
E27
330
1F
100
AcDbEntity
  8
0
100
AcDbLine
 10
1913.102350838055
 20
48.12298661865134
 30
0.0
 11
1919.22751188606
 21
46.57294037217707
 31
0.0
  0
LINE
  5
E28
330
1F
100
AcDbEntity
  8
0
100
AcDbLine
 10
1919.22751188606
 20
46.57294037217707
 30
0.0
 11
1935.628858056108
 21
42.42238092259959
 31
0.0
  0
ARC
  5
E29
330
1F
100
AcDbEntity
  8
0
100
AcDbCircle
 10
1689.531528867168
 20
165.4645766849394
 30
0.0
 40
275.1422856849656
100
AcDbArc
 50
333.4361536817621
 51
341.4247370161894
  0
ARC
  5
E2A
330
1F
100
AcDbEntity
  8
0
100
AcDbCircle
 10
1740.651122603948
 20
33.4754457112781
 30
0.0
 40
214.326667745507
100
AcDbArc
 50
11.94029345672383
 51
22.33067050115316
  0
LINE
  5
E2B
330
1F
100
AcDbEntity
  8
0
100
AcDbLine
 10
1938.904675352273
 20
114.9091569711736
 30
0.0
 11
1938.904675352273
 21
114.9091569711736
 31
0.0
  0
LINE
  5
E2C
330
1F
100
AcDbEntity
  8
0
100
AcDbLine
 10
1888.549136024203
 20
127.79132404343
 30
0.0
 11
1856.117150683269
 21
119.5840170437557
 31
0.0
  0
LINE
  5
E2D
330
1F
100
AcDbEntity
  8
0
100
AcDbLine
 10
1856.117150683269
 20
119.5840170437557
 30
0.0
 11
1854.301145667278
 21
115.6007934651034
 31
0.0
  0
ARC
  5
E2E
330
1F
100
AcDbEntity
  8
0
100
AcDbCircle
 10
1663.097917853377
 20
21.05695903906303
 30
0.0
 40
213.3007523531814
100
AcDbArc
 50
17.31101105380633
 51
26.31091189374687
  0
LINE
  5
E2F
330
1F
100
AcDbEntity
  8
0
100
AcDbLine
 10
1866.736920966321
 20
84.52637975171455
 30
0.0
 11
1902.32425845174
 21
89.22455088963966
 31
0.0
  0
LINE
  5
E30
330
1F
100
AcDbEntity
  8
0
100
AcDbLine
 10
1902.32425845174
 20
89.22455088963966
 30
0.0
 11
1904.810501816427
 21
93.04157284977623
 31
0.0
  0
ARC
  5
E31
330
1F
100
AcDbEntity
  8
0
100
AcDbCircle
 10
1773.446812048755
 20
52.74878368415738
 30
0.0
 40
137.4042497454943
100
AcDbArc
 50
17.05219009185052
 51
33.10289212201543
  0
LINE
  5
E32
330
1F
100
AcDbEntity
  8
0
100
AcDbLine
 10
1888.549136024203
 20
127.79132404343
 30
0.0
 11
1888.549136024203
 21
127.79132404343
 31
0.0
  0
ARC
  5
E33
330
1F
100
AcDbEntity
  8
0
100
AcDbCircle
 10
1598.139742586875
 20
-6.464576684940539
 30
0.0
 40
275.142285684967
100
AcDbArc
 50
19.0628885360001
 51
26.56384631823787
  0
LINE
  5
E34
330
1F
100
AcDbEntity
  8
0
100
AcDbLine
 10
1844.237071775815
 20
116.5776190774004
 30
0.0
 11
1827.835725605769
 21
112.4270596278213
 31
0.0
  0
LINE
  5
E35
330
1F
100
AcDbEntity
  8
0
100
AcDbLine
 10
1827.835725605769
 20
49.07038775147407
 30
0.0
 11
1847.512889071981
 21
44.09084302882638
 31
0.0
  0
ARC
  5
E36
330
1F
100
AcDbEntity
  8
0
100
AcDbCircle
 10
1649.259336323656
 20
125.5245542887216
 30
0.0
 40
214.3266677455064
100
AcDbArc
 50
337.6693294988468
 51
347.2352948056126
  0
LINE
  5
E37
330
1F
100
AcDbEntity
  8
0
100
AcDbLine
 10
1858.289058822204
 20
78.16955857472294
 30
0.0
 11
1853.377684251669
 21
77.52116844819738
 31
0.0
  0
LINE
  5
E38
330
1F
100
AcDbEntity
  8
0
100
AcDbLine
 10
1853.377684251669
 20
77.52116844819738
 30
0.0
 11
1853.38951514268
 21
82.76428117290107
 31
0.0
  0
LINE
  5
E39
330
1F
100
AcDbEntity
  8
0
100
AcDbLine
 10
1853.38951514268
 20
82.76428117290107
 30
0.0
 11
1858.193406532307
 21
83.3984815787544
 31
0.0
  0
LINE
  5
E3A
330
1F
100
AcDbEntity
  8
0
100
AcDbLine
 10
1858.193406532307
 20
83.3984815787544
 30
0.0
 11
1858.193406532307
 21
83.3984815787544
 31
0.0
  0
LINE
  5
E3B
330
1F
100
AcDbEntity
  8
0
100
AcDbLine
 10
1903.121907394533
 20
80.89363354527609
 30
0.0
 11
1900.714272032131
 21
83.77045277774778
 31
0.0
  0
LINE
  5
E3C
330
1F
100
AcDbEntity
  8
0
100
AcDbLine
 10
1900.714272032131
 20
83.77045277774778
 30
0.0
 11
1868.231539437221
 21
79.48214554428614
 31
0.0
  0
ARC
  5
E3D
330
1F
100
AcDbEntity
  8
0
100
AcDbCircle
 10
1661.636520850623
 20
130.7996580897986
 30
0.0
 40
212.8731753853809
100
AcDbArc
 50
336.1978649068142
 51
346.0502499223236
  0
LINE
  5
E3E
330
1F
100
AcDbEntity
  8
0
100
AcDbLine
 10
1856.403689399785
 20
44.88843150096568
 30
0.0
 11
1858.081959940576
 21
41.41621153748497
 31
0.0
  0
LINE
  5
E3F
330
1F
100
AcDbEntity
  8
0
100
AcDbLine
 10
1858.081959940576
 20
41.41621153748497
 30
0.0
 11
1882.054462412073
 21
35.34967921561019
 31
0.0
  0
ARC
  5
E40
330
1F
100
AcDbEntity
  8
0
100
AcDbCircle
 10
1698.45815143645
 20
147.921144802159
 30
0.0
 40
215.3600247682035
100
AcDbArc
 50
328.4855951924777
 51
341.8663454024102
  0
LINE
  5
E41
330
1F
100
AcDbEntity
  8
0
100
AcDbLine
 10
1903.121907394533
 20
80.89363354527609
 30
0.0
 11
1903.121907394533
 21
80.89363354527609
 31
0.0
  0
LINE
  5
E42
330
1F
100
AcDbEntity
  8
0
100
AcDbLine
 10
1996.202288096719
 20
65.95842715022377
 30
0.0
 11
1993.716044732031
 21
69.77544911036034
 31
0.0
  0
LINE
  5
E43
330
1F
100
AcDbEntity
  8
0
100
AcDbLine
 10
1993.716044732031
 20
69.77544911036034
 30
0.0
 11
1958.128707246612
 21
74.47362024828544
 31
0.0
  0
ARC
  5
E44
330
1F
100
AcDbEntity
  8
0
100
AcDbCircle
 10
1754.489704133669
 20
137.9430409609381
 30
0.0
 40
213.3007523531809
100
AcDbArc
 50
333.6890881062531
 51
342.6889889461937
  0
LINE
  5
E45
330
1F
100
AcDbEntity
  8
0
100
AcDbLine
 10
1945.69293194757
 20
43.39920653489684
 30
0.0
 11
1947.508936963561
 21
39.41598295624431
 31
0.0
  0
LINE
  5
E46
330
1F
100
AcDbEntity
  8
0
100
AcDbLine
 10
1947.508936963561
 20
39.41598295624431
 30
0.0
 11
1979.940922304495
 21
31.20867595657001
 31
0.0
  0
ARC
  5
E47
330
1F
100
AcDbEntity
  8
0
100
AcDbCircle
 10
1864.838598329047
 20
106.2512163158428
 30
0.0
 40
137.4042497454948
100
AcDbArc
 50
326.8971078779845
 51
342.9478099081495
  0
LINE
  5
E48
330
1F
100
AcDbEntity
  8
0
100
AcDbLine
 10
1996.202288096719
 20
65.95842715022377
 30
0.0
 11
1996.202288096719
 21
65.95842715022377
 31
0.0
  0
LINE
  5
E49
330
1F
100
AcDbEntity
  8
0
100
AcDbLine
 10
2010.619298166348
 20
40.81820089134566
 30
0.0
 11
1999.153179649096
 21
43.71984116332169
 31
0.0
  0
ARC
  5
E4A
330
1F
100
AcDbEntity
  8
0
100
AcDbCircle
 10
1807.938473913959
 20
154.2296716111223
 30
0.0
 40
220.8517292551199
100
AcDbArc
 50
322.8338905904603
 51
329.9748435824726
  0
LINE
  5
E4B
330
1F
100
AcDbEntity
  8
0
100
AcDbLine
 10
1983.932434331836
 20
20.80698908896852
 30
0.0
 11
1987.653185680262
 21
0.0000000000009095
 31
0.0
  0
LINE
  5
E4C
330
1F
100
AcDbEntity
  8
0
100
AcDbLine
 10
1987.653185680262
 20
0.0000000000009095
 30
0.0
 11
2010.619298166346
 21
0.0
 31
0.0
  0
LINE
  5
E4D
330
1F
100
AcDbEntity
  8
0
100
AcDbLine
 10
2010.619298166348
 20
40.81820089134566
 30
0.0
 11
2010.619298166348
 21
40.81820089134566
 31
0.0
  0
LINE
  5
E4E
330
1F
100
AcDbEntity
  8
0
100
AcDbLine
 10
1971.986179401252
 20
26.00105656532083
 30
0.0
 11
1940.704261524612
 21
33.91732505314849
 31
0.0
  0
ARC
  5
E4F
330
1F
100
AcDbEntity
  8
0
100
AcDbCircle
 10
1754.489704133669
 20
137.9430409609349
 30
0.0
 40
213.3007523531795
100
AcDbArc
 50
325.4213997444127
 51
330.8108054344373
  0
LINE
  5
E50
330
1F
100
AcDbEntity
  8
0
100
AcDbLine
 10
1930.110536978882
 20
16.88712815537997
 30
0.0
 11
1932.163062952554
 21
0.0000000000029559
 31
0.0
  0
LINE
  5
E51
330
1F
100
AcDbEntity
  8
0
100
AcDbLine
 10
1932.163062952554
 20
0.0000000000029559
 30
0.0
 11
1974.318128754621
 21
0.0000000000013642
 31
0.0
  0
LINE
  5
E52
330
1F
100
AcDbEntity
  8
0
100
AcDbLine
 10
1974.318128754621
 20
0.0000000000013642
 30
0.0
 11
1971.986179401252
 21
26.00105656532083
 31
0.0
  0
LINE
  5
E53
330
1F
100
AcDbEntity
  8
0
100
AcDbLine
 10
1971.986179401252
 20
26.00105656532083
 30
0.0
 11
1971.986179401252
 21
26.00105656532083
 31
0.0
  0
LINE
  5
E54
330
1F
100
AcDbEntity
  8
0
100
AcDbLine
 10
1930.66499015474
 20
32.95823261258124
 30
0.0
 11
1928.937978709089
 21
36.89492553911373
 31
0.0
  0
LINE
  5
E55
330
1F
100
AcDbEntity
  8
0
100
AcDbLine
 10
1928.937978709089
 20
36.89492553911373
 30
0.0
 11
1919.227511886064
 21
39.35227686956478
 31
0.0
  0
LINE
  5
E56
330
1F
100
AcDbEntity
  8
0
100
AcDbLine
 10
1919.227511886064
 20
39.35227686956478
 30
0.0
 11
1897.910759378075
 21
44.74673947275846
 31
0.0
  0
ARC
  5
E57
330
1F
100
AcDbEntity
  8
0
100
AcDbCircle
 10
1684.629312258354
 20
158.7465986325314
 30
0.0
 40
241.8366051157895
100
AcDbArc
 50
323.6838750866057
 51
331.8753028474218
  0
LINE
  5
E58
330
1F
100
AcDbEntity
  8
0
100
AcDbLine
 10
1879.491971419049
 20
15.52129486691387
 30
0.0
 11
1882.59632325487
 21
0.0
 31
0.0
  0
LINE
  5
E59
330
1F
100
AcDbEntity
  8
0
100
AcDbLine
 10
1882.59632325487
 20
0.0
 30
0.0
 11
1919.22751188606
 21
0.0
 31
0.0
  0
LINE
  5
E5A
330
1F
100
AcDbEntity
  8
0
100
AcDbLine
 10
1919.22751188606
 20
0.0
 30
0.0
 11
1920.730713714736
 21
0.0
 31
0.0
  0
LINE
  5
E5B
330
1F
100
AcDbEntity
  8
0
100
AcDbLine
 10
1920.730713714736
 20
0.0
 30
0.0
 11
1919.721763402632
 21
14.74718121761066
 31
0.0
  0
ARC
  5
E5C
330
1F
100
AcDbEntity
  8
0
100
AcDbCircle
 10
1689.531528867165
 20
165.4645766849385
 30
0.0
 40
275.1422856849678
100
AcDbArc
 50
326.7851667955529
 51
331.2105653892511
  0
LINE
  5
E5D
330
1F
100
AcDbEntity
  8
0
100
AcDbLine
 10
1930.66499015474
 20
32.95823261258124
 30
0.0
 11
1930.66499015474
 21
32.95823261258124
 31
0.0
  0
LINE
  5
E5E
330
1F
100
AcDbEntity
  8
0
100
AcDbLine
 10
1875.538170712574
 20
25.35439955154493
 30
0.0
 11
1874.113616554928
 21
29.10701965087742
 31
0.0
  0
LINE
  5
E5F
330
1F
100
AcDbEntity
  8
0
100
AcDbLine
 10
1874.113616554928
 20
29.10701965087742
 30
0.0
 11
1851.632128934948
 21
34.79623259193795
 31
0.0
  0
ARC
  5
E60
330
1F
100
AcDbEntity
  8
0
100
AcDbCircle
 10
1661.636520850624
 20
130.7996580897986
 30
0.0
 40
212.8731753853806
100
AcDbArc
 50
326.6409474257832
 51
333.1928556678164
  0
LINE
  5
E61
330
1F
100
AcDbEntity
  8
0
100
AcDbLine
 10
1839.436937647742
 20
13.74411321717775
 30
0.0
 11
1841.107449596472
 21
0.0
 31
0.0
  0
LINE
  5
E62
330
1F
100
AcDbEntity
  8
0
100
AcDbLine
 10
1841.107449596472
 20
0.0
 30
0.0
 11
1869.054803251365
 21
0.0
 31
0.0
  0
LINE
  5
E63
330
1F
100
AcDbEntity
  8
0
100
AcDbLine
 10
1869.054803251365
 20
0.0
 30
0.0
 11
1868.038732110879
 21
15.17188142836608
 31
0.0
  0
ARC
  5
E64
330
1F
100
AcDbEntity
  8
0
100
AcDbCircle
 10
1698.458151436448
 20
147.9211448021581
 30
0.0
 40
215.3600247682049
100
AcDbArc
 50
321.9458285127741
 51
325.3107774760405
  0
LINE
  5
E65
330
1F
100
AcDbEntity
  8
0
100
AcDbLine
 10
1875.538170712574
 20
25.35439955154493
 30
0.0
 11
1875.538170712574
 21
25.35439955154493
 31
0.0
  0
LINE
  5
E66
330
1F
100
AcDbEntity
  8
0
100
AcDbLine
 10
1842.815128221952
 20
33.48067383208104
 30
0.0
 11
1840.899325917335
 21
37.51229848819026
 31
0.0
  0
LINE
  5
E67
330
1F
100
AcDbEntity
  8
0
100
AcDbLine
 10
1840.899325917335
 20
37.51229848819026
 30
0.0
 11
1827.835725605769
 21
40.81820089134521
 31
0.0
  0
LINE
  5
E68
330
1F
100
AcDbEntity
  8
0
100
AcDbLine
 10
1827.835725605769
 20
0.0
 30
0.0
 11
1830.679948880989
 21
0.0
 31
0.0
  0
LINE
  5
E69
330
1F
100
AcDbEntity
  8
0
100
AcDbLine
 10
1830.679948880989
 20
0.0
 30
0.0
 11
1829.975521252283
 21
10.29616797816447
 31
0.0
  0
ARC
  5
E6A
330
1F
100
AcDbEntity
  8
0
100
AcDbCircle
 10
1649.259336323658
 20
125.5245542887203
 30
0.0
 40
214.3266677455043
100
AcDbArc
 50
327.4775710931018
 51
334.5669564259503
  0
LINE
  5
E6B
330
1F
100
AcDbEntity
  8
0
100
AcDbLine
 10
1842.815128221952
 20
33.48067383208104
 30
0.0
 11
1842.815128221952
 21
33.48067383208104
 31
0.0
  0
LINE
  5
E6C
330
1F
100
AcDbEntity
  8
0
100
AcDbLine
 10
2011.113549682917
 20
144.25281878239
 30
0.0
 11
2012.122499995021
 21
158.9999999999963
 31
0.0
  0
LINE
  5
E6D
330
1F
100
AcDbEntity
  8
0
100
AcDbLine
 10
2012.122499995021
 20
158.9999999999963
 30
0.0
 11
2010.619298166346
 21
158.9999999999963
 31
0.0
  0
LINE
  5
E6E
330
1F
100
AcDbEntity
  8
0
100
AcDbLine
 10
2010.619298166346
 20
119.6477231304345
 30
0.0
 11
2020.329764989375
 21
122.1050744608862
 31
0.0
  0
LINE
  5
E6F
330
1F
100
AcDbEntity
  8
0
100
AcDbLine
 10
2020.329764989375
 20
122.1050744608862
 30
0.0
 11
2022.056776435025
 21
126.041767387419
 31
0.0
  0
ARC
  5
E70
330
1F
100
AcDbEntity
  8
0
100
AcDbCircle
 10
1780.923315147453
 20
-6.464576684938265
 30
0.0
 40
275.1422856849647
100
AcDbArc
 50
28.78943461074891
 51
33.2148332044471
  0
LINE
  5
E71
330
1F
100
AcDbEntity
  8
0
100
AcDbLine
 10
2011.113549682917
 20
144.25281878239
 30
0.0
 11
2011.113549682917
 21
144.25281878239
 31
0.0
  0
LINE
  5
E72
330
1F
100
AcDbEntity
  8
0
100
AcDbLine
 10
2065.709915034906
 20
158.9999999999986
 30
0.0
 11
2023.554849232839
 21
158.9999999999968
 31
0.0
  0
LINE
  5
E73
330
1F
100
AcDbEntity
  8
0
100
AcDbLine
 10
2023.554849232839
 20
158.9999999999968
 30
0.0
 11
2021.502323259168
 21
142.11287184462
 31
0.0
  0
ARC
  5
E74
330
1F
100
AcDbEntity
  8
0
100
AcDbCircle
 10
1845.881490413953
 20
21.0569590390644
 30
0.0
 40
213.3007523531808
100
AcDbArc
 50
29.18919456556271
 51
34.57860025558736
  0
LINE
  5
E75
330
1F
100
AcDbEntity
  8
0
100
AcDbLine
 10
2032.096047804898
 20
125.0826749468515
 30
0.0
 11
2063.377965681536
 21
132.9989434346791
 31
0.0
  0
LINE
  5
E76
330
1F
100
AcDbEntity
  8
0
100
AcDbLine
 10
2063.377965681536
 20
132.9989434346791
 30
0.0
 11
2065.709915034906
 21
158.9999999999986
 31
0.0
  0
LINE
  5
E77
330
1F
100
AcDbEntity
  8
0
100
AcDbLine
 10
2065.709915034906
 20
158.9999999999986
 30
0.0
 11
2065.709915034906
 21
158.9999999999986
 31
0.0
  0
LINE
  5
E78
330
1F
100
AcDbEntity
  8
0
100
AcDbLine
 10
2104.150880093152
 20
148.7038320218355
 30
0.0
 11
2104.855307721857
 21
159.0
 31
0.0
  0
LINE
  5
E79
330
1F
100
AcDbEntity
  8
0
100
AcDbLine
 10
2104.855307721857
 20
159.0
 30
0.0
 11
2102.011084446641
 21
159.0
 31
0.0
  0
LINE
  5
E7A
330
1F
100
AcDbEntity
  8
0
100
AcDbLine
 10
2102.011084446641
 20
159.0
 30
0.0
 11
2079.044971960548
 21
158.9999999999991
 31
0.0
  0
LINE
  5
E7B
330
1F
100
AcDbEntity
  8
0
100
AcDbLine
 10
2079.044971960548
 20
158.9999999999991
 30
0.0
 11
2075.324220612122
 21
138.1930109110315
 31
0.0
  0
ARC
  5
E7C
330
1F
100
AcDbEntity
  8
0
100
AcDbCircle
 10
1899.330260194244
 20
4.770328388878397
 30
0.0
 40
220.8517292551198
100
AcDbArc
 50
30.02515641752738
 51
37.1661094095397
  0
LINE
  5
E7D
330
1F
100
AcDbEntity
  8
0
100
AcDbLine
 10
2090.544965929382
 20
115.2801588366783
 30
0.0
 11
2102.011084446637
 21
118.1817991086554
 31
0.0
  0
LINE
  5
E7E
330
1F
100
AcDbEntity
  8
0
100
AcDbLine
 10
2102.011084446637
 20
118.1817991086554
 30
0.0
 11
2115.074684758204
 21
121.4877015118102
 31
0.0
  0
LINE
  5
E7F
330
1F
100
AcDbEntity
  8
0
100
AcDbLine
 10
2115.074684758204
 20
121.4877015118102
 30
0.0
 11
2116.990487062821
 21
125.5193261679189
 31
0.0
  0
ARC
  5
E80
330
1F
100
AcDbEntity
  8
0
100
AcDbCircle
 10
1923.434695164527
 20
33.47544571127833
 30
0.0
 40
214.3266677455054
100
AcDbArc
 50
25.4330435740497
 51
32.52242890689828
  0
LINE
  5
E81
330
1F
100
AcDbEntity
  8
0
100
AcDbLine
 10
2104.150880093152
 20
148.7038320218355
 30
0.0
 11
2104.150880093152
 21
148.7038320218355
 31
0.0
  0
LINE
  5
E82
330
1F
100
AcDbEntity
  8
0
100
AcDbLine
 10
2142.214090951748
 20
143.8281185716337
 30
0.0
 11
2143.230162092233
 21
159.0
 31
0.0
  0
LINE
  5
E83
330
1F
100
AcDbEntity
  8
0
100
AcDbLine
 10
2143.230162092233
 20
159.0
 30
0.0
 11
2115.282808437342
 21
159.0
 31
0.0
  0
LINE
  5
E84
330
1F
100
AcDbEntity
  8
0
100
AcDbLine
 10
2115.282808437342
 20
159.0
 30
0.0
 11
2113.612296488611
 21
145.2558867828222
 31
0.0
  0
ARC
  5
E85
330
1F
100
AcDbEntity
  8
0
100
AcDbCircle
 10
1935.811879691495
 20
28.20034191020045
 30
0.0
 40
212.8731753853794
100
AcDbArc
 50
26.80714433218363
 51
33.35905257422033
  0
LINE
  5
E86
330
1F
100
AcDbEntity
  8
0
100
AcDbLine
 10
2125.807487775816
 20
124.2037674080622
 30
0.0
 11
2148.288975395797
 21
129.8929803491225
 31
0.0
  0
LINE
  5
E87
330
1F
100
AcDbEntity
  8
0
100
AcDbLine
 10
2148.288975395797
 20
129.8929803491225
 30
0.0
 11
2149.713529553443
 21
133.6456004484546
 31
0.0
  0
ARC
  5
E88
330
1F
100
AcDbEntity
  8
0
100
AcDbCircle
 10
1972.633510277319
 20
11.07885519784213
 30
0.0
 40
215.3600247682026
100
AcDbArc
 50
34.68922252395945
 51
38.0541714872259
  0
LINE
  5
E89
330
1F
100
AcDbEntity
  8
0
100
AcDbLine
 10
2142.214090951748
 20
143.8281185716337
 30
0.0
 11
2142.214090951748
 21
143.8281185716337
 31
0.0
  0
LINE
  5
E8A
330
1F
100
AcDbEntity
  8
0
100
AcDbLine
 10
2193.402870726929
 20
159.0
 30
0.0
 11
2156.771682095739
 21
159.0
 31
0.0
  0
LINE
  5
E8B
330
1F
100
AcDbEntity
  8
0
100
AcDbLine
 10
2156.771682095739
 20
159.0
 30
0.0
 11
2153.667330259918
 21
143.4787051330859
 31
0.0
  0
ARC
  5
E8C
330
1F
100
AcDbEntity
  8
0
100
AcDbCircle
 10
1958.804671099223
 20
0.2534013674683138
 30
0.0
 40
241.8366051157903
100
AcDbArc
 50
28.12469715257825
 51
36.31612491339424
  0
LINE
  5
E8D
330
1F
100
AcDbEntity
  8
0
100
AcDbLine
 10
2172.086118218944
 20
114.2532605272415
 30
0.0
 11
2193.402870726928
 21
119.647723130435
 31
0.0
  0
LINE
  5
E8E
330
1F
100
AcDbEntity
  8
0
100
AcDbLine
 10
2193.402870726929
 20
159.0
 30
0.0
 11
2193.402870726929
 21
159.0
 31
0.0
  0
LINE
  5
E8F
330
1F
100
AcDbEntity
  8
0
100
AcDbLine
 10
2193.402870726927
 20
112.4270596278224
 30
0.0
 11
2187.277709678924
 21
110.8770133813477
 31
0.0
  0
LINE
  5
E90
330
1F
100
AcDbEntity
  8
0
100
AcDbLine
 10
2187.277709678924
 20
110.8770133813477
 30
0.0
 11
2175.379109981331
 21
107.8659285045569
 31
0.0
  0
ARC
  5
E91
330
1F
100
AcDbEntity
  8
0
100
AcDbCircle
 10
1958.804671099223
 20
0.2534013674680864
 30
0.0
 40
241.8366051157899
100
AcDbArc
 50
19.13631246398551
 51
26.42207891277804
  0
ARC
  5
E92
330
1F
100
AcDbEntity
  8
0
100
AcDbCircle
 10
1958.804671099228
 20
0.2534013674664948
 30
0.0
 40
241.8366051157863
100
AcDbArc
 50
15.21100042832071
 51
19.13631246398551
  0
ARC
  5
E93
330
1F
100
AcDbEntity
  8
0
100
AcDbCircle
 10
1990.722046474533
 20
154.2296716111243
 30
0.0
 40
220.8517292551228
100
AcDbArc
 50
333.0291673319346
 51
335.8021863987736
  0
LINE
  5
E94
330
1F
100
AcDbEntity
  8
0
100
AcDbLine
 10
2187.553393909124
 20
54.06527183724438
 30
0.0
 11
2189.334387551513
 21
50.09996673322735
 31
0.0
  0
LINE
  5
E95
330
1F
100
AcDbEntity
  8
0
100
AcDbLine
 10
2189.334387551513
 20
50.09996673322735
 30
0.0
 11
2193.402870726925
 21
49.07038775147544
 31
0.0
  0
LINE
  5
E96
330
1F
100
AcDbEntity
  8
0
100
AcDbLine
 10
2193.402870726927
 20
112.4270596278224
 30
0.0
 11
2193.402870726927
 21
112.4270596278224
 31
0.0
  0
LINE
  5
E97
330
1F
100
AcDbEntity
  8
0
100
AcDbLine
 10
2156.229821252942
 20
123.6503207843898
 30
0.0
 11
2132.257318781445
 21
117.583788462515
 31
0.0
  0
LINE
  5
E98
330
1F
100
AcDbEntity
  8
0
100
AcDbLine
 10
2132.257318781445
 20
117.583788462515
 30
0.0
 11
2130.579048240654
 21
114.1115684990336
 31
0.0
  0
ARC
  5
E99
330
1F
100
AcDbEntity
  8
0
100
AcDbCircle
 10
1935.811879691494
 20
28.20034191019999
 30
0.0
 40
212.8731753853804
100
AcDbArc
 50
13.94975007767635
 51
23.80213509318581
  0
LINE
  5
E9A
330
1F
100
AcDbEntity
  8
0
100
AcDbLine
 10
2142.406898278089
 20
79.51785445571386
 30
0.0
 11
2174.889630873
 21
75.22954722225222
 31
0.0
  0
LINE
  5
E9B
330
1F
100
AcDbEntity
  8
0
100
AcDbLine
 10
2174.889630873
 20
75.22954722225222
 30
0.0
 11
2177.297266235402
 21
78.10636645472391
 31
0.0
  0
ARC
  5
E9C
330
1F
100
AcDbEntity
  8
0
100
AcDbCircle
 10
1972.633510277319
 20
11.07885519784099
 30
0.0
 40
215.3600247682036
100
AcDbArc
 50
18.13365459758978
 51
31.51440480752226
  0
LINE
  5
E9D
330
1F
100
AcDbEntity
  8
0
100
AcDbLine
 10
2156.229821252942
 20
123.6503207843898
 30
0.0
 11
2156.229821252942
 21
123.6503207843898
 31
0.0
  0
LINE
  5
E9E
330
1F
100
AcDbEntity
  8
0
100
AcDbLine
 10
2121.68824791285
 20
114.9091569711736
 30
0.0
 11
2102.011084446641
 21
109.9296122485266
 31
0.0
  0
LINE
  5
E9F
330
1F
100
AcDbEntity
  8
0
100
AcDbLine
 10
2102.011084446641
 20
109.9296122485266
 30
0.0
 11
2097.942601271222
 21
108.9000332667726
 31
0.0
  0
LINE
  5
EA0
330
1F
100
AcDbEntity
  8
0
100
AcDbLine
 10
2097.942601271222
 20
108.9000332667726
 30
0.0
 11
2096.161607628832
 21
104.9347281627554
 31
0.0
  0
ARC
  5
EA1
330
1F
100
AcDbEntity
  8
0
100
AcDbCircle
 10
1899.33026019425
 20
4.77032838887294
 30
0.0
 40
220.8517292551168
100
AcDbArc
 50
24.19781360122905
 51
26.97083266806536
  0
ARC
  5
EA2
330
1F
100
AcDbEntity
  8
0
100
AcDbCircle
 10
1867.412884818929
 20
158.7465986325326
 30
0.0
 40
241.8366051157926
100
AcDbArc
 50
340.8636875360145
 51
344.7889995716792
  0
ARC
  5
EA3
330
1F
100
AcDbEntity
  8
0
100
AcDbCircle
 10
1867.412884818933
 20
158.7465986325326
 30
0.0
 40
241.8366051157886
100
AcDbArc
 50
333.577921087222
 51
340.8636875360145
  0
LINE
  5
EA4
330
1F
100
AcDbEntity
  8
0
100
AcDbLine
 10
2083.987323701039
 20
51.13407149544241
 30
0.0
 11
2095.885923398633
 21
48.12298661865134
 31
0.0
  0
LINE
  5
EA5
330
1F
100
AcDbEntity
  8
0
100
AcDbLine
 10
2095.885923398633
 20
48.12298661865134
 30
0.0
 11
2102.011084446637
 21
46.57294037217707
 31
0.0
  0
LINE
  5
EA6
330
1F
100
AcDbEntity
  8
0
100
AcDbLine
 10
2102.011084446637
 20
46.57294037217707
 30
0.0
 11
2118.412430616685
 21
42.42238092259959
 31
0.0
  0
ARC
  5
EA7
330
1F
100
AcDbEntity
  8
0
100
AcDbCircle
 10
1872.315101427745
 20
165.4645766849394
 30
0.0
 40
275.1422856849656
100
AcDbArc
 50
333.4361536817621
 51
341.4247370161894
  0
ARC
  5
EA8
330
1F
100
AcDbEntity
  8
0
100
AcDbCircle
 10
1923.434695164525
 20
33.4754457112781
 30
0.0
 40
214.326667745507
100
AcDbArc
 50
11.94029345672383
 51
22.33067050115316
  0
LINE
  5
EA9
330
1F
100
AcDbEntity
  8
0
100
AcDbLine
 10
2121.68824791285
 20
114.9091569711736
 30
0.0
 11
2121.68824791285
 21
114.9091569711736
 31
0.0
  0
LINE
  5
EAA
330
1F
100
AcDbEntity
  8
0
100
AcDbLine
 10
2071.332708584781
 20
127.79132404343
 30
0.0
 11
2038.900723243846
 21
119.5840170437557
 31
0.0
  0
LINE
  5
EAB
330
1F
100
AcDbEntity
  8
0
100
AcDbLine
 10
2038.900723243846
 20
119.5840170437557
 30
0.0
 11
2037.084718227855
 21
115.6007934651034
 31
0.0
  0
ARC
  5
EAC
330
1F
100
AcDbEntity
  8
0
100
AcDbCircle
 10
1845.881490413953
 20
21.05695903906303
 30
0.0
 40
213.3007523531814
100
AcDbArc
 50
17.31101105380633
 51
26.31091189374687
  0
LINE
  5
EAD
330
1F
100
AcDbEntity
  8
0
100
AcDbLine
 10
2049.520493526898
 20
84.52637975171455
 30
0.0
 11
2085.107831012317
 21
89.22455088963966
 31
0.0
  0
LINE
  5
EAE
330
1F
100
AcDbEntity
  8
0
100
AcDbLine
 10
2085.107831012317
 20
89.22455088963966
 30
0.0
 11
2087.594074377004
 21
93.04157284977623
 31
0.0
  0
ARC
  5
EAF
330
1F
100
AcDbEntity
  8
0
100
AcDbCircle
 10
1956.230384609332
 20
52.74878368415738
 30
0.0
 40
137.4042497454943
100
AcDbArc
 50
17.05219009185052
 51
33.10289212201543
  0
LINE
  5
EB0
330
1F
100
AcDbEntity
  8
0
100
AcDbLine
 10
2071.332708584781
 20
127.79132404343
 30
0.0
 11
2071.332708584781
 21
127.79132404343
 31
0.0
  0
ARC
  5
EB1
330
1F
100
AcDbEntity
  8
0
100
AcDbCircle
 10
1780.923315147452
 20
-6.464576684940539
 30
0.0
 40
275.142285684967
100
AcDbArc
 50
19.0628885360001
 51
26.56384631823787
  0
LINE
  5
EB2
330
1F
100
AcDbEntity
  8
0
100
AcDbLine
 10
2027.020644336393
 20
116.5776190774004
 30
0.0
 11
2010.619298166346
 21
112.4270596278213
 31
0.0
  0
LINE
  5
EB3
330
1F
100
AcDbEntity
  8
0
100
AcDbLine
 10
2010.619298166346
 20
49.07038775147407
 30
0.0
 11
2030.296461632558
 21
44.09084302882638
 31
0.0
  0
ARC
  5
EB4
330
1F
100
AcDbEntity
  8
0
100
AcDbCircle
 10
1832.042908884233
 20
125.5245542887216
 30
0.0
 40
214.3266677455064
100
AcDbArc
 50
337.6693294988468
 51
347.2352948056126
  0
LINE
  5
EB5
330
1F
100
AcDbEntity
  8
0
100
AcDbLine
 10
2041.072631382781
 20
78.16955857472294
 30
0.0
 11
2036.161256812246
 21
77.52116844819738
 31
0.0
  0
LINE
  5
EB6
330
1F
100
AcDbEntity
  8
0
100
AcDbLine
 10
2036.161256812246
 20
77.52116844819738
 30
0.0
 11
2036.173087703257
 21
82.76428117290107
 31
0.0
  0
LINE
  5
EB7
330
1F
100
AcDbEntity
  8
0
100
AcDbLine
 10
2036.173087703257
 20
82.76428117290107
 30
0.0
 11
2040.976979092884
 21
83.3984815787544
 31
0.0
  0
LINE
  5
EB8
330
1F
100
AcDbEntity
  8
0
100
AcDbLine
 10
2040.976979092884
 20
83.3984815787544
 30
0.0
 11
2040.976979092884
 21
83.3984815787544
 31
0.0
  0
LINE
  5
EB9
330
1F
100
AcDbEntity
  8
0
100
AcDbLine
 10
2085.90547995511
 20
80.89363354527609
 30
0.0
 11
2083.497844592708
 21
83.77045277774778
 31
0.0
  0
LINE
  5
EBA
330
1F
100
AcDbEntity
  8
0
100
AcDbLine
 10
2083.497844592708
 20
83.77045277774778
 30
0.0
 11
2051.015111997798
 21
79.48214554428614
 31
0.0
  0
ARC
  5
EBB
330
1F
100
AcDbEntity
  8
0
100
AcDbCircle
 10
1844.420093411201
 20
130.7996580897986
 30
0.0
 40
212.8731753853809
100
AcDbArc
 50
336.1978649068142
 51
346.0502499223236
  0
LINE
  5
EBC
330
1F
100
AcDbEntity
  8
0
100
AcDbLine
 10
2039.187261960362
 20
44.88843150096568
 30
0.0
 11
2040.865532501153
 21
41.41621153748497
 31
0.0
  0
LINE
  5
EBD
330
1F
100
AcDbEntity
  8
0
100
AcDbLine
 10
2040.865532501153
 20
41.41621153748497
 30
0.0
 11
2064.83803497265
 21
35.34967921561019
 31
0.0
  0
ARC
  5
EBE
330
1F
100
AcDbEntity
  8
0
100
AcDbCircle
 10
1881.241723997027
 20
147.921144802159
 30
0.0
 40
215.3600247682035
100
AcDbArc
 50
328.4855951924777
 51
341.8663454024102
  0
LINE
  5
EBF
330
1F
100
AcDbEntity
  8
0
100
AcDbLine
 10
2085.90547995511
 20
80.89363354527609
 30
0.0
 11
2085.90547995511
 21
80.89363354527609
 31
0.0
  0
LINE
  5
EC0
330
1F
100
AcDbEntity
  8
0
100
AcDbLine
 10
2178.985860657296
 20
65.95842715022377
 30
0.0
 11
2176.499617292609
 21
69.77544911036034
 31
0.0
  0
LINE
  5
EC1
330
1F
100
AcDbEntity
  8
0
100
AcDbLine
 10
2176.499617292609
 20
69.77544911036034
 30
0.0
 11
2140.91227980719
 21
74.47362024828544
 31
0.0
  0
ARC
  5
EC2
330
1F
100
AcDbEntity
  8
0
100
AcDbCircle
 10
1937.273276694246
 20
137.9430409609381
 30
0.0
 40
213.3007523531809
100
AcDbArc
 50
333.6890881062531
 51
342.6889889461937
  0
LINE
  5
EC3
330
1F
100
AcDbEntity
  8
0
100
AcDbLine
 10
2128.476504508146
 20
43.39920653489684
 30
0.0
 11
2130.292509524138
 21
39.41598295624431
 31
0.0
  0
LINE
  5
EC4
330
1F
100
AcDbEntity
  8
0
100
AcDbLine
 10
2130.292509524138
 20
39.41598295624431
 30
0.0
 11
2162.724494865073
 21
31.20867595657001
 31
0.0
  0
ARC
  5
EC5
330
1F
100
AcDbEntity
  8
0
100
AcDbCircle
 10
2047.622170889624
 20
106.2512163158428
 30
0.0
 40
137.4042497454948
100
AcDbArc
 50
326.8971078779845
 51
342.9478099081495
  0
LINE
  5
EC6
330
1F
100
AcDbEntity
  8
0
100
AcDbLine
 10
2178.985860657296
 20
65.95842715022377
 30
0.0
 11
2178.985860657296
 21
65.95842715022377
 31
0.0
  0
LINE
  5
EC7
330
1F
100
AcDbEntity
  8
0
100
AcDbLine
 10
2193.402870726924
 20
40.81820089134566
 30
0.0
 11
2181.936752209673
 21
43.71984116332169
 31
0.0
  0
ARC
  5
EC8
330
1F
100
AcDbEntity
  8
0
100
AcDbCircle
 10
1990.722046474536
 20
154.2296716111223
 30
0.0
 40
220.8517292551199
100
AcDbArc
 50
322.8338905904603
 51
329.9748435824726
  0
LINE
  5
EC9
330
1F
100
AcDbEntity
  8
0
100
AcDbLine
 10
2166.716006892413
 20
20.80698908896852
 30
0.0
 11
2170.436758240839
 21
0.0000000000009095
 31
0.0
  0
LINE
  5
ECA
330
1F
100
AcDbEntity
  8
0
100
AcDbLine
 10
2170.436758240839
 20
0.0000000000009095
 30
0.0
 11
2193.402870726923
 21
0.0
 31
0.0
  0
LINE
  5
ECB
330
1F
100
AcDbEntity
  8
0
100
AcDbLine
 10
2193.402870726924
 20
40.81820089134566
 30
0.0
 11
2193.402870726924
 21
40.81820089134566
 31
0.0
  0
LINE
  5
ECC
330
1F
100
AcDbEntity
  8
0
100
AcDbLine
 10
2154.769751961828
 20
26.00105656532083
 30
0.0
 11
2123.48783408519
 21
33.91732505314849
 31
0.0
  0
ARC
  5
ECD
330
1F
100
AcDbEntity
  8
0
100
AcDbCircle
 10
1937.273276694246
 20
137.9430409609349
 30
0.0
 40
213.3007523531795
100
AcDbArc
 50
325.4213997444127
 51
330.8108054344373
  0
LINE
  5
ECE
330
1F
100
AcDbEntity
  8
0
100
AcDbLine
 10
2112.894109539459
 20
16.88712815537997
 30
0.0
 11
2114.946635513131
 21
0.0000000000029559
 31
0.0
  0
LINE
  5
ECF
330
1F
100
AcDbEntity
  8
0
100
AcDbLine
 10
2114.946635513131
 20
0.0000000000029559
 30
0.0
 11
2157.101701315198
 21
0.0000000000013642
 31
0.0
  0
LINE
  5
ED0
330
1F
100
AcDbEntity
  8
0
100
AcDbLine
 10
2157.101701315198
 20
0.0000000000013642
 30
0.0
 11
2154.769751961828
 21
26.00105656532083
 31
0.0
  0
LINE
  5
ED1
330
1F
100
AcDbEntity
  8
0
100
AcDbLine
 10
2154.769751961828
 20
26.00105656532083
 30
0.0
 11
2154.769751961828
 21
26.00105656532083
 31
0.0
  0
LINE
  5
ED2
330
1F
100
AcDbEntity
  8
0
100
AcDbLine
 10
2113.448562715317
 20
32.95823261258124
 30
0.0
 11
2111.721551269666
 21
36.89492553911373
 31
0.0
  0
LINE
  5
ED3
330
1F
100
AcDbEntity
  8
0
100
AcDbLine
 10
2111.721551269666
 20
36.89492553911373
 30
0.0
 11
2102.011084446641
 21
39.35227686956478
 31
0.0
  0
LINE
  5
ED4
330
1F
100
AcDbEntity
  8
0
100
AcDbLine
 10
2102.011084446641
 20
39.35227686956478
 30
0.0
 11
2080.694331938652
 21
44.74673947275846
 31
0.0
  0
ARC
  5
ED5
330
1F
100
AcDbEntity
  8
0
100
AcDbCircle
 10
1867.412884818931
 20
158.7465986325314
 30
0.0
 40
241.8366051157895
100
AcDbArc
 50
323.6838750866057
 51
331.8753028474218
  0
LINE
  5
ED6
330
1F
100
AcDbEntity
  8
0
100
AcDbLine
 10
2062.275543979626
 20
15.52129486691387
 30
0.0
 11
2065.379895815448
 21
0.0
 31
0.0
  0
LINE
  5
ED7
330
1F
100
AcDbEntity
  8
0
100
AcDbLine
 10
2065.379895815448
 20
0.0
 30
0.0
 11
2102.011084446637
 21
0.0
 31
0.0
  0
LINE
  5
ED8
330
1F
100
AcDbEntity
  8
0
100
AcDbLine
 10
2102.011084446637
 20
0.0
 30
0.0
 11
2103.514286275313
 21
0.0
 31
0.0
  0
LINE
  5
ED9
330
1F
100
AcDbEntity
  8
0
100
AcDbLine
 10
2103.514286275313
 20
0.0
 30
0.0
 11
2102.505335963209
 21
14.74718121761066
 31
0.0
  0
ARC
  5
EDA
330
1F
100
AcDbEntity
  8
0
100
AcDbCircle
 10
1872.315101427742
 20
165.4645766849385
 30
0.0
 40
275.1422856849678
100
AcDbArc
 50
326.7851667955529
 51
331.2105653892511
  0
LINE
  5
EDB
330
1F
100
AcDbEntity
  8
0
100
AcDbLine
 10
2113.448562715317
 20
32.95823261258124
 30
0.0
 11
2113.448562715317
 21
32.95823261258124
 31
0.0
  0
LINE
  5
EDC
330
1F
100
AcDbEntity
  8
0
100
AcDbLine
 10
2058.321743273151
 20
25.35439955154493
 30
0.0
 11
2056.897189115506
 21
29.10701965087742
 31
0.0
  0
LINE
  5
EDD
330
1F
100
AcDbEntity
  8
0
100
AcDbLine
 10
2056.897189115506
 20
29.10701965087742
 30
0.0
 11
2034.415701495524
 21
34.79623259193795
 31
0.0
  0
ARC
  5
EDE
330
1F
100
AcDbEntity
  8
0
100
AcDbCircle
 10
1844.420093411201
 20
130.7996580897986
 30
0.0
 40
212.8731753853806
100
AcDbArc
 50
326.6409474257832
 51
333.1928556678164
  0
LINE
  5
EDF
330
1F
100
AcDbEntity
  8
0
100
AcDbLine
 10
2022.220510208319
 20
13.74411321717775
 30
0.0
 11
2023.89102215705
 21
0.0
 31
0.0
  0
LINE
  5
EE0
330
1F
100
AcDbEntity
  8
0
100
AcDbLine
 10
2023.89102215705
 20
0.0
 30
0.0
 11
2051.838375811942
 21
0.0
 31
0.0
  0
LINE
  5
EE1
330
1F
100
AcDbEntity
  8
0
100
AcDbLine
 10
2051.838375811942
 20
0.0
 30
0.0
 11
2050.822304671457
 21
15.17188142836608
 31
0.0
  0
ARC
  5
EE2
330
1F
100
AcDbEntity
  8
0
100
AcDbCircle
 10
1881.241723997025
 20
147.9211448021581
 30
0.0
 40
215.3600247682049
100
AcDbArc
 50
321.9458285127741
 51
325.3107774760405
  0
LINE
  5
EE3
330
1F
100
AcDbEntity
  8
0
100
AcDbLine
 10
2058.321743273151
 20
25.35439955154493
 30
0.0
 11
2058.321743273151
 21
25.35439955154493
 31
0.0
  0
LINE
  5
EE4
330
1F
100
AcDbEntity
  8
0
100
AcDbLine
 10
2025.598700782529
 20
33.48067383208104
 30
0.0
 11
2023.682898477912
 21
37.51229848819026
 31
0.0
  0
LINE
  5
EE5
330
1F
100
AcDbEntity
  8
0
100
AcDbLine
 10
2023.682898477912
 20
37.51229848819026
 30
0.0
 11
2010.619298166346
 21
40.81820089134521
 31
0.0
  0
LINE
  5
EE6
330
1F
100
AcDbEntity
  8
0
100
AcDbLine
 10
2010.619298166346
 20
0.0
 30
0.0
 11
2013.463521441566
 21
0.0
 31
0.0
  0
LINE
  5
EE7
330
1F
100
AcDbEntity
  8
0
100
AcDbLine
 10
2013.463521441566
 20
0.0
 30
0.0
 11
2012.75909381286
 21
10.29616797816447
 31
0.0
  0
ARC
  5
EE8
330
1F
100
AcDbEntity
  8
0
100
AcDbCircle
 10
1832.042908884235
 20
125.5245542887203
 30
0.0
 40
214.3266677455043
100
AcDbArc
 50
327.4775710931018
 51
334.5669564259503
  0
LINE
  5
EE9
330
1F
100
AcDbEntity
  8
0
100
AcDbLine
 10
2025.598700782529
 20
33.48067383208104
 30
0.0
 11
2025.598700782529
 21
33.48067383208104
 31
0.0
  0
LINE
  5
EEC
330
1F
100
AcDbEntity
  8
0
  6
CENTER2
 62
     1
 48
19.0
100
AcDbLine
 10
0.0
 20
79.49999999999818
 30
0.0
 11
2193.402870726933
 21
79.49999999999795
 31
0.0
  0
ENDSEC
  0
SECTION
  2
OBJECTS
  0
DICTIONARY
  5
C
330
0
100
AcDbDictionary
281
     1
  3
ACAD_2007HEADERVARS_RT
350
EFC
  3
ACAD_CIP_PREVIOUS_PRODUCT_INFO
350
1A5
  3
ACAD_COLOR
350
73
  3
ACAD_DETAILVIEWSTYLE
350
1AB
  3
ACAD_FIELDLIST
350
2AE
  3
ACAD_GROUP
350
D
  3
ACAD_LAST_SAVED_VERSION_INFO
350
EF6
  3
ACAD_LAYOUT
350
1A
  3
ACAD_MATERIAL
350
72
  3
ACAD_MLEADERSTYLE
350
D7
  3
ACAD_MLINESTYLE
350
17
  3
ACAD_PLOTSETTINGS
350
19
  3
ACAD_PLOTSTYLENAME
350
E
  3
ACAD_SCALELIST
350
B6
  3
ACAD_SECTIONVIEWSTYLE
350
1A8
  3
ACAD_TABLESTYLE
350
86
  3
ACAD_VISUALSTYLE
350
99
  3
ACDB_RECOMPOSE_DATA
350
EFB
  3
AcDbVariableDictionary
350
66
  3
AcDsDecomposeData
350
F06
  3
AcmDictionary
350
270
  3
AMG
350
244
  3
AMGSNAPSETTINGS
350
8FA
  0
DICTIONARY
  5
18E
330
2
100
AcDbDictionary
280
     1
281
     1
  3
ACAD_LAYERSTATES
360
18F
  0
DICTIONARY
  5
E6
330
10
100
AcDbDictionary
280
     1
281
     1
  0
DICTIONARY
  5
15D
330
1F
100
AcDbDictionary
280
     1
281
     1
  0
DICTIONARY
  5
EFC
102
{ACAD_REACTORS
330
C
102
}
330
C
100
AcDbDictionary
281
     1
  3
DIMARCSYM
350
EFD
  3
DIMLTEX1
350
EFF
  3
DIMLTEX2
350
F00
  3
DIMLTYPE
350
EFE
  0
XRECORD
  5
1A5
102
{ACAD_REACTORS
330
C
102
}
330
C
100
AcDbXrecord
280
     1
300
AMECH_PP
300
2024
300

  0
DICTIONARY
  5
73
102
{ACAD_REACTORS
330
C
102
}
330
C
100
AcDbDictionary
281
     1
  0
DICTIONARY
  5
1AB
102
{ACAD_REACTORS
330
C
102
}
330
C
100
AcDbDictionary
281
     1
  3
ASME Y14.35 - 1987(1)
350
2D9
  3
Imperial24
350
1AC
  3
ISO 128-34_2001(1)
350
2DB
  3
Metric50
350
2E1
  0
FIELDLIST
  5
2AE
102
{ACAD_REACTORS
330
C
102
}
330
C
100
AcDbIdSet
 90
       14
330
2AC
330
2AD
330
2AF
330
2B0
330
2CE
330
2CF
330
2D0
330
2D1
330
2D5
330
2D6
330
2D7
330
2DE
330
2DF
330
2E0
100
AcDbFieldList
  0
DICTIONARY
  5
D
102
{ACAD_REACTORS
330
C
102
}
330
C
100
AcDbDictionary
281
     1
  0
XRECORD
  5
EF6
102
{ACAD_REACTORS
330
C
102
}
330
C
100
AcDbXrecord
280
     1
300
{53CCA28A-216C-5E4B-9B47-CDB3AF6993A7}
301
{BD956FCF-903A-8D42-AABF-059E82446DBF}
302
{53CCA28A-216C-5E4B-9B47-CDB3AF6993A7}
303
C:\Users\jobimon.nj\OneDrive - Apollo Tyres Limited\Documents - 2W Activity\Stiffness study - Shreeharsha\130_80R17_Tramplr XR Tread Plan outline.dxf
  0
DICTIONARY
  5
1A
102
{ACAD_REACTORS
330
C
102
}
330
C
100
AcDbDictionary
281
     1
  3
Layout1
350
59
  3
Layout2
350
5E
  3
Model
350
22
  0
DICTIONARY
  5
72
102
{ACAD_REACTORS
330
C
102
}
330
C
100
AcDbDictionary
281
     1
  3
ByBlock
350
97
  3
ByLayer
350
96
  3
Global
350
98
  0
DICTIONARY
  5
D7
102
{ACAD_REACTORS
330
C
102
}
330
C
100
AcDbDictionary
281
     1
  3
Annotative
350
E5
  3
Standard
350
D8
  0
DICTIONARY
  5
17
102
{ACAD_REACTORS
330
C
102
}
330
C
100
AcDbDictionary
281
     1
  3
Standard
350
18
  0
DICTIONARY
  5
19
102
{ACAD_REACTORS
330
C
102
}
330
C
100
AcDbDictionary
281
     1
  0
ACDBDICTIONARYWDFLT
  5
E
102
{ACAD_REACTORS
330
C
102
}
330
C
100
AcDbDictionary
281
     1
  3
Normal
350
F
100
AcDbDictionaryWithDefault
340
F
  0
DICTIONARY
  5
B6
102
{ACAD_REACTORS
330
C
102
}
330
C
100
AcDbDictionary
281
     1
  3
A0
350
B7
  3
A1
350
124
  3
A2
350
125
  3
A3
350
126
  3
A4
350
127
  3
A5
350
128
  3
A6
350
129
  3
A7
350
12A
  3
A8
350
12B
  3
A9
350
12C
  3
B0
350
12D
  3
B1
350
12E
  3
B2
350
12F
  3
B3
350
130
  3
B4
350
131
  3
B5
350
132
  3
B6
350
133
  3
B7
350
134
  3
B8
350
135
  3
B9
350
136
  3
C0
350
137
  3
C1
350
138
  3
C2
350
139
  3
C3
350
13A
  3
C4
350
13B
  3
C5
350
13C
  3
C6
350
13D
  3
C7
350
13E
  3
C8
350
13F
  3
C9
350
140
  3
D0
350
141
  3
D1
350
142
  3
D2
350
143
  0
DICTIONARY
  5
1A8
102
{ACAD_REACTORS
330
C
102
}
330
C
100
AcDbDictionary
281
     1
  3
ASME Y14.3 - 2003(1)
350
2CB
  3
Imperial24
350
1AA
  3
Metric50
350
2D8
  0
DICTIONARY
  5
86
102
{ACAD_REACTORS
330
C
102
}
330
C
100
AcDbDictionary
281
     1
  3
Standard
350
87
  0
DICTIONARY
  5
99
102
{ACAD_REACTORS
330
C
102
}
330
C
100
AcDbDictionary
281
     1
  3
2dWireframe
350
9F
  3
Basic
350
9E
  3
Brighten
350
A5
  3
ColorChange
350
A9
  3
Conceptual
350
A2
  3
Dim
350
A4
  3
EdgeColorOff
350
175
  3
Facepattern
350
A8
  3
Flat
350
9A
  3
FlatWithEdges
350
9B
  3
Gouraud
350
9C
  3
GouraudWithEdges
350
9D
  3
Hidden
350
A1
  3
JitterOff
350
173
  3
Linepattern
350
A7
  3
OverhangOff
350
174
  3
Realistic
350
A3
  3
Shaded
350
182
  3
Shaded with edges
350
181
  3
Shades of Gray
350
17E
  3
Sketchy
350
17F
  3
Thicken
350
A6
  3
Wireframe
350
A0
  3
X-Ray
350
180
  0
XRECORD
  5
EFB
102
{ACAD_REACTORS
330
C
102
}
330
C
100
AcDbXrecord
280
     1
 90
        1
330
87
  0
DICTIONARY
  5
66
102
{ACAD_REACTORS
330
C
102
}
330
C
100
AcDbDictionary
281
     1
  3
CANNOSCALE
350
F0
  3
CMLEADERSTYLE
350
EF
  3
CTABLESTYLE
350
89
  3
CVIEWDETAILSTYLE
350
1B7
  3
CVIEWSECTIONSTYLE
350
1B8
  3
DIMASSOC
350
67
  3
HIDETEXT
350
6B
  3
LAYEREVAL
350
14D
  3
LAYERNOTIFY
350
14E
  3
LIGHTINGUNITS
350
EF8
  3
MSLTSCALE
350
EF7
  3
XCLIPFRAME
350
EF9
  0
DICTIONARY
  5
F06
102
{ACAD_REACTORS
330
C
102
}
330
C
100
AcDbDictionary
281
     1
  3
AcDsRecords
350
F08
  3
AcDsSchemas
350
F07
1001
ACAD
1070
     2
  0
DICTIONARY
  5
270
102
{ACAD_REACTORS
330
C
102
}
330
C
100
AcDbDictionary
281
     1
  3
AcmStdDictionary
350
272
  0
DICTIONARY
  5
244
102
{ACAD_REACTORS
330
C
102
}
330
C
100
AcDbDictionary
281
     1
  0
DICTIONARY
  5
8FA
102
{ACAD_REACTORS
330
C
102
}
330
C
100
AcDbDictionary
281
     1
  0
DICTIONARY
  5
18F
102
{ACAD_REACTORS
330
18E
102
}
330
18E
100
AcDbDictionary
281
     1
  0
XRECORD
  5
EFD
102
{ACAD_REACTORS
330
EFC
102
}
330
EFC
100
AcDbXrecord
280
     1
 70
     1
  0
XRECORD
  5
EFF
102
{ACAD_REACTORS
330
EFC
102
}
330
EFC
100
AcDbXrecord
280
     1
340
14
  0
XRECORD
  5
F00
102
{ACAD_REACTORS
330
EFC
102
}
330
EFC
100
AcDbXrecord
280
     1
340
14
  0
XRECORD
  5
EFE
102
{ACAD_REACTORS
330
EFC
102
}
330
EFC
100
AcDbXrecord
280
     1
340
14
  0
ACDBDETAILVIEWSTYLE
  5
2D9
102
{ACAD_XDICTIONARY
360
F48
102
}
102
{ACAD_REACTORS
330
8DC
330
1AB
330
8F6
102
}
330
1AB
100
AcDbModelDocViewStyle
 70
     0
  3

290
     0
100
AcDbDetailViewStyle
 70
     0
 71
     0
 90
        3
 71
     1
340
11
 62
    30
 40
0.24
340
2A4
 62
     3
 40
0.24
300

 40
0.36
280
     2
 71
     2
340
16
 90
       25
 62
   256
 71
     3
340
11
 62
    30
 40
0.24
 90
        1
 40
0.0
 90
        1
300
%<\AcVar ViewType \f "%tc1">% %<\AcVar ViewDetailId>%\PSCALE %<\AcVar ViewScale \f "%sn">%
 71
     4
340
16
 90
       25
 62
   256
340
16
 90
       25
 62
   256
280
     0
  0
ACDBDETAILVIEWSTYLE
  5
1AC
102
{ACAD_XDICTIONARY
360
F3F
102
}
102
{ACAD_REACTORS
330
1AB
330
29E
102
}
330
1AB
100
AcDbModelDocViewStyle
 70
     0
  3
Imperial24
290
     0
100
AcDbDetailViewStyle
 70
     0
 71
     0
 90
        3
 71
     1
340
11
 62
   256
 40
0.24
340
0
 62
   256
 40
0.24
300

 40
0.36
280
     3
 71
     2
340
16
 90
       25
 62
   256
 71
     3
340
11
 62
   256
 40
0.24
 90
        1
 40
0.75
 90
        1
300
%<\AcVar ViewType \f "%tc1">% %<\AcVar ViewDetailId>%\PSCALE %<\AcVar ViewScale \f "%sn">%
 71
     4
340
16
 90
       25
 62
   256
340
16
 90
       25
 62
   256
280
     0
  0
ACDBDETAILVIEWSTYLE
  5
2DB
102
{ACAD_XDICTIONARY
360
2DC
102
}
102
{ACAD_REACTORS
330
8DE
330
1AB
330
8F7
102
}
330
1AB
100
AcDbModelDocViewStyle
 70
     0
  3

290
     0
100
AcDbDetailViewStyle
 70
     0
 71
     0
 90
        3
 71
     1
340
11
 62
     7
 40
5.0
340
0
 62
     3
 40
5.0
300

 40
0.36
280
     0
 71
     2
340
16
 90
       25
 62
   256
 71
     3
340
11
 62
     7
 40
5.0
 90
        0
 40
0.0
 90
        1
300
%<\AcVar ViewDetailId>% (%<\AcVar ViewScale \f "%sn">%)
 71
     4
340
16
 90
       25
 62
   256
340
16
 90
       25
 62
   256
280
     0
  0
ACDBDETAILVIEWSTYLE
  5
2E1
102
{ACAD_XDICTIONARY
360
F4B
102
}
102
{ACAD_REACTORS
330
8DB
330
1AB
330
8F5
102
}
330
1AB
100
AcDbModelDocViewStyle
 70
     0
  3
Metric50
290
     0
100
AcDbDetailViewStyle
 70
     0
 71
     0
 90
        3
 71
     1
340
11
 62
   256
 40
5.0
340
0
 62
   256
 40
5.0
300

 40
0.0
280
     1
 71
     2
340
16
 90
       25
 62
   256
 71
     3
340
11
 62
   256
 40
5.0
 90
        0
 40
15.0
 90
        1
300
%<\AcVar ViewDetailId>% (%<\AcVar ViewScale \f "%sn">%)
 71
     4
340
16
 90
       25
 62
   256
340
16
 90
       25
 62
   256
280
     0
  0
LAYOUT
  5
59
102
{ACAD_REACTORS
330
1A
102
}
330
1A
100
AcDbPlotSettings
  1

  2
None
  4

  6

 40
0.0
 41
0.0
 42
0.0
 43
0.0
 44
0.0
 45
0.0
 46
0.0
 47
0.0
 48
0.0
 49
0.0
140
0.0
141
0.0
142
1.0
143
1.0
 70
   688
 72
     0
 73
     0
 74
     5
  7

 75
    16
147
1.0
 76
     0
 77
     2
 78
   300
148
0.0
149
0.0
100
AcDbLayout
  1
Layout1
 70
     1
 71
     1
 10
0.0
 20
0.0
 11
12.0
 21
9.0
 12
0.0
 22
0.0
 32
0.0
 14
0.0
 24
0.0
 34
0.0
 15
0.0
 25
0.0
 35
0.0
146
0.0
 13
0.0
 23
0.0
 33
0.0
 16
1.0
 26
0.0
 36
0.0
 17
0.0
 27
1.0
 37
0.0
 76
     0
330
58
  0
LAYOUT
  5
5E
102
{ACAD_REACTORS
330
1A
102
}
330
1A
100
AcDbPlotSettings
  1

  2
None
  4

  6

 40
0.0
 41
0.0
 42
0.0
 43
0.0
 44
0.0
 45
0.0
 46
0.0
 47
0.0
 48
0.0
 49
0.0
140
0.0
141
0.0
142
1.0
143
1.0
 70
   688
 72
     0
 73
     0
 74
     5
  7

 75
    16
147
1.0
 76
     0
 77
     2
 78
   300
148
0.0
149
0.0
100
AcDbLayout
  1
Layout2
 70
     1
 71
     2
 10
0.0
 20
0.0
 11
12.0
 21
9.0
 12
0.0
 22
0.0
 32
0.0
 14
0.0
 24
0.0
 34
0.0
 15
0.0
 25
0.0
 35
0.0
146
0.0
 13
0.0
 23
0.0
 33
0.0
 16
1.0
 26
0.0
 36
0.0
 17
0.0
 27
1.0
 37
0.0
 76
     0
330
5D
  0
LAYOUT
  5
22
102
{ACAD_XDICTIONARY
360
194
102
}
102
{ACAD_REACTORS
330
1A
102
}
330
1A
100
AcDbPlotSettings
  1

  2
none_device
  4
ANSI_A_(8.50_x_11.00_Inches)
  6

 40
6.349999904632568
 41
19.04999923706055
 42
6.350006103515625
 43
19.04998779296875
 44
215.8999938964844
 45
279.3999938964844
 46
0.0
 47
0.0
 48
0.0
 49
0.0
140
0.0
141
0.0
142
1.0
143
2.584895464708373
 70
 11952
 72
     0
 73
     1
 74
     0
  7

 75
     0
147
0.3868628397755418
 76
     0
 77
     2
 78
   300
148
0.0
149
0.0
100
AcDbLayout
  1
Model
 70
     1
 71
     0
 10
0.0
 20
0.0
 11
12.0
 21
9.0
 12
0.0
 22
0.0
 32
0.0
 14
0.0
 24
0.0
 34
0.0
 15
0.0
 25
0.0
 35
0.0
146
0.0
 13
0.0
 23
0.0
 33
0.0
 16
1.0
 26
0.0
 36
0.0
 17
0.0
 27
1.0
 37
0.0
 76
     0
330
1F
331
94
  0
MATERIAL
  5
97
102
{ACAD_XDICTIONARY
360
188
102
}
102
{ACAD_REACTORS
330
72
102
}
330
72
100
AcDbMaterial
  1
ByBlock
  0
MATERIAL
  5
96
102
{ACAD_XDICTIONARY
360
186
102
}
102
{ACAD_REACTORS
330
72
102
}
330
72
100
AcDbMaterial
  1
ByLayer
  0
MATERIAL
  5
98
102
{ACAD_XDICTIONARY
360
110
102
}
102
{ACAD_REACTORS
330
72
102
}
330
72
100
AcDbMaterial
  1
Global
 43
0.0208000000566244
 43
0.0
 43
0.0
 43
0.0
 43
0.0
 43
0.0208000000566244
 43
0.0
 43
0.0
 43
0.0
 43
0.0
 43
1.0
 43
0.0
 43
0.0
 43
0.0
 43
0.0
 43
1.0
 49
0.0208000000566244
 49
0.0
 49
0.0
 49
0.0
 49
0.0
 49
0.0208000000566244
 49
0.0
 49
0.0
 49
0.0
 49
0.0
 49
1.0
 49
0.0
 49
0.0
 49
0.0
 49
0.0
 49
1.0
142
0.0208000000566244
142
0.0
142
0.0
142
0.0
142
0.0
142
0.0208000000566244
142
0.0
142
0.0
142
0.0
142
0.0
142
1.0
142
0.0
142
0.0
142
0.0
142
0.0
142
1.0
144
0.0208000000566244
144
0.0
144
0.0
144
0.0
144
0.0
144
0.0208000000566244
144
0.0
144
0.0
144
0.0
144
0.0
144
1.0
144
0.0
144
0.0
144
0.0
144
0.0
144
1.0
1001
ACAD
1070
    -1
1070
     3
1070
     0
1000

1071
        0
1070
     0
  0
MLEADERSTYLE
  5
E5
102
{ACAD_REACTORS
330
D7
102
}
330
D7
100
AcDbMLeaderStyle
170
     2
171
     1
172
     0
 90
        2
 40
0.0
 41
0.0
173
     1
 91
-1056964608
340
14
 92
       -2
290
     1
 42
0.09
291
     1
 43
0.36
  3
Standard
 44
0.18
300

342
11
174
     1
178
     1
175
     1
176
     0
 93
-1056964608
 45
0.18
292
     0
297
     0
 46
0.18
 94
-1056964608
 47
1.0
 49
1.0
140
1.0
293
     1
141
0.0
294
     1
177
     0
142
1.0
295
     0
296
     1
143
0.125
1001
ACAD_MLEADERVER
1070
     2
  0
MLEADERSTYLE
  5
D8
102
{ACAD_REACTORS
330
D7
102
}
330
D7
100
AcDbMLeaderStyle
170
     2
171
     1
172
     0
 90
        2
 40
0.0
 41
0.0
173
     1
 91
-1056964608
340
14
 92
       -2
290
     1
 42
0.09
291
     1
 43
0.36
  3
Standard
 44
0.18
300

342
11
174
     1
178
     1
175
     1
176
     0
 93
-1056964608
 45
0.18
292
     0
297
     0
 46
0.18
 94
-1056964608
 47
1.0
 49
1.0
140
1.0
293
     1
141
0.0
294
     1
177
     0
142
1.0
295
     0
296
     0
143
0.125
1001
ACAD_MLEADERVER
1070
     2
  0
MLINESTYLE
  5
18
102
{ACAD_REACTORS
330
17
102
}
330
17
100
AcDbMlineStyle
  2
STANDARD
 70
     0
  3

 62
   256
 51
90.0
 52
90.0
 71
     2
 49
0.5
 62
   256
  6
BYLAYER
 49
-0.5
 62
   256
  6
BYLAYER
  0
ACDBPLACEHOLDER
  5
F
102
{ACAD_REACTORS
330
E
102
}
330
E
  0
SCALE
  5
B7
102
{ACAD_REACTORS
330
B6
102
}
330
B6
100
AcDbScale
 70
     0
300
1:1
140
1.0
141
1.0
290
     1
  0
SCALE
  5
124
102
{ACAD_REACTORS
330
B6
102
}
330
B6
100
AcDbScale
 70
     0
300
1:2
140
1.0
141
2.0
290
     0
  0
SCALE
  5
125
102
{ACAD_REACTORS
330
B6
102
}
330
B6
100
AcDbScale
 70
     0
300
1:4
140
1.0
141
4.0
290
     0
  0
SCALE
  5
126
102
{ACAD_REACTORS
330
B6
102
}
330
B6
100
AcDbScale
 70
     0
300
1:5
140
1.0
141
5.0
290
     0
  0
SCALE
  5
127
102
{ACAD_REACTORS
330
B6
102
}
330
B6
100
AcDbScale
 70
     0
300
1:8
140
1.0
141
8.0
290
     0
  0
SCALE
  5
128
102
{ACAD_REACTORS
330
B6
102
}
330
B6
100
AcDbScale
 70
     0
300
1:10
140
1.0
141
10.0
290
     0
  0
SCALE
  5
129
102
{ACAD_REACTORS
330
B6
102
}
330
B6
100
AcDbScale
 70
     0
300
1:16
140
1.0
141
16.0
290
     0
  0
SCALE
  5
12A
102
{ACAD_REACTORS
330
B6
102
}
330
B6
100
AcDbScale
 70
     0
300
1:20
140
1.0
141
20.0
290
     0
  0
SCALE
  5
12B
102
{ACAD_REACTORS
330
B6
102
}
330
B6
100
AcDbScale
 70
     0
300
1:30
140
1.0
141
30.0
290
     0
  0
SCALE
  5
12C
102
{ACAD_REACTORS
330
B6
102
}
330
B6
100
AcDbScale
 70
     0
300
1:40
140
1.0
141
40.0
290
     0
  0
SCALE
  5
12D
102
{ACAD_REACTORS
330
B6
102
}
330
B6
100
AcDbScale
 70
     0
300
1:50
140
1.0
141
50.0
290
     0
  0
SCALE
  5
12E
102
{ACAD_REACTORS
330
B6
102
}
330
B6
100
AcDbScale
 70
     0
300
1:100
140
1.0
141
100.0
290
     0
  0
SCALE
  5
12F
102
{ACAD_REACTORS
330
B6
102
}
330
B6
100
AcDbScale
 70
     0
300
2:1
140
2.0
141
1.0
290
     0
  0
SCALE
  5
130
102
{ACAD_REACTORS
330
B6
102
}
330
B6
100
AcDbScale
 70
     0
300
4:1
140
4.0
141
1.0
290
     0
  0
SCALE
  5
131
102
{ACAD_REACTORS
330
B6
102
}
330
B6
100
AcDbScale
 70
     0
300
8:1
140
8.0
141
1.0
290
     0
  0
SCALE
  5
132
102
{ACAD_REACTORS
330
B6
102
}
330
B6
100
AcDbScale
 70
     0
300
10:1
140
10.0
141
1.0
290
     0
  0
SCALE
  5
133
102
{ACAD_REACTORS
330
B6
102
}
330
B6
100
AcDbScale
 70
     0
300
100:1
140
100.0
141
1.0
290
     0
  0
SCALE
  5
134
102
{ACAD_REACTORS
330
B6
102
}
330
B6
100
AcDbScale
 70
     0
300
1/128" = 1'-0"
140
0.0078125
141
12.0
290
     0
  0
SCALE
  5
135
102
{ACAD_REACTORS
330
B6
102
}
330
B6
100
AcDbScale
 70
     0
300
1/64" = 1'-0"
140
0.015625
141
12.0
290
     0
  0
SCALE
  5
136
102
{ACAD_REACTORS
330
B6
102
}
330
B6
100
AcDbScale
 70
     0
300
1/32" = 1'-0"
140
0.03125
141
12.0
290
     0
  0
SCALE
  5
137
102
{ACAD_REACTORS
330
B6
102
}
330
B6
100
AcDbScale
 70
     0
300
1/16" = 1'-0"
140
0.0625
141
12.0
290
     0
  0
SCALE
  5
138
102
{ACAD_REACTORS
330
B6
102
}
330
B6
100
AcDbScale
 70
     0
300
3/32" = 1'-0"
140
0.09375
141
12.0
290
     0
  0
SCALE
  5
139
102
{ACAD_REACTORS
330
B6
102
}
330
B6
100
AcDbScale
 70
     0
300
1/8" = 1'-0"
140
0.125
141
12.0
290
     0
  0
SCALE
  5
13A
102
{ACAD_REACTORS
330
B6
102
}
330
B6
100
AcDbScale
 70
     0
300
3/16" = 1'-0"
140
0.1875
141
12.0
290
     0
  0
SCALE
  5
13B
102
{ACAD_REACTORS
330
B6
102
}
330
B6
100
AcDbScale
 70
     0
300
1/4" = 1'-0"
140
0.25
141
12.0
290
     0
  0
SCALE
  5
13C
102
{ACAD_REACTORS
330
B6
102
}
330
B6
100
AcDbScale
 70
     0
300
3/8" = 1'-0"
140
0.375
141
12.0
290
     0
  0
SCALE
  5
13D
102
{ACAD_REACTORS
330
B6
102
}
330
B6
100
AcDbScale
 70
     0
300
1/2" = 1'-0"
140
0.5
141
12.0
290
     0
  0
SCALE
  5
13E
102
{ACAD_REACTORS
330
B6
102
}
330
B6
100
AcDbScale
 70
     0
300
3/4" = 1'-0"
140
0.75
141
12.0
290
     0
  0
SCALE
  5
13F
102
{ACAD_REACTORS
330
B6
102
}
330
B6
100
AcDbScale
 70
     0
300
1" = 1'-0"
140
1.0
141
12.0
290
     0
  0
SCALE
  5
140
102
{ACAD_REACTORS
330
B6
102
}
330
B6
100
AcDbScale
 70
     0
300
1-1/2" = 1'-0"
140
1.5
141
12.0
290
     0
  0
SCALE
  5
141
102
{ACAD_REACTORS
330
B6
102
}
330
B6
100
AcDbScale
 70
     0
300
3" = 1'-0"
140
3.0
141
12.0
290
     0
  0
SCALE
  5
142
102
{ACAD_REACTORS
330
B6
102
}
330
B6
100
AcDbScale
 70
     0
300
6" = 1'-0"
140
6.0
141
12.0
290
     0
  0
SCALE
  5
143
102
{ACAD_REACTORS
330
B6
102
}
330
B6
100
AcDbScale
 70
     0
300
1'-0" = 1'-0"
140
12.0
141
12.0
290
     0
  0
ACDBSECTIONVIEWSTYLE
  5
2CB
102
{ACAD_XDICTIONARY
360
2CC
102
}
102
{ACAD_REACTORS
330
8E1
330
1A8
330
8F4
102
}
330
1A8
100
AcDbModelDocViewStyle
 70
     0
  3

290
     0
100
AcDbSectionViewStyle
 70
     0
 71
     0
 90
       78
 71
     1
340
11
 62
    30
 40
0.24
340
0
340
0
 62
     7
 40
0.24
300
I,O,Q,S,X,Z
 40
0.4
 90
        3
 40
0.12
 90
        1
 71
     2
340
251
 90
       -1
 62
     7
340
251
 90
       30
 62
     7
 40
0.4
 40
0.0
 40
0.4
 71
     3
340
11
 62
    30
 40
0.24
 90
        0
 40
0.18
 90
        1
300
%<\AcVar ViewType \f "%tc1">% %<\AcVar ViewSectionStartId>%-%<\AcVar ViewSectionEndId>%
 71
     4
 62
   256
 62
   257
300
ANSI31
 40
1.0
 90
        0
290
     0
290
     0
 90
        6
 40
0.0
 40
1.570796326794896
 40
0.2617993877991494
 40
1.308996938995747
 40
-0.2617993877991494
 40
1.832595714594046
  0
ACDBSECTIONVIEWSTYLE
  5
1AA
102
{ACAD_XDICTIONARY
360
F3D
102
}
102
{ACAD_REACTORS
330
1A8
330
29D
102
}
330
1A8
100
AcDbModelDocViewStyle
 70
     0
  3
Imperial24
290
     0
100
AcDbSectionViewStyle
 70
     0
 71
     0
 90
       78
 71
     1
340
11
 62
   256
 40
0.24
340
0
340
0
 62
   256
 40
0.24
300
I, O, Q, S, X, Z
 40
0.48
 90
        3
 40
0.18
 90
        1
 71
     2
340
16
 90
       25
 62
   256
340
16
 90
       50
 62
   256
 40
0.24
 40
0.0
 40
0.24
 71
     3
340
11
 62
   256
 40
0.24
 90
        1
 40
0.75
 90
        1
300
%<\AcVar ViewType \f "%tc1">% %<\AcVar ViewSectionStartId>%-%<\AcVar ViewSectionEndId>%\PSCALE %<\AcVar ViewScale \f "%sn">%
 71
     4
 62
   256
 62
   257
300
ANSI31
 40
1.0
 90
        0
290
     0
290
     0
 90
        6
 40
0.0
 40
1.570796326794896
 40
0.2617993877991494
 40
1.308996938995747
 40
-0.2617993877991494
 40
1.832595714594046
  0
ACDBSECTIONVIEWSTYLE
  5
2D8
102
{ACAD_XDICTIONARY
360
F46
102
}
102
{ACAD_REACTORS
330
8E0
330
1A8
330
8F3
102
}
330
1A8
100
AcDbModelDocViewStyle
 70
     0
  3
Metric50
290
     0
100
AcDbSectionViewStyle
 70
     0
 71
     0
 90
      102
 71
     1
340
11
 62
   256
 40
5.0
340
0
340
0
 62
   256
 40
5.0
300
I, O, Q, S, X, Z
 40
10.0
 90
        0
 40
2.5
 90
        0
 71
     2
340
16
 90
       25
 62
   256
340
16
 90
       50
 62
   256
 40
5.0
 40
2.5
 40
5.0
 71
     3
340
11
 62
   256
 40
5.0
 90
        0
 40
15.0
 90
        1
300
%<\AcVar ViewSectionStartId>%-%<\AcVar ViewSectionEndId>% (%<\AcVar ViewScale \f "%sn">%)
 71
     4
 62
   256
 62
   257
300
ANSI31
 40
1.0
 90
        0
290
     0
290
     0
 90
        6
 40
0.0
 40
1.570796326794896
 40
0.2617993877991494
 40
1.308996938995747
 40
-0.2617993877991494
 40
1.832595714594046
  0
TABLESTYLE
  5
87
102
{ACAD_XDICTIONARY
360
104
102
}
102
{ACAD_REACTORS
330
86
102
}
330
86
100
AcDbTableStyle
  3
Standard
 70
     0
 71
     0
 40
0.06
 41
0.06
280
     0
281
     0
  7
Standard
140
0.18
170
     2
 62
     0
 63
     7
283
     0
274
    -2
284
     1
 64
     0
275
    -2
285
     1
 65
     0
276
    -2
286
     1
 66
     0
277
    -2
287
     1
 67
     0
278
    -2
288
     1
 68
     0
279
    -2
289
     1
 69
     0
  7
Standard
140
0.25
170
     5
 62
     0
 63
     7
283
     0
274
    -2
284
     1
 64
     0
275
    -2
285
     1
 65
     0
276
    -2
286
     1
 66
     0
277
    -2
287
     1
 67
     0
278
    -2
288
     1
 68
     0
279
    -2
289
     1
 69
     0
  7
Standard
140
0.18
170
     5
 62
     0
 63
     7
283
     0
274
    -2
284
     1
 64
     0
275
    -2
285
     1
 65
     0
276
    -2
286
     1
 66
     0
277
    -2
287
     1
 67
     0
278
    -2
288
     1
 68
     0
279
    -2
289
     1
 69
     0
  0
VISUALSTYLE
  5
9F
102
{ACAD_XDICTIONARY
360
F17
102
}
102
{ACAD_REACTORS
330
99
102
}
330
99
100
AcDbVisualStyle
  2
2dWireframe
 70
     4
 71
     0
 72
     2
 73
     1
 90
        0
 40
-0.6
 41
-30.0
 62
     5
 63
     7
421
 16777215
 74
     1
 91
        4
 64
     7
 65
   257
 75
     1
175
     1
 42
1.0
 92
        0
 66
   257
 43
1.0
 76
     1
 77
     6
 78
     2
 67
     7
 79
     5
170
     0
171
     0
290
     0
174
     0
 93
        1
 44
0.0
173
     0
291
     0
 45
0.0
1001
ACAD
1000
AcDbSavedByObjectVersion
1070
     0
  0
VISUALSTYLE
  5
9E
102
{ACAD_XDICTIONARY
360
F15
102
}
102
{ACAD_REACTORS
330
99
102
}
330
99
100
AcDbVisualStyle
  2
Basic
 70
     7
 71
     1
 72
     0
 73
     1
 90
        0
 40
-0.6
 41
-30.0
 62
     5
 63
     7
421
 16777215
 74
     0
 91
        4
 64
     7
 65
   257
 75
     1
175
     1
 42
1.0
 92
        8
 66
     7
 43
1.0
 76
     1
 77
     6
 78
     2
 67
     7
 79
     5
170
     0
171
     0
290
     0
174
     0
 93
        1
 44
0.0
173
     0
291
     1
 45
0.0
1001
ACAD
1000
AcDbSavedByObjectVersion
1070
     0
  0
VISUALSTYLE
  5
A5
102
{ACAD_XDICTIONARY
360
F23
102
}
102
{ACAD_REACTORS
330
99
102
}
330
99
100
AcDbVisualStyle
  2
Brighten
 70
    12
 71
     2
 72
     2
 73
     1
 90
        0
 40
-0.6
 41
-30.0
 62
     5
 63
     7
421
 16777215
 74
     1
 91
        4
 64
     7
 65
   257
 75
     1
175
     1
 42
1.0
 92
        8
 66
     7
 43
1.0
 76
     1
 77
     6
 78
     2
 67
     7
 79
     5
170
     0
171
     0
290
     0
174
     0
 93
        1
 44
50.0
173
     0
291
     1
 45
0.0
1001
ACAD
1000
AcDbSavedByObjectVersion
1070
     0
  0
VISUALSTYLE
  5
A9
102
{ACAD_XDICTIONARY
360
F2B
102
}
102
{ACAD_REACTORS
330
99
102
}
330
99
100
AcDbVisualStyle
  2
ColorChange
 70
    16
 71
     2
 72
     2
 73
     3
 90
        0
 40
-0.6
 41
-30.0
 62
     5
 63
     8
421
  8421504
 74
     1
 91
        4
 64
     7
 65
   257
 75
     1
175
     1
 42
1.0
 92
        8
 66
     8
424
  8421504
 43
1.0
 76
     1
 77
     6
 78
     2
 67
     7
 79
     5
170
     0
171
     0
290
     0
174
     0
 93
        1
 44
0.0
173
     0
291
     1
 45
0.0
1001
ACAD
1000
AcDbSavedByObjectVersion
1070
     0
  0
VISUALSTYLE
  5
A2
102
{ACAD_XDICTIONARY
360
F1D
102
}
102
{ACAD_REACTORS
330
99
102
}
330
99
100
AcDbVisualStyle
  2
Conceptual
 70
     9
 71
     3
 72
     2
 73
     1
 90
        0
 40
-0.6
 41
-30.0
 62
     5
 63
     7
421
 16777215
 74
     2
 91
        2
 64
     7
 65
   257
 75
     1
175
     1
 42
40.0
 92
        8
 66
     7
 43
1.0
 76
     1
 77
     6
 78
     2
 67
     7
 79
     3
170
     0
171
     0
290
     0
174
     0
 93
        1
 44
0.0
173
     0
291
     0
 45
0.0
1001
ACAD
1000
AcDbSavedByObjectVersion
1070
     0
  0
VISUALSTYLE
  5
A4
102
{ACAD_XDICTIONARY
360
F21
102
}
102
{ACAD_REACTORS
330
99
102
}
330
99
100
AcDbVisualStyle
  2
Dim
 70
    11
 71
     2
 72
     2
 73
     1
 90
        0
 40
-0.6
 41
-30.0
 62
     5
 63
     7
421
 16777215
 74
     1
 91
        4
 64
     7
 65
   257
 75
     1
175
     1
 42
1.0
 92
        8
 66
     7
 43
1.0
 76
     1
 77
     6
 78
     2
 67
     7
 79
     5
170
     0
171
     0
290
     0
174
     0
 93
        1
 44
-50.0
173
     0
291
     1
 45
0.0
1001
ACAD
1000
AcDbSavedByObjectVersion
1070
     0
  0
VISUALSTYLE
  5
175
102
{ACAD_XDICTIONARY
360
F31
102
}
102
{ACAD_REACTORS
330
99
102
}
330
99
100
AcDbVisualStyle
  2
EdgeColorOff
 70
    22
 71
     2
 72
     2
 73
     0
 90
        0
 40
-0.6
 41
-30.0
 62
     5
 63
     7
421
 16777215
 74
     1
 91
        4
 64
     7
 65
   257
 75
     1
175
     1
 42
1.0
 92
        8
 66
     7
 43
1.0
 76
     1
 77
     6
 78
     2
 67
     7
 79
     5
170
     0
171
     0
290
     0
174
     0
 93
        1
 44
0.0
173
     0
291
     1
 45
0.0
1001
ACAD
1000
AcDbSavedByObjectVersion
1070
     0
  0
VISUALSTYLE
  5
A8
102
{ACAD_XDICTIONARY
360
F29
102
}
102
{ACAD_REACTORS
330
99
102
}
330
99
100
AcDbVisualStyle
  2
Facepattern
 70
    15
 71
     2
 72
     2
 73
     1
 90
        0
 40
-0.6
 41
-30.0
 62
     5
 63
     7
421
 16777215
 74
     1
 91
        4
 64
     7
 65
   257
 75
     1
175
     1
 42
1.0
 92
        8
 66
     7
 43
1.0
 76
     1
 77
     6
 78
     2
 67
     7
 79
     5
170
     0
171
     0
290
     0
174
     0
 93
        1
 44
0.0
173
     0
291
     1
 45
0.0
1001
ACAD
1000
AcDbSavedByObjectVersion
1070
     0
  0
VISUALSTYLE
  5
9A
102
{ACAD_XDICTIONARY
360
F0D
102
}
102
{ACAD_REACTORS
330
99
102
}
330
99
100
AcDbVisualStyle
  2
Flat
 70
     0
 71
     2
 72
     1
 73
     1
 90
        2
 40
-0.6
 41
30.0
 62
     5
 63
     7
421
 16777215
 74
     0
 91
        0
 64
     7
 65
   257
 75
     1
175
     1
 42
1.0
 92
        8
 66
     7
 43
1.0
 76
     1
 77
     6
 78
     2
 67
     7
 79
     5
170
     0
171
     0
290
     0
174
     0
 93
       13
 44
0.0
173
     0
291
     1
 45
0.0
1001
ACAD
1000
AcDbSavedByObjectVersion
1070
     0
  0
VISUALSTYLE
  5
9B
102
{ACAD_XDICTIONARY
360
F0F
102
}
102
{ACAD_REACTORS
330
99
102
}
330
99
100
AcDbVisualStyle
  2
FlatWithEdges
 70
     1
 71
     2
 72
     1
 73
     1
 90
        2
 40
-0.6
 41
30.0
 62
     5
 63
     7
421
 16777215
 74
     1
 91
        0
 64
     7
 65
   257
 75
     1
175
     1
 42
1.0
 92
        0
 66
   257
 43
1.0
 76
     1
 77
     6
 78
     2
 67
     7
 79
     5
170
     0
171
     0
290
     0
174
     0
 93
       13
 44
0.0
173
     0
291
     1
 45
0.0
1001
ACAD
1000
AcDbSavedByObjectVersion
1070
     0
  0
VISUALSTYLE
  5
9C
102
{ACAD_XDICTIONARY
360
F11
102
}
102
{ACAD_REACTORS
330
99
102
}
330
99
100
AcDbVisualStyle
  2
Gouraud
 70
     2
 71
     2
 72
     2
 73
     1
 90
        2
 40
-0.6
 41
30.0
 62
     5
 63
     7
421
 16777215
 74
     0
 91
        0
 64
     7
 65
   257
 75
     1
175
     1
 42
1.0
 92
        0
 66
     7
 43
1.0
 76
     1
 77
     6
 78
     2
 67
     7
 79
     5
170
     0
171
     0
290
     0
174
     0
 93
       13
 44
0.0
173
     0
291
     1
 45
0.0
1001
ACAD
1000
AcDbSavedByObjectVersion
1070
     0
  0
VISUALSTYLE
  5
9D
102
{ACAD_XDICTIONARY
360
F13
102
}
102
{ACAD_REACTORS
330
99
102
}
330
99
100
AcDbVisualStyle
  2
GouraudWithEdges
 70
     3
 71
     2
 72
     2
 73
     1
 90
        2
 40
-0.6
 41
30.0
 62
     5
 63
     7
421
 16777215
 74
     1
 91
        0
 64
     7
 65
   257
 75
     1
175
     1
 42
1.0
 92
        0
 66
   257
 43
1.0
 76
     1
 77
     6
 78
     2
 67
     7
 79
     5
170
     0
171
     0
290
     0
174
     0
 93
       13
 44
0.0
173
     0
291
     1
 45
0.0
1001
ACAD
1000
AcDbSavedByObjectVersion
1070
     0
  0
VISUALSTYLE
  5
A1
102
{ACAD_XDICTIONARY
360
F1B
102
}
102
{ACAD_REACTORS
330
99
102
}
330
99
100
AcDbVisualStyle
  2
Hidden
 70
     6
 71
     1
 72
     2
 73
     2
 90
        0
 40
-0.6
 41
-30.0
 62
     5
 63
     7
421
 16777215
 74
     2
 91
        2
 64
     7
 65
   257
 75
     2
175
     1
 42
40.0
 92
        0
 66
   257
 43
1.0
 76
     1
 77
     6
 78
     2
 67
     7
 79
     3
170
     0
171
     0
290
     0
174
     0
 93
        1
 44
0.0
173
     0
291
     0
 45
0.0
1001
ACAD
1000
AcDbSavedByObjectVersion
1070
     0
  0
VISUALSTYLE
  5
173
102
{ACAD_XDICTIONARY
360
F2D
102
}
102
{ACAD_REACTORS
330
99
102
}
330
99
100
AcDbVisualStyle
  2
JitterOff
 70
    20
 71
     2
 72
     2
 73
     0
 90
        0
 40
-0.6
 41
-30.0
 62
     5
 63
     7
421
 16777215
 74
     1
 91
        4
 64
     7
 65
   257
 75
     1
175
     1
 42
1.0
 92
       10
 66
     7
 43
1.0
 76
     1
 77
     6
 78
     2
 67
     7
 79
     5
170
     0
171
     0
290
     0
174
     0
 93
        1
 44
0.0
173
     0
291
     1
 45
0.0
1001
ACAD
1000
AcDbSavedByObjectVersion
1070
     0
  0
VISUALSTYLE
  5
A7
102
{ACAD_XDICTIONARY
360
F27
102
}
102
{ACAD_REACTORS
330
99
102
}
330
99
100
AcDbVisualStyle
  2
Linepattern
 70
    14
 71
     2
 72
     2
 73
     1
 90
        0
 40
-0.6
 41
-30.0
 62
     5
 63
     7
421
 16777215
 74
     1
 91
        4
 64
     7
 65
   257
 75
     7
175
     7
 42
1.0
 92
        8
 66
     7
 43
1.0
 76
     1
 77
     6
 78
     2
 67
     7
 79
     5
170
     0
171
     0
290
     0
174
     0
 93
        1
 44
0.0
173
     0
291
     1
 45
0.0
1001
ACAD
1000
AcDbSavedByObjectVersion
1070
     0
  0
VISUALSTYLE
  5
174
102
{ACAD_XDICTIONARY
360
F2F
102
}
102
{ACAD_REACTORS
330
99
102
}
330
99
100
AcDbVisualStyle
  2
OverhangOff
 70
    21
 71
     2
 72
     2
 73
     0
 90
        0
 40
-0.6
 41
-30.0
 62
     5
 63
     7
421
 16777215
 74
     1
 91
        4
 64
     7
 65
   257
 75
     1
175
     1
 42
1.0
 92
        9
 66
     7
 43
1.0
 76
     1
 77
     6
 78
     2
 67
     7
 79
     5
170
     0
171
     0
290
     0
174
     0
 93
        1
 44
0.0
173
     0
291
     1
 45
0.0
1001
ACAD
1000
AcDbSavedByObjectVersion
1070
     0
  0
VISUALSTYLE
  5
A3
102
{ACAD_XDICTIONARY
360
F1F
102
}
102
{ACAD_REACTORS
330
99
102
}
330
99
100
AcDbVisualStyle
  2
Realistic
 70
     8
 71
     2
 72
     3
 73
     0
 90
        2
 40
-0.6
 41
30.0
 62
     5
 63
     7
421
 16777215
 74
     0
 91
        0
 64
     7
 65
   257
 75
     1
175
     1
 42
1.0
 92
        8
 66
   257
 43
1.0
 76
     1
 77
     6
 78
     2
 67
     7
 79
     3
170
     0
171
     0
290
     0
174
     0
 93
       13
 44
0.0
173
     0
291
     0
 45
0.0
1001
ACAD
1000
AcDbSavedByObjectVersion
1070
     0
  0
VISUALSTYLE
  5
182
102
{ACAD_XDICTIONARY
360
F3B
102
}
102
{ACAD_REACTORS
330
99
102
}
330
99
100
AcDbVisualStyle
  2
Shaded
 70
    27
 71
     2
 72
     2
 73
     1
 90
        2
 40
-0.6
 41
30.0
 62
     5
 63
     7
421
 16777215
 74
     0
 91
        4
 64
     7
 65
   257
 75
     1
175
     1
 42
1.0
 92
        8
 66
   257
 43
1.0
 76
     1
 77
     6
 78
     2
 67
     8
425
  7895160
 79
     3
170
     0
171
     0
290
     0
174
     0
 93
        5
 44
0.0
173
     0
291
     0
 45
0.0
1001
ACAD
1000
AcDbSavedByObjectVersion
1070
     0
  0
VISUALSTYLE
  5
181
102
{ACAD_XDICTIONARY
360
F39
102
}
102
{ACAD_REACTORS
330
99
102
}
330
99
100
AcDbVisualStyle
  2
Shaded with edges
 70
    26
 71
     2
 72
     2
 73
     1
 90
        2
 40
-0.6
 41
30.0
 62
     5
 63
     7
421
 16777215
 74
     1
 91
        2
 64
     7
 65
   257
 75
     2
175
     1
 42
1.0
 92
        8
 66
   257
 43
1.0
 76
     1
 77
     6
 78
     2
 67
     7
 79
     3
170
     0
171
     0
290
     0
174
     0
 93
        5
 44
0.0
173
     0
291
     0
 45
0.0
1001
ACAD
1000
AcDbSavedByObjectVersion
1070
     0
  0
VISUALSTYLE
  5
17E
102
{ACAD_XDICTIONARY
360
F33
102
}
102
{ACAD_REACTORS
330
99
102
}
330
99
100
AcDbVisualStyle
  2
Shades of Gray
 70
    23
 71
     2
 72
     2
 73
     3
 90
        0
 40
-0.6
 41
-30.0
 62
     5
 63
     7
421
 16777215
 74
     2
 91
        2
 64
     7
 65
     7
 75
     1
175
     1
 42
40.0
 92
        8
 66
     7
 43
1.0
 76
     1
 77
     6
 78
     2
 67
     7
 79
     3
170
     0
171
     0
290
     0
174
     0
 93
        1
 44
0.0
173
     0
291
     0
 45
0.0
1001
ACAD
1000
AcDbSavedByObjectVersion
1070
     0
  0
VISUALSTYLE
  5
17F
102
{ACAD_XDICTIONARY
360
F35
102
}
102
{ACAD_REACTORS
330
99
102
}
330
99
100
AcDbVisualStyle
  2
Sketchy
 70
    24
 71
     1
 72
     2
 73
     2
 90
        0
 40
-0.6
 41
-30.0
 62
     5
 63
     7
421
 16777215
 74
     2
 91
        2
 64
     7
 65
     7
 75
     1
175
     1
 42
40.0
 92
       11
 66
     7
 43
1.0
 76
     1
 77
     6
 78
     2
 67
     7
 79
     6
170
     0
171
     0
290
     0
174
     0
 93
        1
 44
0.0
173
     0
291
     0
 45
0.0
1001
ACAD
1000
AcDbSavedByObjectVersion
1070
     0
  0
VISUALSTYLE
  5
A6
102
{ACAD_XDICTIONARY
360
F25
102
}
102
{ACAD_REACTORS
330
99
102
}
330
99
100
AcDbVisualStyle
  2
Thicken
 70
    13
 71
     2
 72
     2
 73
     1
 90
        0
 40
-0.6
 41
-30.0
 62
     5
 63
     7
421
 16777215
 74
     1
 91
        4
 64
     7
 65
   257
 75
     1
175
     1
 42
1.0
 92
       12
 66
     7
 43
1.0
 76
     1
 77
     6
 78
     2
 67
     7
 79
     5
170
     0
171
     0
290
     0
174
     0
 93
        1
 44
0.0
173
     0
291
     1
 45
0.0
1001
ACAD
1000
AcDbSavedByObjectVersion
1070
     0
  0
VISUALSTYLE
  5
A0
102
{ACAD_XDICTIONARY
360
F19
102
}
102
{ACAD_REACTORS
330
99
102
}
330
99
100
AcDbVisualStyle
  2
Wireframe
 70
     5
 71
     0
 72
     2
 73
     0
 90
        0
 40
-0.6
 41
-30.0
 62
     5
 63
     7
421
 16777215
 74
     1
 91
        4
 64
     7
 65
   257
 75
     1
175
     1
 42
1.0
 92
        0
 66
   257
 43
1.0
 76
     1
 77
     6
 78
     2
 67
     7
 79
     3
170
     0
171
     0
290
     0
174
     0
 93
        1
 44
0.0
173
     0
291
     0
 45
0.0
1001
ACAD
1000
AcDbSavedByObjectVersion
1070
     0
  0
VISUALSTYLE
  5
180
102
{ACAD_XDICTIONARY
360
F37
102
}
102
{ACAD_REACTORS
330
99
102
}
330
99
100
AcDbVisualStyle
  2
X-Ray
 70
    25
 71
     2
 72
     2
 73
     1
 90
        1
 40
0.5
 41
-30.0
 62
     5
 63
     7
421
 16777215
 74
     1
 91
        0
 64
     7
 65
   257
 75
     1
175
     1
 42
1.0
 92
        8
 66
     7
 43
1.0
 76
     1
 77
     6
 78
     2
 67
     7
 79
     3
170
     0
171
     0
290
     0
174
     0
 93
       13
 44
0.0
173
     0
291
     0
 45
0.0
1001
ACAD
1000
AcDbSavedByObjectVersion
1070
     0
  0
DICTIONARYVAR
  5
F0
102
{ACAD_REACTORS
330
66
102
}
330
66
100
DictionaryVariables
280
     0
  1
1:1
  0
DICTIONARYVAR
  5
EF
102
{ACAD_REACTORS
330
66
102
}
330
66
100
DictionaryVariables
280
     0
  1
STANDARD
  0
DICTIONARYVAR
  5
89
102
{ACAD_REACTORS
330
66
102
}
330
66
100
DictionaryVariables
280
     0
  1
STANDARD
  0
DICTIONARYVAR
  5
1B7
102
{ACAD_REACTORS
330
66
102
}
330
66
100
DictionaryVariables
280
     0
  1
Metric50
  0
DICTIONARYVAR
  5
1B8
102
{ACAD_REACTORS
330
66
102
}
330
66
100
DictionaryVariables
280
     0
  1
Metric50
  0
DICTIONARYVAR
  5
67
102
{ACAD_REACTORS
330
66
102
}
330
66
100
DictionaryVariables
280
     0
  1
2
  0
DICTIONARYVAR
  5
6B
102
{ACAD_REACTORS
330
66
102
}
330
66
100
DictionaryVariables
280
     0
  1
1
  0
DICTIONARYVAR
  5
14D
102
{ACAD_REACTORS
330
66
102
}
330
66
100
DictionaryVariables
280
     0
  1
0
  0
DICTIONARYVAR
  5
14E
102
{ACAD_REACTORS
330
66
102
}
330
66
100
DictionaryVariables
280
     0
  1
0
  0
DICTIONARYVAR
  5
EF8
102
{ACAD_REACTORS
330
66
102
}
330
66
100
DictionaryVariables
280
     0
  1
2
  0
DICTIONARYVAR
  5
EF7
102
{ACAD_REACTORS
330
66
102
}
330
66
100
DictionaryVariables
280
     0
  1
1
  0
DICTIONARYVAR
  5
EF9
102
{ACAD_REACTORS
330
66
102
}
330
66
100
DictionaryVariables
280
     0
  1
2
  0
DICTIONARY
  5
F08
102
{ACAD_REACTORS
330
F06
102
}
330
F06
100
AcDbDictionary
281
     1
  0
DICTIONARY
  5
F07
102
{ACAD_REACTORS
330
F06
102
}
330
F06
100
AcDbDictionary
281
     1
  3
2890127218192
350
F01
  3
2890127218208
350
F02
  3
2890127218224
350
F03
  3
2890127218240
350
F04
  3
2890127218256
350
F05
  0
DICTIONARY
  5
272
102
{ACAD_REACTORS
330
270
102
}
330
270
100
AcDbDictionary
281
     1
  0
DICTIONARY
  5
F48
330
2D9
100
AcDbDictionary
280
     1
281
     1
  3
ACAD_XREC_ROUNDTRIP
360
F49
  0
DICTIONARY
  5
F3F
330
1AC
100
AcDbDictionary
280
     1
281
     1
  3
ACAD_XREC_ROUNDTRIP
360
F40
  0
DICTIONARY
  5
2DC
330
2DB
100
AcDbDictionary
280
     1
281
     1
  3
ACAD_FIELD
360
2DD
  3
ACAD_XREC_ROUNDTRIP
360
F4A
  0
DICTIONARY
  5
F4B
330
2E1
100
AcDbDictionary
280
     1
281
     1
  3
ACAD_XREC_ROUNDTRIP
360
F4C
  0
DICTIONARY
  5
194
330
22
100
AcDbDictionary
280
     1
281
     1
  0
DICTIONARY
  5
188
330
97
100
AcDbDictionary
280
     1
281
     1
  3
ACAD_XREC_ROUNDTRIP
360
F0B
  3
FBXASSET
360
189
  0
DICTIONARY
  5
186
330
96
100
AcDbDictionary
280
     1
281
     1
  3
ACAD_XREC_ROUNDTRIP
360
F0A
  3
FBXASSET
360
187
  0
DICTIONARY
  5
110
330
98
100
AcDbDictionary
280
     1
281
     1
  3
ACAD_XREC_ROUNDTRIP
360
F0C
  3
BUMPTILE
360
112
  3
DIFFUSETILE
360
111
  3
FBXASSET
360
18A
  3
OPACITYTILE
360
113
  3
REFLECTIONTILE
360
114
  0
DICTIONARY
  5
2CC
330
2CB
100
AcDbDictionary
280
     1
281
     1
  3
ACAD_FIELD
360
2CD
  3
ACAD_XREC_ROUNDTRIP
360
F45
  0
DICTIONARY
  5
F3D
330
1AA
100
AcDbDictionary
280
     1
281
     1
  3
ACAD_XREC_ROUNDTRIP
360
F3E
  0
DICTIONARY
  5
F46
330
2D8
100
AcDbDictionary
280
     1
281
     1
  3
ACAD_XREC_ROUNDTRIP
360
F47
  0
DICTIONARY
  5
104
330
87
100
AcDbDictionary
280
     1
281
     1
  3
ACAD_ROUNDTRIP_2008_TABLESTYLE_CELLSTYLEMAP
360
EFA
  3
ACAD_XREC_ROUNDTRIP
360
F09
  0
DICTIONARY
  5
F17
330
9F
100
AcDbDictionary
280
     1
281
     1
  3
ACAD_XREC_ROUNDTRIP
360
F18
  0
DICTIONARY
  5
F15
330
9E
100
AcDbDictionary
280
     1
281
     1
  3
ACAD_XREC_ROUNDTRIP
360
F16
  0
DICTIONARY
  5
F23
330
A5
100
AcDbDictionary
280
     1
281
     1
  3
ACAD_XREC_ROUNDTRIP
360
F24
  0
DICTIONARY
  5
F2B
330
A9
100
AcDbDictionary
280
     1
281
     1
  3
ACAD_XREC_ROUNDTRIP
360
F2C
  0
DICTIONARY
  5
F1D
330
A2
100
AcDbDictionary
280
     1
281
     1
  3
ACAD_XREC_ROUNDTRIP
360
F1E
  0
DICTIONARY
  5
F21
330
A4
100
AcDbDictionary
280
     1
281
     1
  3
ACAD_XREC_ROUNDTRIP
360
F22
  0
DICTIONARY
  5
F31
330
175
100
AcDbDictionary
280
     1
281
     1
  3
ACAD_XREC_ROUNDTRIP
360
F32
  0
DICTIONARY
  5
F29
330
A8
100
AcDbDictionary
280
     1
281
     1
  3
ACAD_XREC_ROUNDTRIP
360
F2A
  0
DICTIONARY
  5
F0D
330
9A
100
AcDbDictionary
280
     1
281
     1
  3
ACAD_XREC_ROUNDTRIP
360
F0E
  0
DICTIONARY
  5
F0F
330
9B
100
AcDbDictionary
280
     1
281
     1
  3
ACAD_XREC_ROUNDTRIP
360
F10
  0
DICTIONARY
  5
F11
330
9C
100
AcDbDictionary
280
     1
281
     1
  3
ACAD_XREC_ROUNDTRIP
360
F12
  0
DICTIONARY
  5
F13
330
9D
100
AcDbDictionary
280
     1
281
     1
  3
ACAD_XREC_ROUNDTRIP
360
F14
  0
DICTIONARY
  5
F1B
330
A1
100
AcDbDictionary
280
     1
281
     1
  3
ACAD_XREC_ROUNDTRIP
360
F1C
  0
DICTIONARY
  5
F2D
330
173
100
AcDbDictionary
280
     1
281
     1
  3
ACAD_XREC_ROUNDTRIP
360
F2E
  0
DICTIONARY
  5
F27
330
A7
100
AcDbDictionary
280
     1
281
     1
  3
ACAD_XREC_ROUNDTRIP
360
F28
  0
DICTIONARY
  5
F2F
330
174
100
AcDbDictionary
280
     1
281
     1
  3
ACAD_XREC_ROUNDTRIP
360
F30
  0
DICTIONARY
  5
F1F
330
A3
100
AcDbDictionary
280
     1
281
     1
  3
ACAD_XREC_ROUNDTRIP
360
F20
  0
DICTIONARY
  5
F3B
330
182
100
AcDbDictionary
280
     1
281
     1
  3
ACAD_XREC_ROUNDTRIP
360
F3C
  0
DICTIONARY
  5
F39
330
181
100
AcDbDictionary
280
     1
281
     1
  3
ACAD_XREC_ROUNDTRIP
360
F3A
  0
DICTIONARY
  5
F33
330
17E
100
AcDbDictionary
280
     1
281
     1
  3
ACAD_XREC_ROUNDTRIP
360
F34
  0
DICTIONARY
  5
F35
330
17F
100
AcDbDictionary
280
     1
281
     1
  3
ACAD_XREC_ROUNDTRIP
360
F36
  0
DICTIONARY
  5
F25
330
A6
100
AcDbDictionary
280
     1
281
     1
  3
ACAD_XREC_ROUNDTRIP
360
F26
  0
DICTIONARY
  5
F19
330
A0
100
AcDbDictionary
280
     1
281
     1
  3
ACAD_XREC_ROUNDTRIP
360
F1A
  0
DICTIONARY
  5
F37
330
180
100
AcDbDictionary
280
     1
281
     1
  3
ACAD_XREC_ROUNDTRIP
360
F38
  0
XRECORD
  5
F01
102
{ACAD_REACTORS
330
F07
102
}
330
F07
100
AcDbXrecord
280
     1
  1
AcDb_Thumbnail_Schema
102
{ATTRRECORD
341
F02
  2
AcDbDs::TreatedAsObjectData
280
     1
291
     1
102
ATTRRECORD}
102
{ATTRRECORD
341
F03
  2
AcDbDs::Legacy
280
     1
291
     1
102
ATTRRECORD}
  2
AcDbDs::ID
280
    10
 91
        8
102
{ATTRRECORD
341
F04
  2
AcDs:Indexable
280
     1
291
     1
102
ATTRRECORD}
102
{ATTRRECORD
341
F05
  2
AcDbDs::HandleAttribute
280
     7
282
     1
102
ATTRRECORD}
  2
Thumbnail_Data
280
    15
 91
        0
  0
XRECORD
  5
F02
102
{ACAD_REACTORS
330
F07
102
}
330
F07
100
AcDbXrecord
280
     1
  1
AcDbDs::TreatedAsObjectDataSchema
  2
AcDbDs::TreatedAsObjectData
280
     1
 91
        0
  0
XRECORD
  5
F03
102
{ACAD_REACTORS
330
F07
102
}
330
F07
100
AcDbXrecord
280
     1
  1
AcDbDs::LegacySchema
  2
AcDbDs::Legacy
280
     1
 91
        0
  0
XRECORD
  5
F04
102
{ACAD_REACTORS
330
F07
102
}
330
F07
100
AcDbXrecord
280
     1
  1
AcDbDs::IndexedPropertySchema
  2
AcDs:Indexable
280
     1
 91
        0
  0
XRECORD
  5
F05
102
{ACAD_REACTORS
330
F07
102
}
330
F07
100
AcDbXrecord
280
     1
  1
AcDbDs::HandleAttributeSchema
  2
AcDbDs::HandleAttribute
280
     7
 91
        1
284
     1
  0
XRECORD
  5
F49
102
{ACAD_REACTORS
330
F48
102
}
330
F48
100
AcDbXrecord
280
     1
102
DISPLAYNAME
  1
ASME Y14.35 - 1987(1)
102
FLAGS
 90
        0
  0
XRECORD
  5
F40
102
{ACAD_REACTORS
330
F3F
102
}
330
F3F
100
AcDbXrecord
280
     1
102
DISPLAYNAME
  1
Imperial24
102
FLAGS
 90
        0
  0
DICTIONARY
  5
2DD
102
{ACAD_REACTORS
330
2DC
102
}
330
2DC
100
AcDbDictionary
280
     1
281
     1
  3
TEXT
360
2DE
  0
XRECORD
  5
F4A
102
{ACAD_REACTORS
330
2DC
102
}
330
2DC
100
AcDbXrecord
280
     1
102
DISPLAYNAME
  1
ISO 128-34:2001(1)
102
FLAGS
 90
        0
  0
XRECORD
  5
F4C
102
{ACAD_REACTORS
330
F4B
102
}
330
F4B
100
AcDbXrecord
280
     1
102
DISPLAYNAME
  1
Metric50
102
FLAGS
 90
        0
  0
XRECORD
  5
F0B
102
{ACAD_REACTORS
330
188
102
}
330
188
100
AcDbXrecord
280
     1
102
MATERIAL
148
0.0
149
0.0
149
0.0
 93
        0
 94
       63
282
     0
 72
     1
 77
     1
171
     1
175
     1
179
     1
273
     0
  0
XRECORD
  5
189
102
{ACAD_REACTORS
330
188
102
}
330
188
100
AcDbXrecord
280
     1
 70
     1
 90
429727718
  1
508B35C9-AEE7-456F-BE74-D52651303AC6
310
504B03040A0000080000B670623B3DEE336E79000000790000001B0000006175746F6465736B2D64657369676E2D7061636B6167652E786D6C3C3F786D6C2076657273696F6E3D22312E302220656E636F64696E673D227574662D3822203F3E3C666F726D6174733E3C666F726D61743E687474703A2F2F736368656D612E
310
6175746F6465736B2E636F6D2F64657369676E2D7061636B6167652F323030393C2F666F726D61743E3C2F666F726D6174733E504B0304140006080800B670623BD486FD9CA0000000F4000000130000005B436F6E74656E745F54797065735D2E786D6C7D8EC10E82300C865F65E91D8A1E8C310C0EEA1BF002731658846E
310
D98AC1B77784ABF1D8FE5FBFBF75BBCE937A534CCEB38643598122B6FEE978D0B0485F9C41B54DDD7D022595594E1A469170414C76A4D9A4D207E29CF43ECE46F218070CC6BECC4078ACAA135ACF422C856C0E68EA1BF5669944DDD7BCDE7B1F8E415D77AECB980613C2E4AC91FC167A2B244592486606FC29C8FD7F045B9A
310
EF7053A7E60B504B0304140006080800B670623B28ED286BEB0000007C01000008000000636F72652E786D6C8D90416EC3201045AF82665B6183218D6D61A254764FD00B204C5C94182C03558F5F9C3852BBEB6A467FFE9B197D71FA9E6FE8CBACC17AD7012D0820E3B41FAD9B3A48F1826B40272956EFE32F1B20A766D3C1
310
268314D3EAD3B24BDABB685CCCAAF3A3D94515828980F42D371D04FD696655A814B3235C8B45E9AB9A4C419F5D8653B2237A1CB163DE672FD6AC209BF3C08E0D1B30EB19C3FC9D72FCC6EB231EFA33EDE96BDD341517E5064B11EDFCBCAF57A3A2194156843498524CAA0FCA5B7268F9E185D42D21A2DCEC7FA0B48CFF8492
310
759155FBBB0F2C80A4F991FB408A72CB22977B50B96EB9C91F504B0304140006080800B670623B55019EA25F0000007C00000007000000636E782E786D6C4DCB3B0E80201045D1AD90E915ED2CF8AC45050C11660C8261F98AB1B07AC9C97D42D718D865D3E909258CFD00CCE24AC6E326A164D74DC0B4128928FF32603847
310
2BA13128B1252AC747C6BAB984FC68F0B87FE8960A5C09FE86CFB69FBA01504B0304140006080800B670623B7BC41AC871010000D40300000C0000006662782F636F72652E786D6CC553ED6E8320147D15C2DF4501B56B6D90A64BBB27D80B50A5CE54C120983EFEAE1F4DD7A56BBA5FF3879273EEE59E7310BE393735EA95
310
ED2AA333CC428A91D2B9292A5D66D8BB63B0C26823B835C67D2BC348CB46657880B1E0A535BE9DA1DC68A7B403549B42CDA0EC3AE530CA6B5864B8CB3F552343E91D5474A7B095F949962A6421D0502778E72C0840D390E18DC5F170E664C205F7BE2A66B62A605A75AC94C522DDEEE3651AEF837817C741F2CE92E02D592D
310
83FD6ECB76EC7595A651C2C9D02CB8AB9A8BBADC2AE954814544691A3016D0E883256BBA58278B17BA5A53CAC9507ED3E4DBE2C9265F691747B3DCA9ADC382819091F8E1162272A8933DE82182932144F88C09DF060D8140C84E1EEA8B8F1340BDCA9DB1093085F157AA97B557309586747CD0EF0B4EA64E983A6E0EAEEFCE
310
889E9EF17847386AA94B30211D2C0FDE0D3AF9A4610EAD5536E8DD1969631B593F67E381C33F5157F17725E5A636F6BF1491F980C8FC7B90E13E8A2F504B0304140006080800B670623B70102A487D0000009D0000000B0000006662782F636E782E786D6C4DCCD10A83201886E15B91FFDC95A5C30335ACCDFB886521330D
310
A76397BF1A1DECE883878F57749FD5A3B74D2F17830472A901D9F088930B8B849267CC01754AA418F3DF0D5018572BE160506249B16C274D761E8BCFBB7A179E27F65CB39A0F14D396184C9921B81F34C3ACA1B4B99ABB6E6F062A25AA5F69DF23ACBE504B0304140006080800B670623B3610CA3329010000120200003100
310
00006662782F42384135303843342D343331462D343546312D424341352D3532343432364645413344462F636F72652E786D6C8D515B6EC32010BC0AE22B55850D0E446E848992B43E412FE000495162B07854397EA176A4F62F3F2C9A9D991D58BEBB8F37F0AD7D30CE76905418026DA553C65E3A98E219B510EC04F7CEC5
310
3F3408EC30EA0E16180A7EF12E4D0B249D8DDAC68C5AA7F4020E21E80881BCE54B0783FCD2E3500D296646B856D320AFC34557A4CAEDCC133C449F0380794839A138B47B86DB2345744D7A44594FD0E1B867883594369BFE63BF7EEF793D0B054FC9A8456E548E63CE46FB674D8A58F068C6477CE9F510B582A2C1F80D1182
310
70F349E816B32D65AFB8DD62CCEB42FF274A937A52948C8DEB66893BCB021484D7734370E5D2E9F608A3EF93F3119479ABA0E50B14B8C298119A43CCC4FCFCECB8A18B6388CEE7EF5D5D4F994BD86CBBA182D76543B9FCAE2FD7B24DF103504B0304140006080800B670623B1B8617914E0100003303000030000000666278
310
2F42384135303843342D343331462D343546312D424341352D3532343432364645413344462F636E782E786D6CD593C16EC32010447F0571AD6CE3D489D20813A9877E410FBD62D82434182CC055F3F75D1292E692438FBD206B7698593D61BEFD1E2DF982108D773D6D6B460938E5B571FB9ECE6957AD29D90A1EBC4F7736
310
4A9C1CA1A759A682EF839FA72269D8C9D92654AD71C72206887E0E0A22CAF926B15E498B01E0AA19451807D01A34B919F16B070157417138917400F2F6FA41FCF0092A45DEE414C19BDC21783E4BD39D891265658C3D8DEA00A3ACE59CBC8678ACB54CB26EEB6BD7839D7E9348BE70AD9C8321B9BCA7F9A4A26C542347DEE0
310
50F09802D22BA6749A800A394DD62899107273365E3C82CFC6A55557BC06C10774B7ABE7AEC3B0F34CF06446280E154026D0542C187BA9DAB6628BF7B6DBB0E5A65B3EB1F58631DE64BBE083F7B65CC218087E22CABB042E51D1F2268F1FE12B3EA24D40D63E9CFE00120194D60B9D5BC67FE6D39CDF37E20AF817881F504B
310
0304140006080800B670623BBFEF2E3B690500003C100000340000006662782F42384135303843342D343331462D343546312D424341352D3532343432364645413344462F6F626A656374732E786D6CAD575D739B3814FD2B0CFB0C98D84E931D4227B6938EA793B6534F3BFB90198F0099B001899144EAECAFDF231018B0
310
D37A3FFC609090EEE7B94757C1FB7D915B2F54C88CB31BDB7727B64559CC938CA53776A576CE956DBD0F03C1B9EA2DB32D460A7A63EB693B0C52C1ABD24C257447AA5C8D66EF177F5832A68CDA569C13296F6C193FD182B8A4523CA1F2D94D88226EBADBBBBEDB2C1C8A4D05299F46424B222853B014F30C52ACC6287F389C
310
D85E1878FA7B18E87FB36AFAF62AAFF667A83F635211161F291B8999FAB3D5DDC5FCDA99CF6653677679E13B8BFBC5CAF1DF4D27CBCBE5F2FAF6EE1A8AA51290642C117467871F101B91C581D77CEA2C36869F3229E68CD1B8F61F1ED6361B89092D294B90C78C4A68EB793D190E7D1D9BDEE7A91E1B95FDE9F3BCEAEFE809
310
6A6D6F9F7D4B79F4275C90E7A04248AA51D5C4C738DAE06F72885AC4796EBE65D22A88A22223B995679120E2D50EB1542F098381188D4EA111AE3DB043FF20AF6F2B4AE3D7D83D65E5AECA730D4D3BAC91BD05FEA992B565D95F549CD6069B90AB2A63EACA38A45E4B6A87D781574F86817E4C2FCCC72690D62E2729520E37
310
9BAF234797BAF6D62B3BFC781FED37BA1E4F2B2F052FA9501A3E80569BB8F6A9A364D4FA67654E6F803383981F82F21591FF84F23D9882BC896C3FDBCF8C162508933B2E0AE4C69DD43F6BD2BE38DDDBF10BF86CB4FA784D37F3AF16075E67EC9030DECA1FC0A55373F5DFF3378C591FA9BDF485C10B0A8C8BA909E5262639
310
A8E72163488806A595734C81CB77D1DE0ED7604A303B76913CEC0272F412782FF88EFF4636D8AA56DF7B322474C4B767303F625997056C7B032C473C592B36CEBD15F3F9FF5233B7ABCDC74D257624A60F8658567497B14CE1EC3C80B76FD02011038F9EE9EB0F2E12387A9C844D3F09855125116D1D731DF8B43D2CF4E0A0
310
79A020C6BE946BCE0B7EA1E1219331CD73C228AF5A2DDD31A4B1DA918CE91350854D40A71723140BFA92E94E62B0626016CEFA5864A50E5977E8753CEDBEE1CBB7F52780D20E17AF0BA0F5F9B02A3AD07DCC732EB6D1EBB661421BE0C39E21BABF0FE16D22EA6929407C8DE596724C88B749B6DB5512BC7B228ADFD7CB7EA6
310
3A22397E690BA8D5D8D4E40CEC8CDA23C2C0B7D5898640101CEC9C6D331CE328CB93CAFBBAC70A642DF70DF95155945B52F08AA973C23469FD69ADEF84F7BB18F983A8F8C90E37F5D35980B2139A1C523540813E824EF83448CF7C72B598CE97D7CEEDDDDD3B6736BFBC771677EF66CE6A7E7139F7A793E9EDF2B2B3A8B624
310
0CDA13AA5F8388264EC4A0129909F3B7F5A16CEDF08128E97D680ACA4B9BE7B7B58BB638F0B00700EF36AE8B32A705658A68F83EE897FC2B41573190D1CCAF0B92D233A47CFEB019D9809933F67DD1A5467F8CF69AD9A5AE859342D45355448C64F968A371DC2D596ADC6E43D93D1B466F877A64E2893E54F23C4B40388995
310
525E5005DA3983ED45412510D3EFCA13737B3863F74BD30F2A12E5B4B5E489A025CE25500DB855B11ACE5BBFA185D35DD48D8DC3CE7DC69F2944DB42AA6F6CF09BCA622ADD08C7A36E7C6AE18000BAB08E040135C2D21C9D75B3A91B77BB746C403F38018DFE6EC939DD92F16B40BC05294B9CDA035AAD6D330AE27FE4786B
310
8E45145EA34A75BE1C263A676A35A8ACC6297337400BF16C54EF515F3F77CB77EB3583889C754FFA29081AA98E2222ADEF05DA3E63D2EDEA8B8756C05A7FB6CABC4A91CBF325398202CC952E70A008A830324BA200D5E5EF8F5F04C75DB4B0EE3340E071C98B823333B83577596BF3849B69F2085AA0FAFA212F26BEFF5877
310
FDE622B28D88A42E49E43326DA82D31E8CB006401E1DA726059ECEC168F97A6599036306A135688F9AD2E61A6EA178F4CD51974A9F2CCB9F36FE5EBD14601068D9C3BF01504B0304140006080000B670623B000000000000000000000000350000006662782F42384135303843342D343331462D343546312D424341352D35
310
32343432364645413344462F76657274696365732E62696E504B0304140006080800B670623BF270F1330600000004000000360000006662782F42384135303843342D343331462D343546312D424341352D3532343432364645413344462F747269616E676C65732E62696E636660600000504B0304140006080000B67062
310
3B000000000000000000000000370000006662782F42384135303843342D343331462D343546312D424341352D3532343432364645413344462F617474726962757465732E62696E504B0304140006080800B670623B08DA0BD19000000041010000360000006662782F42384135303843342D343331462D343546312D4243
310
41352D3532343432364645413344462F6469726563746F72792E786D6C858F410AC3201045AF22B36F53E9A60B35CBEEBAE80D244E44489C6234F4F835464A48035D0DF398FF9F8AF63D0E6CC63039F212F8F9020C7D47C6792B21C5FE7403D62A1188E2E60C98D7234A5830286103A55745067B9D86B8A3CF9C7F90C11DE6
310
07FB144396D7B6A82D282E9A152AD114D5EF2CB866EEE831B8EEA07A7BB5A8D7D61A2BAAEB7FD5F70921FF497D00504B0304140006080800B670623B3B4606F3FE000000A00100003B0000006662782F42384135303843342D343331462D343546312D424341352D3532343432364645413344462F7265736F75726365732F
310
636F72652E786D6C8D504B6E833010BD0A9A6D65B08134808CA354A427E8052C332156828DFCA97AFC9A40A576D7CDCCE87D344F8F9FBEE647F689CE6B6B7A6039850C8DB2A336530F315C4903D94970676DF82583CCC8197B5861107C72362E3BA4AC096842428D1D7107A5F71820538F74F4E0D50D6799CB1892C2DFF345
310
AABB9C306779A2934E701F5C0A906D4FD609C2A1B7D129F4BCD858C163D4E3AED163FAA9AF1A1D88F67CA98E6D35906AA82A52BFB39ABCD5CD915C86331BD86BD3B665CD8BD52C78D0F34F46E550061C419494B6843142CB0F5677F4D0D58717DA7494F26295FF31C565FCA7296A13AA728FBBD93C0896823C09C18BB5AFB4
310
9E65A6BD762BBE01504B010214000A0000080000B670623B3DEE336E79000000790000001B00000000000000000000000000000000006175746F6465736B2D64657369676E2D7061636B6167652E786D6C504B01021400140006080800B670623BD486FD9CA0000000F40000001300000000000000000000000000B2000000
310
5B436F6E74656E745F54797065735D2E786D6C504B01021400140006080800B670623B28ED286BEB0000007C010000080000000000000000000000000083010000636F72652E786D6C504B01021400140006080800B670623B55019EA25F0000007C000000070000000000000000000000000094020000636E782E786D6C50
310
4B01021400140006080800B670623B7BC41AC871010000D40300000C00000000000000000000000000180300006662782F636F72652E786D6C504B01021400140006080800B670623B70102A487D0000009D0000000B00000000000000000000000000B30400006662782F636E782E786D6C504B01021400140006080800B6
310
70623B3610CA3329010000120200003100000000000000000000000000590500006662782F42384135303843342D343331462D343546312D424341352D3532343432364645413344462F636F72652E786D6C504B01021400140006080800B670623B1B8617914E010000330300003000000000000000000000000000D10600
310
006662782F42384135303843342D343331462D343546312D424341352D3532343432364645413344462F636E782E786D6C504B01021400140006080800B670623BBFEF2E3B690500003C10000034000000000000000000000000006D0800006662782F42384135303843342D343331462D343546312D424341352D35323434
310
32364645413344462F6F626A656374732E786D6C504B01021400140006080000B670623B0000000000000000000000003500000000000000000000000000280E00006662782F42384135303843342D343331462D343546312D424341352D3532343432364645413344462F76657274696365732E62696E504B010214001400
310
06080800B670623BF270F133060000000400000036000000000000000000000000007B0E00006662782F42384135303843342D343331462D343546312D424341352D3532343432364645413344462F747269616E676C65732E62696E504B01021400140006080000B670623B00000000000000000000000037000000000000
310
00000000000000D50E00006662782F42384135303843342D343331462D343546312D424341352D3532343432364645413344462F617474726962757465732E62696E504B01021400140006080800B670623B08DA0BD1900000004101000036000000000000000000000000002A0F00006662782F42384135303843342D3433
310
31462D343546312D424341352D3532343432364645413344462F6469726563746F72792E786D6C504B01021400140006080800B670623B3B4606F3FE000000A00100003B000000000000000000000000000E1000006662782F42384135303843342D343331462D343546312D424341352D3532343432364645413344462F72
310
65736F75726365732F636F72652E786D6C504B0506000000000E000E0080040000651100000000
  0
XRECORD
  5
F0A
102
{ACAD_REACTORS
330
186
102
}
330
186
100
AcDbXrecord
280
     1
102
MATERIAL
148
0.0
149
0.0
149
0.0
 93
        0
 94
       63
282
     0
 72
     1
 77
     1
171
     1
175
     1
179
     1
273
     0
  0
XRECORD
  5
187
102
{ACAD_REACTORS
330
186
102
}
330
186
100
AcDbXrecord
280
     1
 70
     1
 90
429727718
  1
887D55A9-D0DD-414E-B741-A7DCD4DA2B4C
310
504B03040A0000080000B670623B3DEE336E79000000790000001B0000006175746F6465736B2D64657369676E2D7061636B6167652E786D6C3C3F786D6C2076657273696F6E3D22312E302220656E636F64696E673D227574662D3822203F3E3C666F726D6174733E3C666F726D61743E687474703A2F2F736368656D612E
310
6175746F6465736B2E636F6D2F64657369676E2D7061636B6167652F323030393C2F666F726D61743E3C2F666F726D6174733E504B0304140006080800B670623BD486FD9CA0000000F4000000130000005B436F6E74656E745F54797065735D2E786D6C7D8EC10E82300C865F65E91D8A1E8C310C0EEA1BF002731658846E
310
D98AC1B77784ABF1D8FE5FBFBF75BBCE937A534CCEB38643598122B6FEE978D0B0485F9C41B54DDD7D022595594E1A469170414C76A4D9A4D207E29CF43ECE46F218070CC6BECC4078ACAA135ACF422C856C0E68EA1BF5669944DDD7BCDE7B1F8E415D77AECB980613C2E4AC91FC167A2B244592486606FC29C8FD7F045B9A
310
EF7053A7E60B504B0304140006080800B670623BBC1638F5EC0000007C01000008000000636F72652E786D6C8D90416EC3201045AF82665B61836BE2D8C24471DB9CA01740401C94182C03558F5F9C3852BBEB6A467FFE9B197D7EF89E6EE8CB2CC17AD7032D0820E394D7D68D3DA478C67B4007C117EFE32F1B202727D3C3
310
2A83E0E3E2D3BC49CABB685CCCAAF3DA6CA20CC14440EA969B1E82BA98491632C5EC08D76296EA2A4753D06797E194AC468F2356E77DF66CCD02825543D50CACC62D39ED70FDC68EB8FD68F6F8787A6784342D1DDA1D2F5758F068A7E77DB518198D065111D2624A31A93E69DD11D6D5EC85EC3B4278B9DAFF4069D6FF8492
310
75F1B5DADE7D600104CD8FDC0782976B16B9DC83CA75CD4DFC00504B0304140006080800B670623B55019EA25F0000007C00000007000000636E782E786D6C4DCB3B0E80201045D1AD90E915ED2CF8AC45050C11660C8261F98AB1B07AC9C97D42D718D865D3E909258CFD00CCE24AC6E326A164D74DC0B4128928FF326038
310
472BA13128B1252AC747C6BAB984FC68F0B87FE8960A5C09FE86CFB69FBA01504B0304140006080800B670623B3586FFB671010000D40300000C0000006662782F636F72652E786D6CC553ED6E8320147D15C2DF4541A76D6D90A6DDD627D80B50A4CE54C120983EFEAE1F4DD7A55BBA5FF3879273EEE59E7310B6393735EA
310
95ED2AA3731C851423A5A5292A5DE6D8BB63B0C268C39935C67D29C3488B46E578803167A535BE9D2169B453DA01AA4DA16650749D7218C91A1639EEE4876A4428BC838AEE14B6429E44A9C228041AEA38EB9C0501681A32BC313F1ECE8C4C3867DE57C5CC56054CAB8E95B298A7F12E5EEED224C8E87E11242FE936C8DE96
310
AB60BB7F4D295D66D12E5B30323473E6AAE6A24E5A259C2A308F29CD82280A68FC1E256B9AAE93F489AED694323294DF34F9B678B0C957DA3DC7B3DCA9ADC33C022123F1CD2D44E450277AD04338234388F01913BE0D1A0281909D38D4171F27807A259DB1093085F157AA17B557309586747CD0CF0B46A64E983A6E0EAEEF
310
CE881F9EF1FB8E70D44297604238581EBC1B74B249C31C5AAB6CD0BB33D2C636A27ECCC62F0EFF445DC5DF95244D6DEC7F2922F30191F9F720C37DE49F504B0304140006080800B670623B4220A0FF7D0000009D0000000B0000006662782F636E782E786D6C4DCCD10A83201886E15B91FFDCE542CB0335D0EC3E6259C84A
310
C3E9D8E5AF46073BFAE0E1E315DD675BD1DBA5978F41C2FD4600B9F088930F8B849267CC01754AA418F3DF0D50183727E164506249B1EC174D6E1ECB9A0F5D7D785E68DB8151CD286E5A5363CA6B8A39E90D36D40E96B086F55A43A544F52B1D7B86D517504B0304140006080800B670623B2FA3FEDE290100001202000031
310
0000006662782F45374635344235342D363743322D343832342D383044432D4334454645303536354442422F636F72652E786D6C8D515B6EC32010BC0AE22B55850D2E386E848994D7097A0117488A1283C5A3CAF10BB523B57FF961D1ECCCECC0F2ED7DBC816FED8371B687A4C210682B9D32F6D2C314CFA883602BB8772E
310
FEA141608751F7B0C050F08B77695A20E96CD43666D43AA5177008414708E42D5F7A18E4971E876A483133C2B59A06791D2EBA22556E679EE021FA1C00CC43CA09C5717D6274C7286AD7FB06D1AEA1A8C3873DDAD3E3E98859CB0EBB1DAF67A1E02919B5C88DCA71CCD968FFAC49110B1ECDF8882FBD1EA256503418BF2342
310
106E3E08DD60B6A1EC15771B8C795DE8FF4469524F8A92B1F1AD59E2CEB20005E1F5DC105CB9F4797B84D1F7C9F908CABC55D0F2050A5C61CC1AD2F27A26E6E767C7962E8E213A9FBF7775FDCC5CC266DB960A5E970DE5F2BBBE5CCB36C50F504B0304140006080800B670623B1B8617914E01000033030000300000006662
310
782F45374635344235342D363743322D343832342D383044432D4334454645303536354442422F636E782E786D6CD593C16EC32010447F0571AD6CE3D489D20813A9877E410FBD62D82434182CC055F3F75D1292E692438FBD206B7698593D61BEFD1E2DF982108D773D6D6B460938E5B571FB9ECE6957AD29D90A1EBC4F77
310
364A9C1CA1A759A682EF839FA72269D8C9D92654AD71C72206887E0E0A22CAF926B15E498B01E0AA19451807D01A34B919F16B070157417138917400F2F6FA41FCF0092A45DEE414C19BDC21783E4BD39D891265658C3D8DEA00A3ACE59CBC8678ACB54CB26EEB6BD7839D7E9348BE70AD9C8321B9BCA7F9A4A26C542347DE
310
E050F09802D22BA6749A800A394DD62899107273365E3C82CFC6A55557BC06C10774B7ABE7AEC3B0F34CF06446280E154026D0542C187BA9DAB6628BF7B6DBB0E5A65B3EB1F58631DE64BBE083F7B65CC218087E22CABB042E51D1F2268F1FE12B3EA24D40D63E9CFE00120194D60B9D5BC67FE6D39CDF37E20AF817881F50
310
4B0304140006080800B670623B29652116630500003C100000340000006662782F45374635344235342D363743322D343832342D383044432D4334454645303536354442422F6F626A656374732E786D6CAD575D739B3814FD2B0CFB0C989834C90EA1639B24E3E9A6EDD4D3CE3E64C623834CD8006224913AFDF57B040203
310
B65BEF871F0C12D2FD3CF7E8CA7FBFCB33E3957291B2E2D674ED8969D02262715A24B76625B7D6B569BC0F7CCE98EC2D338D82E4F4D654D366E0279C55A59E8AE99654991CCDDECFFF3444440B6A1A514684B83545F44C7362934AB2988A173B2692D8C97667BB76B3702836E1A47C1E092D09A78584A5982F20C5688C7287
310
C389E904BEA3BE07BEFAD7ABA6A75739B53F43FD69212429A20365233153D70BEF2E2E6FAC4BCF9B5ADEBB0BD79ADFCF43CBBD9A4E16EF168B9BD9DD0D140BC921495BC2E9D60C1E101B9E46BED37CEA2CD6861F3329624541A3DA7F7858DBAC25C6B4A4458C3CA654405BCFEBC970E8AAD8F43E4FD558ABEC4F9FE7557F47
310
4F506B7BFBEC5BCA367FC105710E2AB8A00A554D7CB4A30DFE26FBA86D18CBF4B75418399194A72433B274C3097F33032C554B027F2046A1932B842B0FCCC0DDCBEBDB8AD2F835768F59B9ADB24C41D30C6A64AF817F2A456D59FA83F2E3DA60137255A585BCD60EC9B7929AC18DEFD49381AF1ED30BFDB109A4B1CD488294
310
C3CDE6EBC8D185AABD6568061FEE37BB95AAC7E3CA4BCE4ACAA5820FA0D526AE7DAA2869B5EE5999531BE0CC20E6FBA07C41E43FA27CF7A6206F3CDD793B4F6B919C1462CB788EDCD893FA674CDA17AB7B3B7C019F8D561FAEE966FED562DFE98C1D12C6A9FC015C2A35D7FF3D7FC398F591DA4B5FE0BFA2C0189FEA50AE22
310
92817A1ED3020951A03432862970F976B33383259812CC8E5D240BBA801CBCF8CE2BBEE3BF910DB6AAD5F79E05123AE2DB33981FB1ACCB02B69D00CB014FD68AB573A7627EF9BFD4CC2C5C7D58557C4B22FAA88925A4DBB44825CECE3D78FB060D1231F0E885BE7D673C86A3874958F593906B5502D1563157814FDAC3420D
310
F69A070A22EC4B98E23CFF171A1E5311D12C23056555ABA53B8614563B92D17D02AAB009E8F46284624E5F53D5490C560CCCC2591FF1B45421EB0EBD8EA7ED13BE7C5D7E0428CD60FEF60779EB13E6664FF711CB185F6FDED60D139A001FF60CD1FD6D086F1D51474901E26B2CB794A343BC8ED3EDB612E0DD2351FCB65CF4
310
33D511C9E14B5B40ADC6A6263DB0336A8F700DDF56271A024E70B0B3629DE21847591E55DED73D56206AB927E46FAABC5C939C55853C274C93D69FD6FA4E78BF8B11DF898C9ECD60553FAD39283BA6F18984AA23E8884F83F45C5F5F859797B31B2B9C84A1E5B9DE9D35BFF25C6B76152E422F9C5DCC3D847F5801ED09D5AF
310
41441327A25FF15487F9EB725FB666F048A4701E9A827292E6F97569A32DF61DEC01C0BB8DCBBCCC684E0B49147C1FD54BF685A0AB18C868E6973949E819523E3DAC463660E68C7D9F55A9D1EFA3BD7A76A16AE1A810F95CE59B82A4D968A376DC2E8B44BBDD86B27B368CDE0ED548C7137DA860591A83706223A12CA712B4
310
7306DBF39C0A20A6DF95C7FAF670C6EED7A61F946493D1D6926782963813403548A78AE470DEF80D2D9CEAA26E4D1C76F60BFE74219A06527D6B82DF641A51616F703CAAC6A7160E08A00BEB4810A0274592A1B36E3675E36E978A0DE80727A0D6DF2D39A75BD27E0D8837276589537B40ABB56D5A41F48F1C6FCD3188C4EB
310
A6929D2FFB89CE995A4D00AE813BDD032DC48B56BD437DFDDC2DD7AED70C2272D63DE9A72068A45A92F0A4BE17A8A06B9366E16707AD80B1FC649459952097E74BB23805982B55E0401150A165964402AA8BDF9F3E7386BB686EDCA780C0D382E5392BF460A6EFB2C6EA1937D3F809B440D5F5435C4C5CF7A9EEFAF54564BD
310
2182DA24162F98680B4E7930C21A0079709CEAEB99A372305ABE0C0D7D6078105A83F6A0296DAEE1068A47DD1C55A9F4C9B2FC69E3EFD44B81028E963DF81B504B0304140006080000B670623B000000000000000000000000350000006662782F45374635344235342D363743322D343832342D383044432D433445464530
310
3536354442422F76657274696365732E62696E504B0304140006080800B670623BF270F1330600000004000000360000006662782F45374635344235342D363743322D343832342D383044432D4334454645303536354442422F747269616E676C65732E62696E636660600000504B0304140006080000B670623B00000000
310
0000000000000000370000006662782F45374635344235342D363743322D343832342D383044432D4334454645303536354442422F617474726962757465732E62696E504B0304140006080800B670623B08DA0BD19000000041010000360000006662782F45374635344235342D363743322D343832342D383044432D4334
310
454645303536354442422F6469726563746F72792E786D6C858F410AC3201045AF22B36F53E9A60B35CBEEBAE80D244E44489C6234F4F835464A48035D0DF398FF9F8AF63D0E6CC63039F212F8F9020C7D47C6792B21C5FE7403D62A1188E2E60C98D7234A5830286103A55745067B9D86B8A3CF9C7F90C11DE607FB144396
310
D7B6A82D282E9A152AD114D5EF2CB866EEE831B8EEA07A7BB5A8D7D61A2BAAEB7FD5F70921FF497D00504B0304140006080800B670623B6378F24DFF000000A00100003B0000006662782F45374635344235342D363743322D343832342D383044432D4334454645303536354442422F7265736F75726365732F636F72652E
310
786D6C8D504B6E833010BD0A9A6D65B0094E42641C85B639412F6099496225D8C89FAAC7AF09546A77DDCC8CDE47F3F4C4F16B7C149FE88371B603565228D06A37187BED20C50BD9437194C23B177FC9A0B06AC40E6618A4B87A97A615D2CE46B431A3D60DB8822A048C50E8473E3A08FA86A32A558A5911EEE5A4F45D5DB1
310
6465A6B34E8A107D0E502C4FE609D26370C96B0CA25A58295232C3AA3143FE692E063D485EF7F5AEE71BD2D2F39634AFFC44DAF7DD9E9CCE6F9CD25DCBFA762BAAD92C4534E34F46ED51451C40D694B6843142EB0FD61C283F34FC85EE0F948A6A96FF31A569F8A729191B37F51A77B105902C0779125254735F793DCBCC7B
310
EE567E03504B010214000A0000080000B670623B3DEE336E79000000790000001B00000000000000000000000000000000006175746F6465736B2D64657369676E2D7061636B6167652E786D6C504B01021400140006080800B670623BD486FD9CA0000000F40000001300000000000000000000000000B20000005B436F6E
310
74656E745F54797065735D2E786D6C504B01021400140006080800B670623BBC1638F5EC0000007C010000080000000000000000000000000083010000636F72652E786D6C504B01021400140006080800B670623B55019EA25F0000007C000000070000000000000000000000000095020000636E782E786D6C504B010214
310
00140006080800B670623B3586FFB671010000D40300000C00000000000000000000000000190300006662782F636F72652E786D6C504B01021400140006080800B670623B4220A0FF7D0000009D0000000B00000000000000000000000000B40400006662782F636E782E786D6C504B01021400140006080800B670623B2F
310
A3FEDE290100001202000031000000000000000000000000005A0500006662782F45374635344235342D363743322D343832342D383044432D4334454645303536354442422F636F72652E786D6C504B01021400140006080800B670623B1B8617914E010000330300003000000000000000000000000000D2060000666278
310
2F45374635344235342D363743322D343832342D383044432D4334454645303536354442422F636E782E786D6C504B01021400140006080800B670623B29652116630500003C10000034000000000000000000000000006E0800006662782F45374635344235342D363743322D343832342D383044432D4334454645303536
310
354442422F6F626A656374732E786D6C504B01021400140006080000B670623B0000000000000000000000003500000000000000000000000000230E00006662782F45374635344235342D363743322D343832342D383044432D4334454645303536354442422F76657274696365732E62696E504B01021400140006080800
310
B670623BF270F13306000000040000003600000000000000000000000000760E00006662782F45374635344235342D363743322D343832342D383044432D4334454645303536354442422F747269616E676C65732E62696E504B01021400140006080000B670623B0000000000000000000000003700000000000000000000
310
000000D00E00006662782F45374635344235342D363743322D343832342D383044432D4334454645303536354442422F617474726962757465732E62696E504B01021400140006080800B670623B08DA0BD190000000410100003600000000000000000000000000250F00006662782F45374635344235342D363743322D34
310
3832342D383044432D4334454645303536354442422F6469726563746F72792E786D6C504B01021400140006080800B670623B6378F24DFF000000A00100003B00000000000000000000000000091000006662782F45374635344235342D363743322D343832342D383044432D4334454645303536354442422F7265736F75
310
726365732F636F72652E786D6C504B0506000000000E000E0080040000611100000000
  0
XRECORD
  5
F0C
102
{ACAD_REACTORS
330
110
102
}
330
110
100
AcDbXrecord
280
     1
102
MATERIAL
148
0.0
149
0.0
149
0.0
 93
        0
 94
       63
282
     0
 72
     1
 77
     1
171
     1
175
     1
179
     1
273
     0
  0
XRECORD
  5
112
102
{ACAD_REACTORS
330
110
102
}
330
110
100
AcDbXrecord
280
     1
270
     1
271
     1
  0
XRECORD
  5
111
102
{ACAD_REACTORS
330
110
102
}
330
110
100
AcDbXrecord
280
     1
270
     1
271
     1
  0
XRECORD
  5
18A
102
{ACAD_REACTORS
330
110
102
}
330
110
100
AcDbXrecord
280
     1
 70
     0
 90
1778669749
  1
9BF507EE-FAF7-4A99-A33D-4EE51894BC40
310
504B03040A0000080000B670623B3DEE336E79000000790000001B0000006175746F6465736B2D64657369676E2D7061636B6167652E786D6C3C3F786D6C2076657273696F6E3D22312E302220656E636F64696E673D227574662D3822203F3E3C666F726D6174733E3C666F726D61743E687474703A2F2F736368656D612E
310
6175746F6465736B2E636F6D2F64657369676E2D7061636B6167652F323030393C2F666F726D61743E3C2F666F726D6174733E504B0304140006080800B670623BD486FD9CA0000000F4000000130000005B436F6E74656E745F54797065735D2E786D6C7D8EC10E82300C865F65E91D8A1E8C310C0EEA1BF002731658846E
310
D98AC1B77784ABF1D8FE5FBFBF75BBCE937A534CCEB38643598122B6FEE978D0B0485F9C41B54DDD7D022595594E1A469170414C76A4D9A4D207E29CF43ECE46F218070CC6BECC4078ACAA135ACF422C856C0E68EA1BF5669944DDD7BCDE7B1F8E415D77AECB980613C2E4AC91FC167A2B244592486606FC29C8FD7F045B9A
310
EF7053A7E60B504B0304140006080800B670623BCA089DFFEC0000007C01000008000000636F72652E786D6C8D90416E83301045AF62CDB632D8402020E32882F604BD80653BC44AB011B6AB1EBF262152BBEB6A467FFE9B197D76FA9EEFE84BAFDE38DB03CD08206DA553C64E3DC470C1474027CE56E7C22F1B202B66DDC3
310
260367D3EAE2B24BD2D9A06D48AA754AEFA2F05E0740F29E9A1EBCBCEA59642286E4F0B76C11F226269DD15797E0188D42CF2346A57DE662F40ABCAEC77628C6120F654571D50C04B7F5B9C1E3997CD4F550BE3745C3F20DE62C98F9755FAE5A04AD801784B498524C8A4F5A75E4D055873772EC0861F966FF03C545FD138A
310
C686B2D8DF7D621E384D8F3C069CE55B16A93C824A75CB8DFF00504B0304140006080800B670623B55019EA25F0000007C00000007000000636E782E786D6C4DCB3B0E80201045D1AD90E915ED2CF8AC45050C11660C8261F98AB1B07AC9C97D42D718D865D3E909258CFD00CCE24AC6E326A164D74DC0B4128928FF326038
310
472BA13128B1252AC747C6BAB984FC68F0B87FE8960A5C09FE86CFB69FBA01504B0304140006080800B670623B68FC0B7272010000D40300000C0000006662782F636F72652E786D6CC5535B6E833010BC8AE5DF0A6C1E8124328E22D29EA01770C0A128602363A31CBFCB234A53A555FA553EC09AD9F5CE8C31DB5DDA060D
310
D2F4B556190E7C8A9154852E6B5565D8D993B7C668C799D1DA7E29C3488956667884316795D1AE5BA0422B2B950554E9522EA0E87B69312A1A5864B82F3E642B7CE12C54F467BF13C55954D20F7CA0A18EB3DE1A1080E621E31BF3D3F1C2C88C73E65C5D2E6C5DC2B4FA544B8379921C36797888BC3C8A032F4E73EA6D927D
310
EA1DF6F42D49F2E8350D5346C666CE6CDD5ED515460A2B4BCC434A375E1078347C0FE22D5D6DE3D50B5D6F2965642CBF6B725DF96493AB958DC245EEDCD6631E809089F8E61622B2A81703E8219C913144F84C09DF070D8140C8561C9BAB8F3340832CAC363130A576376A108D933095FA747AD0CF0B46E64E983A6D0EAE1F
310
CE089F9EF1FB8E70D44255604258581E9D1D75B259C3125A278D37D80B52DAB4A279CEC62F0EFF44DDC43F9454E8469BFF5244960322CBEF41C6FBC83F01504B0304140006080800B670623B0F71DDB67E0000009D0000000B0000006662782F636E782E786D6C4DCCD10A83201886E15B91FFDCA54DB73F502386BB8F5816
310
32D3703976F9ABD1C18E3E78F87855FB990379BBFCF2296AE02706C4C5471A7C9C349475A408A4352AA7B4FEDD80C47E761A7606A3A69CCA72D0E0C6BE8475D3E0E3F3409428EA6B27A84079A782899AA2EC1A7AE3ECCC2FD858CB2D544655BFD2B67BD87C01504B0304140006080800B670623BE134B4FB28010000120200
310
00310000006662782F38353834323741342D343835462D343034322D383541392D4331303331363839454531452F636F72652E786D6C8D515B6EC32010BC0AE22B55850D0EA424C24451959EA0172086A42831583CAA1CBF503B52FB971F16CDCECC0EACD8DFC71BF836215AEF7A481A0C817183D7D65D7A98D3197108F652
310
04EFD31F1A044E8DA6871586525C82CFD3020DDE25E352419DD76601558C264130DCCAA58771F832A36A544E8511AFCDA486ABBA988634A55D7852C4144A00300FA927949C71DABD1D28A29C7D208A6987383B6CD13BC16BB2E1DBE3911C453B0BA5C8D9EA456E758963CFD684674DAA588A64C747FC2118958C86B2C3788B
310
0841B8FB247487D98EB257CC77188BB6D2FF89F2A49F1465EBD2BA5BE2CEB2082511EDDC9042FB7CBA3DC298FBE4430275DE2A9AE1054ADC60CC08E3A29D89E5F9C5714317C7987C28DFBBBA9E0A97B0D97643A568EB864AF95D5FA9759BF207504B0304140006080800B670623B1B8617914E010000330300003000000066
310
62782F38353834323741342D343835462D343034322D383541392D4331303331363839454531452F636E782E786D6CD593C16EC32010447F0571AD6CE3D489D20813A9877E410FBD62D82434182CC055F3F75D1292E692438FBD206B7698593D61BEFD1E2DF982108D773D6D6B460938E5B571FB9ECE6957AD29D90A1EBC4F
310
77364A9C1CA1A759A682EF839FA72269D8C9D92654AD71C72206887E0E0A22CAF926B15E498B01E0AA19451807D01A34B919F16B070157417138917400F2F6FA41FCF0092A45DEE414C19BDC21783E4BD39D891265658C3D8DEA00A3ACE59CBC8678ACB54CB26EEB6BD7839D7E9348BE70AD9C8321B9BCA7F9A4A26C542347
310
DEE050F09802D22BA6749A800A394DD62899107273365E3C82CFC6A55557BC06C10774B7ABE7AEC3B0F34CF06446280E154026D0542C187BA9DAB6628BF7B6DBB0E5A65B3EB1F58631DE64BBE083F7B65CC218087E22CABB042E51D1F2268F1FE12B3EA24D40D63E9CFE00120194D60B9D5BC67FE6D39CDF37E20AF817881F
310
504B0304140006080800B670623B5933D422630500003B100000340000006662782F38353834323741342D343835462D343034322D383541392D4331303331363839454531452F6F626A656374732E786D6CAD575B6FA33814FE2B887D0642934E9B156594264D158D3A534DD4D13E548A0C38942D60649B4EBABF7E3F8321
310
40924EF6928780CDF1B97EE762EFF32E4B8D37CA45C2F21BD3B547A641F39045491EDF98A5DC5AD7A6F1D9F73863B243661A39C9E88DA9B64DDF8B392B0BBD15D12D295339D85DDEFE618890E6D434C2940871638AF08566C426A5641115AF764424B1E3EDCE76ED9AB0CF36E6A47819302D08A7B984A6D8CFC1C5A89572FB
310
CB91E9F89EA3BEFB9EFAD754E3D3544E654F5F7E920B49F2F040D880CDD89D2CEE2E2EA7D6E56432B6269F2E5CEB7679BBB0DCABF168FE693E9FCEEEA6102C240727AD09A75BD3BF876F78127A4EFDA9D5582B7E4CA590E5390D2BFB6161A5B3E618D182E611E2985001691DAB47FDA5AB7CD3F93C566B2DB2BB7D9E55DD13
310
1D468DEECDB3AB290BFE8409E21C54704115AA6AFF68436BFC8DF65E0B184BF5B74418199194272435D224E084BF9B3E481589EFF5D828747285706581E9BB7B7E5D5D911ABFC6EE312DB7659A2A689A7E85EC0DF04FA5A8344BFEA2FCB834E8845895492EAFB541F2BDA0A63FF59C6AD3F7D4637CA13FD68E34B629891172
310
98597F1D183A57B9B75A98FE9765B05BAB7C3C2EBCE0ACA05C2AF8005A4DE09AA7F29216EB9E15397500C6F47CBE77CA7778FE2BD277AF0AE2C693DD6437D1522427B9D8329E2136F6A8FA19A3E6C56ADF0E5F50CF06D48734EDCEBF22F69C56D97EC138153F804B85E6FABFC7AFEFB32E523BE1F3BD372418E363EDCA7548
310
52949E8724474014288D94610BB57C1BEC4C7F854A89CA8E5324F55B871CBC78CE1BBEE3BFE68D6A5589EF3C730474506FCFA8FCF0659516D0ED04580EEA6425581B77CAE797FF4BCECC16EB2FEB926F49481F746159D06D922712BD730FDEAE42BD40F42C7AA5EF3F198F60E86110D6DD20645A9480B795CF95E3E3A659A8
310
C55E724F408873315335CFFB8584874484344D494E59D94869DB90C26A5B64F49C802CAC1D3ABE18A098D3B7444D123D8A9E5AE8F5214F0AE5B2B6E9B575DA3E61CBD3EA2B4009FA940524DD1305FB6A1FB294F14DF0BEA90BA109ECE1481FDC3FFAE8D60E75141700BE82725371B4873751B2DD960265F788137FACE6DD40
310
B575E4F0A5C99F46629D92131467A41EE11ABD8D4CCC039CA0AFB37C93A08B232B8F0AEFCA1E0A1015DF13FC83322B362463652ECF71D3A8B1A7D1BE65DE1D62C44F22C317D35F574FEB16153BA2D13E543D10A80E74C4A65E78A6B7CBCBD1D5DD9DB59C2DAFACC96C3AB566E3F1C29ADCDD5DBAD7D3C9ED7C822ED74F80A6
310
41755310DE4443F44A9E68373FADF6596BFA0F440AE7BECE2727AE9F4F2B1B53B1E7E00CF0DD1E5C65454A339A4BA2D0FBA05ED2EF0443458F47BDBFCA484CCFE0F2ED7E3DD0013B679C7B5499467F0ECEEADDB9CA85A34CE44B99053949D2C1416DB85DE4B136BB7165FBAC0B7AB3542BED4F8CA182A549847A1319316519
310
95A83A67147B9E5101C47487F2485F1ECE38FD568F839204296D3479219888530154036E6528FBFBC66F98E0D4107563A2D7D9AFF8D389681A08F58D89F22693900A3B407754734FC51C10C010D6D640809EE4718AC1BA3ED4AEDB53CA37283F68805A7E4B72CEB0A4EDEAD5DD8C14059A76AFAA56BA6901E13F32BC51C720
310
12AF41295B5BF61BAD3195181FB506E6B40F4C10AF5AF40EF9F5B159AE5DD1F43C72D635E94310D45C2D49785C5D0B94D3B54AB3C5A38349C0587D338AB48C11CBF339599C02CCA54A70A008A8D03C0B2201D5F9EFCF8F9CE12A9A19CB0410789EB32C63B95ECCF455D658BFE0621A3DA32C5075FB101723D77DAE867E7D0F
310
D90444509B44E2151B4DC2290B065803200FBAA9BE9D392A0603F2D5C2D00D6302A615680F66D2FA166E2079D4C551A54AB758161FCEFD4E450A14704CECFEDF504B0304140006080000B670623B000000000000000000000000350000006662782F38353834323741342D343835462D343034322D383541392D4331303331
310
363839454531452F76657274696365732E62696E504B0304140006080800B670623BF270F1330600000004000000360000006662782F38353834323741342D343835462D343034322D383541392D4331303331363839454531452F747269616E676C65732E62696E636660600000504B0304140006080000B670623B000000
310
000000000000000000370000006662782F38353834323741342D343835462D343034322D383541392D4331303331363839454531452F617474726962757465732E62696E504B0304140006080800B670623B08DA0BD19000000041010000360000006662782F38353834323741342D343835462D343034322D383541392D43
310
31303331363839454531452F6469726563746F72792E786D6C858F410AC3201045AF22B36F53E9A60B35CBEEBAE80D244E44489C6234F4F835464A48035D0DF398FF9F8AF63D0E6CC63039F212F8F9020C7D47C6792B21C5FE7403D62A1188E2E60C98D7234A5830286103A55745067B9D86B8A3CF9C7F90C11DE607FB1443
310
96D7B6A82D282E9A152AD114D5EF2CB866EEE831B8EEA07A7BB5A8D7D61A2BAAEB7FD5F70921FF497D00504B0304140006080800B670623BD9A3B367FE000000A00100003B0000006662782F38353834323741342D343835462D343034322D383541392D4331303331363839454531452F7265736F75726365732F636F7265
310
2E786D6C8D504B6E833010BD0A9A6D65B01D0201194711694FD00B586642AD043BF2A7EAF16B122AB5BB6E6646EFA3797AE2F8B5DC8A4FF4C1383B002B291468B59B8C9D0748F1420E501CA5F0CEC55F3228AC5A708015062966EFD27D83B4B3116DCCA875136EA00A012314FA968F0182FEC045952AC5AC08D7F2AEF455CD
310
58B232D3592745883E07289E4FD609D26370C96B0CA27AB252A464A64D63A6FCD35C0C7A904D73EE467EE664DCD58CD4ED4849D79C5A723ED1B7A61977AF2D6F45B59AA58866F9C9A83DAA8813484E6947182394BFB3BAA7FBBEDEBFD0434FA9A856F91F53BA4FFF342563E38E6F719FB60092E5200F428A6AED2BAF479979
310
AFDDCA6F504B010214000A0000080000B670623B3DEE336E79000000790000001B00000000000000000000000000000000006175746F6465736B2D64657369676E2D7061636B6167652E786D6C504B01021400140006080800B670623BD486FD9CA0000000F40000001300000000000000000000000000B20000005B436F6E
310
74656E745F54797065735D2E786D6C504B01021400140006080800B670623BCA089DFFEC0000007C010000080000000000000000000000000083010000636F72652E786D6C504B01021400140006080800B670623B55019EA25F0000007C000000070000000000000000000000000095020000636E782E786D6C504B010214
310
00140006080800B670623B68FC0B7272010000D40300000C00000000000000000000000000190300006662782F636F72652E786D6C504B01021400140006080800B670623B0F71DDB67E0000009D0000000B00000000000000000000000000B50400006662782F636E782E786D6C504B01021400140006080800B670623BE1
310
34B4FB280100001202000031000000000000000000000000005C0500006662782F38353834323741342D343835462D343034322D383541392D4331303331363839454531452F636F72652E786D6C504B01021400140006080800B670623B1B8617914E010000330300003000000000000000000000000000D3060000666278
310
2F38353834323741342D343835462D343034322D383541392D4331303331363839454531452F636E782E786D6C504B01021400140006080800B670623B5933D422630500003B10000034000000000000000000000000006F0800006662782F38353834323741342D343835462D343034322D383541392D4331303331363839
310
454531452F6F626A656374732E786D6C504B01021400140006080000B670623B0000000000000000000000003500000000000000000000000000240E00006662782F38353834323741342D343835462D343034322D383541392D4331303331363839454531452F76657274696365732E62696E504B01021400140006080800
310
B670623BF270F13306000000040000003600000000000000000000000000770E00006662782F38353834323741342D343835462D343034322D383541392D4331303331363839454531452F747269616E676C65732E62696E504B01021400140006080000B670623B0000000000000000000000003700000000000000000000
310
000000D10E00006662782F38353834323741342D343835462D343034322D383541392D4331303331363839454531452F617474726962757465732E62696E504B01021400140006080800B670623B08DA0BD190000000410100003600000000000000000000000000260F00006662782F38353834323741342D343835462D34
310
3034322D383541392D4331303331363839454531452F6469726563746F72792E786D6C504B01021400140006080800B670623BD9A3B367FE000000A00100003B000000000000000000000000000A1000006662782F38353834323741342D343835462D343034322D383541392D4331303331363839454531452F7265736F75
310
726365732F636F72652E786D6C504B0506000000000E000E0080040000611100000000
  0
XRECORD
  5
113
102
{ACAD_REACTORS
330
110
102
}
330
110
100
AcDbXrecord
280
     1
270
     1
271
     1
  0
XRECORD
  5
114
102
{ACAD_REACTORS
330
110
102
}
330
110
100
AcDbXrecord
280
     1
270
     1
271
     1
  0
DICTIONARY
  5
2CD
102
{ACAD_REACTORS
330
2CC
102
}
330
2CC
100
AcDbDictionary
280
     1
281
     1
  3
TEXT
360
2CE
  0
XRECORD
  5
F45
102
{ACAD_REACTORS
330
2CC
102
}
330
2CC
100
AcDbXrecord
280
     1
102
DISPLAYNAME
  1
ASME Y14.3 - 2003(1)
102
FLAGS
 90
        0
  0
XRECORD
  5
F3E
102
{ACAD_REACTORS
330
F3D
102
}
330
F3D
100
AcDbXrecord
280
     1
102
DISPLAYNAME
  1
Imperial24
102
FLAGS
 90
        0
  0
XRECORD
  5
F47
102
{ACAD_REACTORS
330
F46
102
}
330
F46
100
AcDbXrecord
280
     1
102
DISPLAYNAME
  1
Metric50
102
FLAGS
 90
        0
  0
CELLSTYLEMAP
  5
EFA
102
{ACAD_REACTORS
330
104
102
}
330
104
100
AcDbCellStyleMap
 90
        3
300
CELLSTYLE
  1
TABLEFORMAT_BEGIN
 90
        5
170
     1
 91
        0
 92
    32768
 62
   257
 93
        1
300
CONTENTFORMAT
  1
CONTENTFORMAT_BEGIN
 90
        0
 91
        0
 92
      512
 93
        0
300

 40
0.0
140
1.0
 94
        5
 62
     0
340
11
144
0.25
309
CONTENTFORMAT_END
171
     1
301
MARGIN
  1
CELLMARGIN_BEGIN
 40
0.06
 40
0.06
 40
0.06
 40
0.06
 40
0.18
 40
0.18
309
CELLMARGIN_END
 94
        6
 95
        1
302
GRIDFORMAT
  1
GRIDFORMAT_BEGIN
 90
        0
 91
        1
 62
     0
 92
       -2
340
0
 93
        0
 40
0.045
309
GRIDFORMAT_END
 95
        2
302
GRIDFORMAT
  1
GRIDFORMAT_BEGIN
 90
        0
 91
        1
 62
     0
 92
       -2
340
0
 93
        0
 40
0.045
309
GRIDFORMAT_END
 95
        4
302
GRIDFORMAT
  1
GRIDFORMAT_BEGIN
 90
        0
 91
        1
 62
     0
 92
       -2
340
0
 93
        0
 40
0.045
309
GRIDFORMAT_END
 95
        8
302
GRIDFORMAT
  1
GRIDFORMAT_BEGIN
 90
        0
 91
        1
 62
     0
 92
       -2
340
0
 93
        0
 40
0.045
309
GRIDFORMAT_END
 95
       16
302
GRIDFORMAT
  1
GRIDFORMAT_BEGIN
 90
        0
 91
        1
 62
     0
 92
       -2
340
0
 93
        0
 40
0.045
309
GRIDFORMAT_END
 95
       32
302
GRIDFORMAT
  1
GRIDFORMAT_BEGIN
 90
        0
 91
        1
 62
     0
 92
       -2
340
0
 93
        0
 40
0.045
309
GRIDFORMAT_END
309
TABLEFORMAT_END
  1
CELLSTYLE_BEGIN
 90
        1
 91
        1
300
_TITLE
309
CELLSTYLE_END
300
CELLSTYLE
  1
TABLEFORMAT_BEGIN
 90
        5
170
     1
 91
        0
 92
        0
 62
   257
 93
        1
300
CONTENTFORMAT
  1
CONTENTFORMAT_BEGIN
 90
        0
 91
        0
 92
      512
 93
        0
300

 40
0.0
140
1.0
 94
        5
 62
     0
340
11
144
0.18
309
CONTENTFORMAT_END
171
     1
301
MARGIN
  1
CELLMARGIN_BEGIN
 40
0.06
 40
0.06
 40
0.06
 40
0.06
 40
0.18
 40
0.18
309
CELLMARGIN_END
 94
        6
 95
        1
302
GRIDFORMAT
  1
GRIDFORMAT_BEGIN
 90
        0
 91
        1
 62
     0
 92
       -2
340
0
 93
        0
 40
0.045
309
GRIDFORMAT_END
 95
        2
302
GRIDFORMAT
  1
GRIDFORMAT_BEGIN
 90
        0
 91
        1
 62
     0
 92
       -2
340
0
 93
        0
 40
0.045
309
GRIDFORMAT_END
 95
        4
302
GRIDFORMAT
  1
GRIDFORMAT_BEGIN
 90
        0
 91
        1
 62
     0
 92
       -2
340
0
 93
        0
 40
0.045
309
GRIDFORMAT_END
 95
        8
302
GRIDFORMAT
  1
GRIDFORMAT_BEGIN
 90
        0
 91
        1
 62
     0
 92
       -2
340
0
 93
        0
 40
0.045
309
GRIDFORMAT_END
 95
       16
302
GRIDFORMAT
  1
GRIDFORMAT_BEGIN
 90
        0
 91
        1
 62
     0
 92
       -2
340
0
 93
        0
 40
0.045
309
GRIDFORMAT_END
 95
       32
302
GRIDFORMAT
  1
GRIDFORMAT_BEGIN
 90
        0
 91
        1
 62
     0
 92
       -2
340
0
 93
        0
 40
0.045
309
GRIDFORMAT_END
309
TABLEFORMAT_END
  1
CELLSTYLE_BEGIN
 90
        2
 91
        1
300
_HEADER
309
CELLSTYLE_END
300
CELLSTYLE
  1
TABLEFORMAT_BEGIN
 90
        5
170
     1
 91
        0
 92
        0
 62
   257
 93
        1
300
CONTENTFORMAT
  1
CONTENTFORMAT_BEGIN
 90
        0
 91
        0
 92
      512
 93
        0
300

 40
0.0
140
1.0
 94
        2
 62
     0
340
11
144
0.18
309
CONTENTFORMAT_END
171
     1
301
MARGIN
  1
CELLMARGIN_BEGIN
 40
0.06
 40
0.06
 40
0.06
 40
0.06
 40
0.18
 40
0.18
309
CELLMARGIN_END
 94
        6
 95
        1
302
GRIDFORMAT
  1
GRIDFORMAT_BEGIN
 90
        0
 91
        1
 62
     0
 92
       -2
340
0
 93
        0
 40
0.045
309
GRIDFORMAT_END
 95
        2
302
GRIDFORMAT
  1
GRIDFORMAT_BEGIN
 90
        0
 91
        1
 62
     0
 92
       -2
340
0
 93
        0
 40
0.045
309
GRIDFORMAT_END
 95
        4
302
GRIDFORMAT
  1
GRIDFORMAT_BEGIN
 90
        0
 91
        1
 62
     0
 92
       -2
340
0
 93
        0
 40
0.045
309
GRIDFORMAT_END
 95
        8
302
GRIDFORMAT
  1
GRIDFORMAT_BEGIN
 90
        0
 91
        1
 62
     0
 92
       -2
340
0
 93
        0
 40
0.045
309
GRIDFORMAT_END
 95
       16
302
GRIDFORMAT
  1
GRIDFORMAT_BEGIN
 90
        0
 91
        1
 62
     0
 92
       -2
340
0
 93
        0
 40
0.045
309
GRIDFORMAT_END
 95
       32
302
GRIDFORMAT
  1
GRIDFORMAT_BEGIN
 90
        0
 91
        1
 62
     0
 92
       -2
340
0
 93
        0
 40
0.045
309
GRIDFORMAT_END
309
TABLEFORMAT_END
  1
CELLSTYLE_BEGIN
 90
        3
 91
        2
300
_DATA
309
CELLSTYLE_END
  0
XRECORD
  5
F09
102
{ACAD_REACTORS
330
104
102
}
330
104
100
AcDbXrecord
280
     1
102
ACAD_ROUNDTRIP_PRE2007_TABLESTYLE
 90
      512
 91
        0
  1

 92
      512
 93
        0
  2

 94
      512
 95
        0
  3

  0
XRECORD
  5
F18
102
{ACAD_REACTORS
330
F17
102
}
330
F17
100
AcDbXrecord
280
     1
102
RTVSPost2010Prop28
280
     1
102
RTVSPost2010PropOp28
 70
     1
102
RTVSPost2010Prop29
280
     1
102
RTVSPost2010PropOp29
 70
     1
102
RTVSPost2010Prop30
280
     0
102
RTVSPost2010PropOp30
 70
     1
102
RTVSPost2010Prop31
280
     0
102
RTVSPost2010PropOp31
 70
     1
102
RTVSPost2010Prop32
280
     0
102
RTVSPost2010PropOp32
 70
     1
102
RTVSPost2010Prop33
280
     0
102
RTVSPost2010PropOp33
 70
     1
102
RTVSPost2010Prop34
280
     0
102
RTVSPost2010PropOp34
 70
     1
102
RTVSPost2010Prop35
280
     0
102
RTVSPost2010PropOp35
 70
     1
102
RTVSPost2010Prop36
280
     0
102
RTVSPost2010PropOp36
 70
     1
102
RTVSPost2010Prop37
 90
       50
102
RTVSPost2010PropOp37
 70
     1
102
RTVSPost2010Prop38
140
0.0
102
RTVSPost2010PropOp38
 70
     1
102
RTVSPost2010Prop39
140
1.0
102
RTVSPost2010PropOp39
 70
     1
102
RTVSPost2010Prop40
 90
        0
102
RTVSPost2010PropOp40
 70
     1
102
RTVSPost2010Prop41ColorIndex
 90
       18
102
RTVSPost2010Prop41ColorRGB
 90
        0
102
RTVSPost2010PropOp41
 70
     1
102
RTVSPost2010Prop42
 90
       50
102
RTVSPost2010PropOp42
 70
     1
102
RTVSPost2010Prop43
 90
        3
102
RTVSPost2010PropOp43
 70
     1
102
RTVSPost2010Prop44ColorIndex
 90
        5
102
RTVSPost2010Prop44ColorRGB
 90
      255
102
RTVSPost2010PropOp44
 70
     1
102
RTVSPost2010Prop45
280
     0
102
RTVSPost2010PropOp45
 70
     1
102
RTVSPost2010Prop46
 90
       50
102
RTVSPost2010PropOp46
 70
     1
102
RTVSPost2010Prop47
 90
       50
102
RTVSPost2010PropOp47
 70
     1
102
RTVSPost2010Prop48
 90
       50
102
RTVSPost2010PropOp48
 70
     1
102
RTVSPost2010Prop49
280
     0
102
RTVSPost2010PropOp49
 70
     1
102
RTVSPost2010Prop50
 90
       50
102
RTVSPost2010PropOp50
 70
     1
102
RTVSPost2010Prop51ColorIndex
 90
      256
102
RTVSPost2010Prop51ColorRGB
 90
-16777216
102
RTVSPost2010PropOp51
 70
     0
102
RTVSPost2010Prop52
140
1.0
102
RTVSPost2010PropOp52
 70
     0
102
RTVSPost2010Prop53
 90
        2
102
RTVSPost2010PropOp53
 70
     1
102
RTVSPost2010Prop54
  1
strokes_ogs.tif
102
RTVSPost2010PropOp54
 70
     1
102
RTVSPost2010Prop55
280
     0
102
RTVSPost2010PropOp55
 70
     1
102
RTVSPost2010Prop56
140
1.0
102
RTVSPost2010PropOp56
 70
     1
102
RTVSPost2010Prop57
140
1.0
102
RTVSPost2010PropOp57
 70
     1
102
RTVSPropertyOp0
 70
     1
102
RTVSPropertyOp1
 70
     1
102
RTVSPropertyOp2
 70
     1
102
RTVSPropertyOp3
 70
     1
102
RTVSPropertyOp4
 70
     1
102
RTVSPropertyOp5
 70
     1
102
RTVSPropertyOp6
 70
     1
102
RTVSPropertyOp7
 70
     1
102
RTVSPropertyOp8
 70
     1
102
RTVSPropertyOp9
 70
     1
102
RTVSPropertyOp10
 70
     1
102
RTVSPropertyOp11
 70
     1
102
RTVSPropertyOp12
 70
     1
102
RTVSPropertyOp13
 70
     1
102
RTVSPropertyOp14
 70
     1
102
RTVSPropertyOp15
 70
     1
102
RTVSPropertyOp16
 70
     1
102
RTVSPropertyOp17
 70
     1
102
RTVSPropertyOp18
 70
     1
102
RTVSPropertyOp19
 70
     1
102
RTVSPropertyOp20
 70
     1
102
RTVSPropertyOp21
 70
     1
102
RTVSPropertyOp22
 70
     1
102
RTVSPropertyOp23
 70
     1
102
RTVSPropertyOp24
 70
     1
102
RTVSPropertyOp25
 70
     1
102
RTVSPropertyOp26
 70
     1
102
RTVSPropertyOp27
 70
     1
102
RTVSPropertyOp28
 70
     1
102
RTVSPropertyOp29
 70
     1
102
RTVSPropertyOp30
 70
     1
102
RTVSPropertyOp31
 70
     1
102
RTVSPropertyOp32
 70
     1
102
RTVSPropertyOp33
 70
     1
102
RTVSPropertyOp34
 70
     1
102
RTVSPropertyOp35
 70
     1
102
RTVSPropertyOp36
 70
     1
102
RTVSPropertyOp37
 70
     1
102
RTVSPropertyOp38
 70
     1
102
RTVSPropertyOp39
 70
     1
102
RTVSPropertyOp40
 70
     1
102
RTVSPropertyOp41
 70
     1
102
RTVSPropertyOp42
 70
     1
102
RTVSPropertyOp43
 70
     1
102
RTVSPropertyOp44
 70
     1
102
RTVSPropertyOp45
 70
     1
102
RTVSPropertyOp46
 70
     1
102
RTVSPropertyOp47
 70
     1
102
RTVSPropertyOp48
 70
     1
102
RTVSPropertyOp49
 70
     1
102
RTVSPropertyOp50
 70
     1
102
RTVSPropertyOp51
 70
     0
102
RTVSPropertyOp52
 70
     0
102
RTVSPropertyOp53
 70
     1
102
RTVSPropertyOp54
 70
     1
102
RTVSPropertyOp55
 70
     1
102
RTVSPropertyOp56
 70
     1
102
RTVSPropertyOp57
 70
     1
102
RTVSPropertyOp58
 70
     1
102
RTVSPropertyOp59
 70
     1
102
RTVSPropertyOp60
 70
     1
102
RTVSPropertyOp61
 70
     1
102
RTVSPropertyOp62
 70
     1
  0
XRECORD
  5
F16
102
{ACAD_REACTORS
330
F15
102
}
330
F15
100
AcDbXrecord
280
     1
102
RTVSPost2010Prop28
280
     0
102
RTVSPost2010PropOp28
 70
     1
102
RTVSPost2010Prop29
280
     1
102
RTVSPost2010PropOp29
 70
     1
102
RTVSPost2010Prop30
280
     1
102
RTVSPost2010PropOp30
 70
     1
102
RTVSPost2010Prop31
280
     0
102
RTVSPost2010PropOp31
 70
     1
102
RTVSPost2010Prop32
280
     0
102
RTVSPost2010PropOp32
 70
     1
102
RTVSPost2010Prop33
280
     0
102
RTVSPost2010PropOp33
 70
     1
102
RTVSPost2010Prop34
280
     0
102
RTVSPost2010PropOp34
 70
     1
102
RTVSPost2010Prop35
280
     0
102
RTVSPost2010PropOp35
 70
     1
102
RTVSPost2010Prop36
280
     0
102
RTVSPost2010PropOp36
 70
     1
102
RTVSPost2010Prop37
 90
       50
102
RTVSPost2010PropOp37
 70
     1
102
RTVSPost2010Prop38
140
0.0
102
RTVSPost2010PropOp38
 70
     1
102
RTVSPost2010Prop39
140
1.0
102
RTVSPost2010PropOp39
 70
     1
102
RTVSPost2010Prop40
 90
        0
102
RTVSPost2010PropOp40
 70
     1
102
RTVSPost2010Prop41ColorIndex
 90
       18
102
RTVSPost2010Prop41ColorRGB
 90
        0
102
RTVSPost2010PropOp41
 70
     1
102
RTVSPost2010Prop42
 90
       50
102
RTVSPost2010PropOp42
 70
     1
102
RTVSPost2010Prop43
 90
        3
102
RTVSPost2010PropOp43
 70
     1
102
RTVSPost2010Prop44ColorIndex
 90
        5
102
RTVSPost2010Prop44ColorRGB
 90
      255
102
RTVSPost2010PropOp44
 70
     1
102
RTVSPost2010Prop45
280
     0
102
RTVSPost2010PropOp45
 70
     1
102
RTVSPost2010Prop46
 90
       50
102
RTVSPost2010PropOp46
 70
     1
102
RTVSPost2010Prop47
 90
       50
102
RTVSPost2010PropOp47
 70
     1
102
RTVSPost2010Prop48
 90
       50
102
RTVSPost2010PropOp48
 70
     1
102
RTVSPost2010Prop49
280
     0
102
RTVSPost2010PropOp49
 70
     1
102
RTVSPost2010Prop50
 90
       50
102
RTVSPost2010PropOp50
 70
     1
102
RTVSPost2010Prop51ColorIndex
 90
      256
102
RTVSPost2010Prop51ColorRGB
 90
-16777216
102
RTVSPost2010PropOp51
 70
     0
102
RTVSPost2010Prop52
140
1.0
102
RTVSPost2010PropOp52
 70
     0
102
RTVSPost2010Prop53
 90
        2
102
RTVSPost2010PropOp53
 70
     1
102
RTVSPost2010Prop54
  1
strokes_ogs.tif
102
RTVSPost2010PropOp54
 70
     1
102
RTVSPost2010Prop55
280
     0
102
RTVSPost2010PropOp55
 70
     1
102
RTVSPost2010Prop56
140
1.0
102
RTVSPost2010PropOp56
 70
     1
102
RTVSPost2010Prop57
140
1.0
102
RTVSPost2010PropOp57
 70
     1
102
RTVSPropertyOp0
 70
     1
102
RTVSPropertyOp1
 70
     1
102
RTVSPropertyOp2
 70
     1
102
RTVSPropertyOp3
 70
     1
102
RTVSPropertyOp4
 70
     1
102
RTVSPropertyOp5
 70
     1
102
RTVSPropertyOp6
 70
     1
102
RTVSPropertyOp7
 70
     1
102
RTVSPropertyOp8
 70
     1
102
RTVSPropertyOp9
 70
     1
102
RTVSPropertyOp10
 70
     1
102
RTVSPropertyOp11
 70
     1
102
RTVSPropertyOp12
 70
     1
102
RTVSPropertyOp13
 70
     1
102
RTVSPropertyOp14
 70
     1
102
RTVSPropertyOp15
 70
     1
102
RTVSPropertyOp16
 70
     1
102
RTVSPropertyOp17
 70
     1
102
RTVSPropertyOp18
 70
     1
102
RTVSPropertyOp19
 70
     1
102
RTVSPropertyOp20
 70
     1
102
RTVSPropertyOp21
 70
     1
102
RTVSPropertyOp22
 70
     1
102
RTVSPropertyOp23
 70
     1
102
RTVSPropertyOp24
 70
     1
102
RTVSPropertyOp25
 70
     1
102
RTVSPropertyOp26
 70
     1
102
RTVSPropertyOp27
 70
     1
102
RTVSPropertyOp28
 70
     1
102
RTVSPropertyOp29
 70
     1
102
RTVSPropertyOp30
 70
     1
102
RTVSPropertyOp31
 70
     1
102
RTVSPropertyOp32
 70
     1
102
RTVSPropertyOp33
 70
     1
102
RTVSPropertyOp34
 70
     1
102
RTVSPropertyOp35
 70
     1
102
RTVSPropertyOp36
 70
     1
102
RTVSPropertyOp37
 70
     1
102
RTVSPropertyOp38
 70
     1
102
RTVSPropertyOp39
 70
     1
102
RTVSPropertyOp40
 70
     1
102
RTVSPropertyOp41
 70
     1
102
RTVSPropertyOp42
 70
     1
102
RTVSPropertyOp43
 70
     1
102
RTVSPropertyOp44
 70
     1
102
RTVSPropertyOp45
 70
     1
102
RTVSPropertyOp46
 70
     1
102
RTVSPropertyOp47
 70
     1
102
RTVSPropertyOp48
 70
     1
102
RTVSPropertyOp49
 70
     1
102
RTVSPropertyOp50
 70
     1
102
RTVSPropertyOp51
 70
     0
102
RTVSPropertyOp52
 70
     0
102
RTVSPropertyOp53
 70
     1
102
RTVSPropertyOp54
 70
     1
102
RTVSPropertyOp55
 70
     1
102
RTVSPropertyOp56
 70
     1
102
RTVSPropertyOp57
 70
     1
102
RTVSPropertyOp58
 70
     1
102
RTVSPropertyOp59
 70
     1
102
RTVSPropertyOp60
 70
     1
102
RTVSPropertyOp61
 70
     1
102
RTVSPropertyOp62
 70
     1
  0
XRECORD
  5
F24
102
{ACAD_REACTORS
330
F23
102
}
330
F23
100
AcDbXrecord
280
     1
102
RTVSPost2010Prop28
280
     0
102
RTVSPost2010PropOp28
 70
     1
102
RTVSPost2010Prop29
280
     1
102
RTVSPost2010PropOp29
 70
     1
102
RTVSPost2010Prop30
280
     1
102
RTVSPost2010PropOp30
 70
     1
102
RTVSPost2010Prop31
280
     0
102
RTVSPost2010PropOp31
 70
     1
102
RTVSPost2010Prop32
280
     0
102
RTVSPost2010PropOp32
 70
     1
102
RTVSPost2010Prop33
280
     0
102
RTVSPost2010PropOp33
 70
     1
102
RTVSPost2010Prop34
280
     0
102
RTVSPost2010PropOp34
 70
     1
102
RTVSPost2010Prop35
280
     0
102
RTVSPost2010PropOp35
 70
     1
102
RTVSPost2010Prop36
280
     0
102
RTVSPost2010PropOp36
 70
     1
102
RTVSPost2010Prop37
 90
       50
102
RTVSPost2010PropOp37
 70
     1
102
RTVSPost2010Prop38
140
0.0
102
RTVSPost2010PropOp38
 70
     1
102
RTVSPost2010Prop39
140
1.0
102
RTVSPost2010PropOp39
 70
     1
102
RTVSPost2010Prop40
 90
        0
102
RTVSPost2010PropOp40
 70
     1
102
RTVSPost2010Prop41ColorIndex
 90
       18
102
RTVSPost2010Prop41ColorRGB
 90
        0
102
RTVSPost2010PropOp41
 70
     1
102
RTVSPost2010Prop42
 90
       50
102
RTVSPost2010PropOp42
 70
     1
102
RTVSPost2010Prop43
 90
        3
102
RTVSPost2010PropOp43
 70
     1
102
RTVSPost2010Prop44ColorIndex
 90
        5
102
RTVSPost2010Prop44ColorRGB
 90
      255
102
RTVSPost2010PropOp44
 70
     1
102
RTVSPost2010Prop45
280
     0
102
RTVSPost2010PropOp45
 70
     1
102
RTVSPost2010Prop46
 90
       50
102
RTVSPost2010PropOp46
 70
     1
102
RTVSPost2010Prop47
 90
       50
102
RTVSPost2010PropOp47
 70
     1
102
RTVSPost2010Prop48
 90
       50
102
RTVSPost2010PropOp48
 70
     1
102
RTVSPost2010Prop49
280
     0
102
RTVSPost2010PropOp49
 70
     1
102
RTVSPost2010Prop50
 90
       50
102
RTVSPost2010PropOp50
 70
     1
102
RTVSPost2010Prop51ColorIndex
 90
      256
102
RTVSPost2010Prop51ColorRGB
 90
-16777216
102
RTVSPost2010PropOp51
 70
     0
102
RTVSPost2010Prop52
140
1.0
102
RTVSPost2010PropOp52
 70
     0
102
RTVSPost2010Prop53
 90
        2
102
RTVSPost2010PropOp53
 70
     1
102
RTVSPost2010Prop54
  1
strokes_ogs.tif
102
RTVSPost2010PropOp54
 70
     1
102
RTVSPost2010Prop55
280
     0
102
RTVSPost2010PropOp55
 70
     1
102
RTVSPost2010Prop56
140
1.0
102
RTVSPost2010PropOp56
 70
     1
102
RTVSPost2010Prop57
140
1.0
102
RTVSPost2010PropOp57
 70
     1
102
RTVSPropertyOp0
 70
     1
102
RTVSPropertyOp1
 70
     1
102
RTVSPropertyOp2
 70
     1
102
RTVSPropertyOp3
 70
     1
102
RTVSPropertyOp4
 70
     1
102
RTVSPropertyOp5
 70
     1
102
RTVSPropertyOp6
 70
     1
102
RTVSPropertyOp7
 70
     1
102
RTVSPropertyOp8
 70
     1
102
RTVSPropertyOp9
 70
     1
102
RTVSPropertyOp10
 70
     1
102
RTVSPropertyOp11
 70
     1
102
RTVSPropertyOp12
 70
     1
102
RTVSPropertyOp13
 70
     1
102
RTVSPropertyOp14
 70
     1
102
RTVSPropertyOp15
 70
     1
102
RTVSPropertyOp16
 70
     1
102
RTVSPropertyOp17
 70
     1
102
RTVSPropertyOp18
 70
     1
102
RTVSPropertyOp19
 70
     1
102
RTVSPropertyOp20
 70
     1
102
RTVSPropertyOp21
 70
     1
102
RTVSPropertyOp22
 70
     1
102
RTVSPropertyOp23
 70
     1
102
RTVSPropertyOp24
 70
     1
102
RTVSPropertyOp25
 70
     1
102
RTVSPropertyOp26
 70
     1
102
RTVSPropertyOp27
 70
     1
102
RTVSPropertyOp28
 70
     1
102
RTVSPropertyOp29
 70
     1
102
RTVSPropertyOp30
 70
     1
102
RTVSPropertyOp31
 70
     1
102
RTVSPropertyOp32
 70
     1
102
RTVSPropertyOp33
 70
     1
102
RTVSPropertyOp34
 70
     1
102
RTVSPropertyOp35
 70
     1
102
RTVSPropertyOp36
 70
     1
102
RTVSPropertyOp37
 70
     1
102
RTVSPropertyOp38
 70
     1
102
RTVSPropertyOp39
 70
     1
102
RTVSPropertyOp40
 70
     1
102
RTVSPropertyOp41
 70
     1
102
RTVSPropertyOp42
 70
     1
102
RTVSPropertyOp43
 70
     1
102
RTVSPropertyOp44
 70
     1
102
RTVSPropertyOp45
 70
     1
102
RTVSPropertyOp46
 70
     1
102
RTVSPropertyOp47
 70
     1
102
RTVSPropertyOp48
 70
     1
102
RTVSPropertyOp49
 70
     1
102
RTVSPropertyOp50
 70
     1
102
RTVSPropertyOp51
 70
     0
102
RTVSPropertyOp52
 70
     0
102
RTVSPropertyOp53
 70
     1
102
RTVSPropertyOp54
 70
     1
102
RTVSPropertyOp55
 70
     1
102
RTVSPropertyOp56
 70
     1
102
RTVSPropertyOp57
 70
     1
102
RTVSPropertyOp58
 70
     1
102
RTVSPropertyOp59
 70
     1
102
RTVSPropertyOp60
 70
     1
102
RTVSPropertyOp61
 70
     1
102
RTVSPropertyOp62
 70
     1
  0
XRECORD
  5
F2C
102
{ACAD_REACTORS
330
F2B
102
}
330
F2B
100
AcDbXrecord
280
     1
102
RTVSPost2010Prop28
280
     0
102
RTVSPost2010PropOp28
 70
     1
102
RTVSPost2010Prop29
280
     1
102
RTVSPost2010PropOp29
 70
     1
102
RTVSPost2010Prop30
280
     1
102
RTVSPost2010PropOp30
 70
     1
102
RTVSPost2010Prop31
280
     0
102
RTVSPost2010PropOp31
 70
     1
102
RTVSPost2010Prop32
280
     0
102
RTVSPost2010PropOp32
 70
     1
102
RTVSPost2010Prop33
280
     0
102
RTVSPost2010PropOp33
 70
     1
102
RTVSPost2010Prop34
280
     0
102
RTVSPost2010PropOp34
 70
     1
102
RTVSPost2010Prop35
280
     0
102
RTVSPost2010PropOp35
 70
     1
102
RTVSPost2010Prop36
280
     0
102
RTVSPost2010PropOp36
 70
     1
102
RTVSPost2010Prop37
 90
       50
102
RTVSPost2010PropOp37
 70
     1
102
RTVSPost2010Prop38
140
0.0
102
RTVSPost2010PropOp38
 70
     1
102
RTVSPost2010Prop39
140
1.0
102
RTVSPost2010PropOp39
 70
     1
102
RTVSPost2010Prop40
 90
        0
102
RTVSPost2010PropOp40
 70
     1
102
RTVSPost2010Prop41ColorIndex
 90
       18
102
RTVSPost2010Prop41ColorRGB
 90
        0
102
RTVSPost2010PropOp41
 70
     1
102
RTVSPost2010Prop42
 90
       50
102
RTVSPost2010PropOp42
 70
     1
102
RTVSPost2010Prop43
 90
        3
102
RTVSPost2010PropOp43
 70
     1
102
RTVSPost2010Prop44ColorIndex
 90
        5
102
RTVSPost2010Prop44ColorRGB
 90
      255
102
RTVSPost2010PropOp44
 70
     1
102
RTVSPost2010Prop45
280
     0
102
RTVSPost2010PropOp45
 70
     1
102
RTVSPost2010Prop46
 90
       50
102
RTVSPost2010PropOp46
 70
     1
102
RTVSPost2010Prop47
 90
       50
102
RTVSPost2010PropOp47
 70
     1
102
RTVSPost2010Prop48
 90
       50
102
RTVSPost2010PropOp48
 70
     1
102
RTVSPost2010Prop49
280
     0
102
RTVSPost2010PropOp49
 70
     1
102
RTVSPost2010Prop50
 90
       50
102
RTVSPost2010PropOp50
 70
     1
102
RTVSPost2010Prop51ColorIndex
 90
      256
102
RTVSPost2010Prop51ColorRGB
 90
-16777216
102
RTVSPost2010PropOp51
 70
     0
102
RTVSPost2010Prop52
140
1.0
102
RTVSPost2010PropOp52
 70
     0
102
RTVSPost2010Prop53
 90
        2
102
RTVSPost2010PropOp53
 70
     1
102
RTVSPost2010Prop54
  1
strokes_ogs.tif
102
RTVSPost2010PropOp54
 70
     1
102
RTVSPost2010Prop55
280
     0
102
RTVSPost2010PropOp55
 70
     1
102
RTVSPost2010Prop56
140
1.0
102
RTVSPost2010PropOp56
 70
     1
102
RTVSPost2010Prop57
140
1.0
102
RTVSPost2010PropOp57
 70
     1
102
RTVSPropertyOp0
 70
     1
102
RTVSPropertyOp1
 70
     1
102
RTVSPropertyOp2
 70
     1
102
RTVSPropertyOp3
 70
     1
102
RTVSPropertyOp4
 70
     1
102
RTVSPropertyOp5
 70
     1
102
RTVSPropertyOp6
 70
     1
102
RTVSPropertyOp7
 70
     1
102
RTVSPropertyOp8
 70
     1
102
RTVSPropertyOp9
 70
     1
102
RTVSPropertyOp10
 70
     1
102
RTVSPropertyOp11
 70
     1
102
RTVSPropertyOp12
 70
     1
102
RTVSPropertyOp13
 70
     1
102
RTVSPropertyOp14
 70
     1
102
RTVSPropertyOp15
 70
     1
102
RTVSPropertyOp16
 70
     1
102
RTVSPropertyOp17
 70
     1
102
RTVSPropertyOp18
 70
     1
102
RTVSPropertyOp19
 70
     1
102
RTVSPropertyOp20
 70
     1
102
RTVSPropertyOp21
 70
     1
102
RTVSPropertyOp22
 70
     1
102
RTVSPropertyOp23
 70
     1
102
RTVSPropertyOp24
 70
     1
102
RTVSPropertyOp25
 70
     1
102
RTVSPropertyOp26
 70
     1
102
RTVSPropertyOp27
 70
     1
102
RTVSPropertyOp28
 70
     1
102
RTVSPropertyOp29
 70
     1
102
RTVSPropertyOp30
 70
     1
102
RTVSPropertyOp31
 70
     1
102
RTVSPropertyOp32
 70
     1
102
RTVSPropertyOp33
 70
     1
102
RTVSPropertyOp34
 70
     1
102
RTVSPropertyOp35
 70
     1
102
RTVSPropertyOp36
 70
     1
102
RTVSPropertyOp37
 70
     1
102
RTVSPropertyOp38
 70
     1
102
RTVSPropertyOp39
 70
     1
102
RTVSPropertyOp40
 70
     1
102
RTVSPropertyOp41
 70
     1
102
RTVSPropertyOp42
 70
     1
102
RTVSPropertyOp43
 70
     1
102
RTVSPropertyOp44
 70
     1
102
RTVSPropertyOp45
 70
     1
102
RTVSPropertyOp46
 70
     1
102
RTVSPropertyOp47
 70
     1
102
RTVSPropertyOp48
 70
     1
102
RTVSPropertyOp49
 70
     1
102
RTVSPropertyOp50
 70
     1
102
RTVSPropertyOp51
 70
     0
102
RTVSPropertyOp52
 70
     0
102
RTVSPropertyOp53
 70
     1
102
RTVSPropertyOp54
 70
     1
102
RTVSPropertyOp55
 70
     1
102
RTVSPropertyOp56
 70
     1
102
RTVSPropertyOp57
 70
     1
102
RTVSPropertyOp58
 70
     1
102
RTVSPropertyOp59
 70
     1
102
RTVSPropertyOp60
 70
     1
102
RTVSPropertyOp61
 70
     1
102
RTVSPropertyOp62
 70
     1
  0
XRECORD
  5
F1E
102
{ACAD_REACTORS
330
F1D
102
}
330
F1D
100
AcDbXrecord
280
     1
102
RTVSPost2010Prop28
280
     0
102
RTVSPost2010PropOp28
 70
     1
102
RTVSPost2010Prop29
280
     1
102
RTVSPost2010PropOp29
 70
     1
102
RTVSPost2010Prop30
280
     1
102
RTVSPost2010PropOp30
 70
     1
102
RTVSPost2010Prop31
280
     0
102
RTVSPost2010PropOp31
 70
     1
102
RTVSPost2010Prop32
280
     0
102
RTVSPost2010PropOp32
 70
     1
102
RTVSPost2010Prop33
280
     0
102
RTVSPost2010PropOp33
 70
     1
102
RTVSPost2010Prop34
280
     0
102
RTVSPost2010PropOp34
 70
     1
102
RTVSPost2010Prop35
280
     0
102
RTVSPost2010PropOp35
 70
     1
102
RTVSPost2010Prop36
280
     0
102
RTVSPost2010PropOp36
 70
     1
102
RTVSPost2010Prop37
 90
       50
102
RTVSPost2010PropOp37
 70
     1
102
RTVSPost2010Prop38
140
0.0
102
RTVSPost2010PropOp38
 70
     1
102
RTVSPost2010Prop39
140
1.0
102
RTVSPost2010PropOp39
 70
     1
102
RTVSPost2010Prop40
 90
        0
102
RTVSPost2010PropOp40
 70
     1
102
RTVSPost2010Prop41ColorIndex
 90
       18
102
RTVSPost2010Prop41ColorRGB
 90
        0
102
RTVSPost2010PropOp41
 70
     1
102
RTVSPost2010Prop42
 90
       50
102
RTVSPost2010PropOp42
 70
     1
102
RTVSPost2010Prop43
 90
        3
102
RTVSPost2010PropOp43
 70
     1
102
RTVSPost2010Prop44ColorIndex
 90
        5
102
RTVSPost2010Prop44ColorRGB
 90
      255
102
RTVSPost2010PropOp44
 70
     1
102
RTVSPost2010Prop45
280
     0
102
RTVSPost2010PropOp45
 70
     1
102
RTVSPost2010Prop46
 90
       50
102
RTVSPost2010PropOp46
 70
     1
102
RTVSPost2010Prop47
 90
       50
102
RTVSPost2010PropOp47
 70
     1
102
RTVSPost2010Prop48
 90
       50
102
RTVSPost2010PropOp48
 70
     1
102
RTVSPost2010Prop49
280
     0
102
RTVSPost2010PropOp49
 70
     1
102
RTVSPost2010Prop50
 90
       50
102
RTVSPost2010PropOp50
 70
     1
102
RTVSPost2010Prop51ColorIndex
 90
      256
102
RTVSPost2010Prop51ColorRGB
 90
-16777216
102
RTVSPost2010PropOp51
 70
     0
102
RTVSPost2010Prop52
140
1.0
102
RTVSPost2010PropOp52
 70
     0
102
RTVSPost2010Prop53
 90
        2
102
RTVSPost2010PropOp53
 70
     1
102
RTVSPost2010Prop54
  1
strokes_ogs.tif
102
RTVSPost2010PropOp54
 70
     1
102
RTVSPost2010Prop55
280
     0
102
RTVSPost2010PropOp55
 70
     1
102
RTVSPost2010Prop56
140
1.0
102
RTVSPost2010PropOp56
 70
     1
102
RTVSPost2010Prop57
140
1.0
102
RTVSPost2010PropOp57
 70
     1
102
RTVSPropertyOp0
 70
     1
102
RTVSPropertyOp1
 70
     1
102
RTVSPropertyOp2
 70
     1
102
RTVSPropertyOp3
 70
     1
102
RTVSPropertyOp4
 70
     1
102
RTVSPropertyOp5
 70
     1
102
RTVSPropertyOp6
 70
     1
102
RTVSPropertyOp7
 70
     1
102
RTVSPropertyOp8
 70
     1
102
RTVSPropertyOp9
 70
     1
102
RTVSPropertyOp10
 70
     1
102
RTVSPropertyOp11
 70
     1
102
RTVSPropertyOp12
 70
     1
102
RTVSPropertyOp13
 70
     1
102
RTVSPropertyOp14
 70
     1
102
RTVSPropertyOp15
 70
     1
102
RTVSPropertyOp16
 70
     1
102
RTVSPropertyOp17
 70
     1
102
RTVSPropertyOp18
 70
     1
102
RTVSPropertyOp19
 70
     1
102
RTVSPropertyOp20
 70
     1
102
RTVSPropertyOp21
 70
     1
102
RTVSPropertyOp22
 70
     1
102
RTVSPropertyOp23
 70
     1
102
RTVSPropertyOp24
 70
     1
102
RTVSPropertyOp25
 70
     1
102
RTVSPropertyOp26
 70
     1
102
RTVSPropertyOp27
 70
     1
102
RTVSPropertyOp28
 70
     1
102
RTVSPropertyOp29
 70
     1
102
RTVSPropertyOp30
 70
     1
102
RTVSPropertyOp31
 70
     1
102
RTVSPropertyOp32
 70
     1
102
RTVSPropertyOp33
 70
     1
102
RTVSPropertyOp34
 70
     1
102
RTVSPropertyOp35
 70
     1
102
RTVSPropertyOp36
 70
     1
102
RTVSPropertyOp37
 70
     1
102
RTVSPropertyOp38
 70
     1
102
RTVSPropertyOp39
 70
     1
102
RTVSPropertyOp40
 70
     1
102
RTVSPropertyOp41
 70
     1
102
RTVSPropertyOp42
 70
     1
102
RTVSPropertyOp43
 70
     1
102
RTVSPropertyOp44
 70
     1
102
RTVSPropertyOp45
 70
     1
102
RTVSPropertyOp46
 70
     1
102
RTVSPropertyOp47
 70
     1
102
RTVSPropertyOp48
 70
     1
102
RTVSPropertyOp49
 70
     1
102
RTVSPropertyOp50
 70
     1
102
RTVSPropertyOp51
 70
     0
102
RTVSPropertyOp52
 70
     0
102
RTVSPropertyOp53
 70
     1
102
RTVSPropertyOp54
 70
     1
102
RTVSPropertyOp55
 70
     1
102
RTVSPropertyOp56
 70
     1
102
RTVSPropertyOp57
 70
     1
102
RTVSPropertyOp58
 70
     1
102
RTVSPropertyOp59
 70
     1
102
RTVSPropertyOp60
 70
     1
102
RTVSPropertyOp61
 70
     1
102
RTVSPropertyOp62
 70
     1
  0
XRECORD
  5
F22
102
{ACAD_REACTORS
330
F21
102
}
330
F21
100
AcDbXrecord
280
     1
102
RTVSPost2010Prop28
280
     0
102
RTVSPost2010PropOp28
 70
     1
102
RTVSPost2010Prop29
280
     1
102
RTVSPost2010PropOp29
 70
     1
102
RTVSPost2010Prop30
280
     1
102
RTVSPost2010PropOp30
 70
     1
102
RTVSPost2010Prop31
280
     0
102
RTVSPost2010PropOp31
 70
     1
102
RTVSPost2010Prop32
280
     0
102
RTVSPost2010PropOp32
 70
     1
102
RTVSPost2010Prop33
280
     0
102
RTVSPost2010PropOp33
 70
     1
102
RTVSPost2010Prop34
280
     0
102
RTVSPost2010PropOp34
 70
     1
102
RTVSPost2010Prop35
280
     0
102
RTVSPost2010PropOp35
 70
     1
102
RTVSPost2010Prop36
280
     0
102
RTVSPost2010PropOp36
 70
     1
102
RTVSPost2010Prop37
 90
       50
102
RTVSPost2010PropOp37
 70
     1
102
RTVSPost2010Prop38
140
0.0
102
RTVSPost2010PropOp38
 70
     1
102
RTVSPost2010Prop39
140
1.0
102
RTVSPost2010PropOp39
 70
     1
102
RTVSPost2010Prop40
 90
        0
102
RTVSPost2010PropOp40
 70
     1
102
RTVSPost2010Prop41ColorIndex
 90
       18
102
RTVSPost2010Prop41ColorRGB
 90
        0
102
RTVSPost2010PropOp41
 70
     1
102
RTVSPost2010Prop42
 90
       50
102
RTVSPost2010PropOp42
 70
     1
102
RTVSPost2010Prop43
 90
        3
102
RTVSPost2010PropOp43
 70
     1
102
RTVSPost2010Prop44ColorIndex
 90
        5
102
RTVSPost2010Prop44ColorRGB
 90
      255
102
RTVSPost2010PropOp44
 70
     1
102
RTVSPost2010Prop45
280
     0
102
RTVSPost2010PropOp45
 70
     1
102
RTVSPost2010Prop46
 90
       50
102
RTVSPost2010PropOp46
 70
     1
102
RTVSPost2010Prop47
 90
       50
102
RTVSPost2010PropOp47
 70
     1
102
RTVSPost2010Prop48
 90
       50
102
RTVSPost2010PropOp48
 70
     1
102
RTVSPost2010Prop49
280
     0
102
RTVSPost2010PropOp49
 70
     1
102
RTVSPost2010Prop50
 90
       50
102
RTVSPost2010PropOp50
 70
     1
102
RTVSPost2010Prop51ColorIndex
 90
      256
102
RTVSPost2010Prop51ColorRGB
 90
-16777216
102
RTVSPost2010PropOp51
 70
     0
102
RTVSPost2010Prop52
140
1.0
102
RTVSPost2010PropOp52
 70
     0
102
RTVSPost2010Prop53
 90
        2
102
RTVSPost2010PropOp53
 70
     1
102
RTVSPost2010Prop54
  1
strokes_ogs.tif
102
RTVSPost2010PropOp54
 70
     1
102
RTVSPost2010Prop55
280
     0
102
RTVSPost2010PropOp55
 70
     1
102
RTVSPost2010Prop56
140
1.0
102
RTVSPost2010PropOp56
 70
     1
102
RTVSPost2010Prop57
140
1.0
102
RTVSPost2010PropOp57
 70
     1
102
RTVSPropertyOp0
 70
     1
102
RTVSPropertyOp1
 70
     1
102
RTVSPropertyOp2
 70
     1
102
RTVSPropertyOp3
 70
     1
102
RTVSPropertyOp4
 70
     1
102
RTVSPropertyOp5
 70
     1
102
RTVSPropertyOp6
 70
     1
102
RTVSPropertyOp7
 70
     1
102
RTVSPropertyOp8
 70
     1
102
RTVSPropertyOp9
 70
     1
102
RTVSPropertyOp10
 70
     1
102
RTVSPropertyOp11
 70
     1
102
RTVSPropertyOp12
 70
     1
102
RTVSPropertyOp13
 70
     1
102
RTVSPropertyOp14
 70
     1
102
RTVSPropertyOp15
 70
     1
102
RTVSPropertyOp16
 70
     1
102
RTVSPropertyOp17
 70
     1
102
RTVSPropertyOp18
 70
     1
102
RTVSPropertyOp19
 70
     1
102
RTVSPropertyOp20
 70
     1
102
RTVSPropertyOp21
 70
     1
102
RTVSPropertyOp22
 70
     1
102
RTVSPropertyOp23
 70
     1
102
RTVSPropertyOp24
 70
     1
102
RTVSPropertyOp25
 70
     1
102
RTVSPropertyOp26
 70
     1
102
RTVSPropertyOp27
 70
     1
102
RTVSPropertyOp28
 70
     1
102
RTVSPropertyOp29
 70
     1
102
RTVSPropertyOp30
 70
     1
102
RTVSPropertyOp31
 70
     1
102
RTVSPropertyOp32
 70
     1
102
RTVSPropertyOp33
 70
     1
102
RTVSPropertyOp34
 70
     1
102
RTVSPropertyOp35
 70
     1
102
RTVSPropertyOp36
 70
     1
102
RTVSPropertyOp37
 70
     1
102
RTVSPropertyOp38
 70
     1
102
RTVSPropertyOp39
 70
     1
102
RTVSPropertyOp40
 70
     1
102
RTVSPropertyOp41
 70
     1
102
RTVSPropertyOp42
 70
     1
102
RTVSPropertyOp43
 70
     1
102
RTVSPropertyOp44
 70
     1
102
RTVSPropertyOp45
 70
     1
102
RTVSPropertyOp46
 70
     1
102
RTVSPropertyOp47
 70
     1
102
RTVSPropertyOp48
 70
     1
102
RTVSPropertyOp49
 70
     1
102
RTVSPropertyOp50
 70
     1
102
RTVSPropertyOp51
 70
     0
102
RTVSPropertyOp52
 70
     0
102
RTVSPropertyOp53
 70
     1
102
RTVSPropertyOp54
 70
     1
102
RTVSPropertyOp55
 70
     1
102
RTVSPropertyOp56
 70
     1
102
RTVSPropertyOp57
 70
     1
102
RTVSPropertyOp58
 70
     1
102
RTVSPropertyOp59
 70
     1
102
RTVSPropertyOp60
 70
     1
102
RTVSPropertyOp61
 70
     1
102
RTVSPropertyOp62
 70
     1
  0
XRECORD
  5
F32
102
{ACAD_REACTORS
330
F31
102
}
330
F31
100
AcDbXrecord
280
     1
102
RTVSPost2010Prop28
280
     0
102
RTVSPost2010PropOp28
 70
     1
102
RTVSPost2010Prop29
280
     1
102
RTVSPost2010PropOp29
 70
     1
102
RTVSPost2010Prop30
280
     1
102
RTVSPost2010PropOp30
 70
     1
102
RTVSPost2010Prop31
280
     0
102
RTVSPost2010PropOp31
 70
     1
102
RTVSPost2010Prop32
280
     0
102
RTVSPost2010PropOp32
 70
     1
102
RTVSPost2010Prop33
280
     0
102
RTVSPost2010PropOp33
 70
     1
102
RTVSPost2010Prop34
280
     0
102
RTVSPost2010PropOp34
 70
     1
102
RTVSPost2010Prop35
280
     0
102
RTVSPost2010PropOp35
 70
     1
102
RTVSPost2010Prop36
280
     0
102
RTVSPost2010PropOp36
 70
     1
102
RTVSPost2010Prop37
 90
       50
102
RTVSPost2010PropOp37
 70
     1
102
RTVSPost2010Prop38
140
0.0
102
RTVSPost2010PropOp38
 70
     1
102
RTVSPost2010Prop39
140
1.0
102
RTVSPost2010PropOp39
 70
     1
102
RTVSPost2010Prop40
 90
        0
102
RTVSPost2010PropOp40
 70
     1
102
RTVSPost2010Prop41ColorIndex
 90
       18
102
RTVSPost2010Prop41ColorRGB
 90
        0
102
RTVSPost2010PropOp41
 70
     1
102
RTVSPost2010Prop42
 90
       50
102
RTVSPost2010PropOp42
 70
     1
102
RTVSPost2010Prop43
 90
        3
102
RTVSPost2010PropOp43
 70
     1
102
RTVSPost2010Prop44ColorIndex
 90
        5
102
RTVSPost2010Prop44ColorRGB
 90
      255
102
RTVSPost2010PropOp44
 70
     1
102
RTVSPost2010Prop45
280
     0
102
RTVSPost2010PropOp45
 70
     1
102
RTVSPost2010Prop46
 90
       50
102
RTVSPost2010PropOp46
 70
     1
102
RTVSPost2010Prop47
 90
       50
102
RTVSPost2010PropOp47
 70
     1
102
RTVSPost2010Prop48
 90
       50
102
RTVSPost2010PropOp48
 70
     1
102
RTVSPost2010Prop49
280
     0
102
RTVSPost2010PropOp49
 70
     1
102
RTVSPost2010Prop50
 90
       50
102
RTVSPost2010PropOp50
 70
     1
102
RTVSPost2010Prop51ColorIndex
 90
      256
102
RTVSPost2010Prop51ColorRGB
 90
-16777216
102
RTVSPost2010PropOp51
 70
     0
102
RTVSPost2010Prop52
140
1.0
102
RTVSPost2010PropOp52
 70
     0
102
RTVSPost2010Prop53
 90
        2
102
RTVSPost2010PropOp53
 70
     1
102
RTVSPost2010Prop54
  1
strokes_ogs.tif
102
RTVSPost2010PropOp54
 70
     1
102
RTVSPost2010Prop55
280
     0
102
RTVSPost2010PropOp55
 70
     1
102
RTVSPost2010Prop56
140
1.0
102
RTVSPost2010PropOp56
 70
     1
102
RTVSPost2010Prop57
140
1.0
102
RTVSPost2010PropOp57
 70
     1
102
RTVSPropertyOp0
 70
     0
102
RTVSPropertyOp1
 70
     0
102
RTVSPropertyOp2
 70
     0
102
RTVSPropertyOp3
 70
     0
102
RTVSPropertyOp4
 70
     0
102
RTVSPropertyOp5
 70
     0
102
RTVSPropertyOp6
 70
     0
102
RTVSPropertyOp7
 70
     0
102
RTVSPropertyOp8
 70
     0
102
RTVSPropertyOp9
 70
     0
102
RTVSPropertyOp10
 70
     0
102
RTVSPropertyOp11
 70
     0
102
RTVSPropertyOp12
 70
     0
102
RTVSPropertyOp13
 70
     0
102
RTVSPropertyOp14
 70
     2
102
RTVSPropertyOp15
 70
     0
102
RTVSPropertyOp16
 70
     0
102
RTVSPropertyOp17
 70
     0
102
RTVSPropertyOp18
 70
     0
102
RTVSPropertyOp19
 70
     0
102
RTVSPropertyOp20
 70
     0
102
RTVSPropertyOp21
 70
     0
102
RTVSPropertyOp22
 70
     0
102
RTVSPropertyOp23
 70
     0
102
RTVSPropertyOp24
 70
     0
102
RTVSPropertyOp25
 70
     0
102
RTVSPropertyOp26
 70
     0
102
RTVSPropertyOp27
 70
     0
102
RTVSPropertyOp28
 70
     1
102
RTVSPropertyOp29
 70
     1
102
RTVSPropertyOp30
 70
     1
102
RTVSPropertyOp31
 70
     1
102
RTVSPropertyOp32
 70
     1
102
RTVSPropertyOp33
 70
     1
102
RTVSPropertyOp34
 70
     1
102
RTVSPropertyOp35
 70
     1
102
RTVSPropertyOp36
 70
     1
102
RTVSPropertyOp37
 70
     1
102
RTVSPropertyOp38
 70
     1
102
RTVSPropertyOp39
 70
     1
102
RTVSPropertyOp40
 70
     1
102
RTVSPropertyOp41
 70
     1
102
RTVSPropertyOp42
 70
     1
102
RTVSPropertyOp43
 70
     1
102
RTVSPropertyOp44
 70
     1
102
RTVSPropertyOp45
 70
     1
102
RTVSPropertyOp46
 70
     1
102
RTVSPropertyOp47
 70
     1
102
RTVSPropertyOp48
 70
     1
102
RTVSPropertyOp49
 70
     1
102
RTVSPropertyOp50
 70
     1
102
RTVSPropertyOp51
 70
     0
102
RTVSPropertyOp52
 70
     0
102
RTVSPropertyOp53
 70
     1
102
RTVSPropertyOp54
 70
     1
102
RTVSPropertyOp55
 70
     1
102
RTVSPropertyOp56
 70
     1
102
RTVSPropertyOp57
 70
     1
102
RTVSPropertyOp58
 70
     1
102
RTVSPropertyOp59
 70
     1
102
RTVSPropertyOp60
 70
     1
102
RTVSPropertyOp61
 70
     1
102
RTVSPropertyOp62
 70
     1
  0
XRECORD
  5
F2A
102
{ACAD_REACTORS
330
F29
102
}
330
F29
100
AcDbXrecord
280
     1
102
RTVSPost2010Prop28
280
     0
102
RTVSPost2010PropOp28
 70
     1
102
RTVSPost2010Prop29
280
     1
102
RTVSPost2010PropOp29
 70
     1
102
RTVSPost2010Prop30
280
     1
102
RTVSPost2010PropOp30
 70
     1
102
RTVSPost2010Prop31
280
     0
102
RTVSPost2010PropOp31
 70
     1
102
RTVSPost2010Prop32
280
     0
102
RTVSPost2010PropOp32
 70
     1
102
RTVSPost2010Prop33
280
     0
102
RTVSPost2010PropOp33
 70
     1
102
RTVSPost2010Prop34
280
     0
102
RTVSPost2010PropOp34
 70
     1
102
RTVSPost2010Prop35
280
     0
102
RTVSPost2010PropOp35
 70
     1
102
RTVSPost2010Prop36
280
     0
102
RTVSPost2010PropOp36
 70
     1
102
RTVSPost2010Prop37
 90
       50
102
RTVSPost2010PropOp37
 70
     1
102
RTVSPost2010Prop38
140
0.0
102
RTVSPost2010PropOp38
 70
     1
102
RTVSPost2010Prop39
140
1.0
102
RTVSPost2010PropOp39
 70
     1
102
RTVSPost2010Prop40
 90
        0
102
RTVSPost2010PropOp40
 70
     1
102
RTVSPost2010Prop41ColorIndex
 90
       18
102
RTVSPost2010Prop41ColorRGB
 90
        0
102
RTVSPost2010PropOp41
 70
     1
102
RTVSPost2010Prop42
 90
       50
102
RTVSPost2010PropOp42
 70
     1
102
RTVSPost2010Prop43
 90
        3
102
RTVSPost2010PropOp43
 70
     1
102
RTVSPost2010Prop44ColorIndex
 90
        5
102
RTVSPost2010Prop44ColorRGB
 90
      255
102
RTVSPost2010PropOp44
 70
     1
102
RTVSPost2010Prop45
280
     0
102
RTVSPost2010PropOp45
 70
     1
102
RTVSPost2010Prop46
 90
       50
102
RTVSPost2010PropOp46
 70
     1
102
RTVSPost2010Prop47
 90
       50
102
RTVSPost2010PropOp47
 70
     1
102
RTVSPost2010Prop48
 90
       50
102
RTVSPost2010PropOp48
 70
     1
102
RTVSPost2010Prop49
280
     0
102
RTVSPost2010PropOp49
 70
     1
102
RTVSPost2010Prop50
 90
       50
102
RTVSPost2010PropOp50
 70
     1
102
RTVSPost2010Prop51ColorIndex
 90
      256
102
RTVSPost2010Prop51ColorRGB
 90
-16777216
102
RTVSPost2010PropOp51
 70
     0
102
RTVSPost2010Prop52
140
1.0
102
RTVSPost2010PropOp52
 70
     0
102
RTVSPost2010Prop53
 90
        2
102
RTVSPost2010PropOp53
 70
     1
102
RTVSPost2010Prop54
  1
strokes_ogs.tif
102
RTVSPost2010PropOp54
 70
     1
102
RTVSPost2010Prop55
280
     0
102
RTVSPost2010PropOp55
 70
     1
102
RTVSPost2010Prop56
140
1.0
102
RTVSPost2010PropOp56
 70
     1
102
RTVSPost2010Prop57
140
1.0
102
RTVSPost2010PropOp57
 70
     1
102
RTVSPropertyOp0
 70
     1
102
RTVSPropertyOp1
 70
     1
102
RTVSPropertyOp2
 70
     1
102
RTVSPropertyOp3
 70
     1
102
RTVSPropertyOp4
 70
     1
102
RTVSPropertyOp5
 70
     1
102
RTVSPropertyOp6
 70
     1
102
RTVSPropertyOp7
 70
     1
102
RTVSPropertyOp8
 70
     1
102
RTVSPropertyOp9
 70
     1
102
RTVSPropertyOp10
 70
     1
102
RTVSPropertyOp11
 70
     1
102
RTVSPropertyOp12
 70
     1
102
RTVSPropertyOp13
 70
     1
102
RTVSPropertyOp14
 70
     1
102
RTVSPropertyOp15
 70
     1
102
RTVSPropertyOp16
 70
     1
102
RTVSPropertyOp17
 70
     1
102
RTVSPropertyOp18
 70
     1
102
RTVSPropertyOp19
 70
     1
102
RTVSPropertyOp20
 70
     1
102
RTVSPropertyOp21
 70
     1
102
RTVSPropertyOp22
 70
     1
102
RTVSPropertyOp23
 70
     1
102
RTVSPropertyOp24
 70
     1
102
RTVSPropertyOp25
 70
     1
102
RTVSPropertyOp26
 70
     1
102
RTVSPropertyOp27
 70
     1
102
RTVSPropertyOp28
 70
     1
102
RTVSPropertyOp29
 70
     1
102
RTVSPropertyOp30
 70
     1
102
RTVSPropertyOp31
 70
     1
102
RTVSPropertyOp32
 70
     1
102
RTVSPropertyOp33
 70
     1
102
RTVSPropertyOp34
 70
     1
102
RTVSPropertyOp35
 70
     1
102
RTVSPropertyOp36
 70
     1
102
RTVSPropertyOp37
 70
     1
102
RTVSPropertyOp38
 70
     1
102
RTVSPropertyOp39
 70
     1
102
RTVSPropertyOp40
 70
     1
102
RTVSPropertyOp41
 70
     1
102
RTVSPropertyOp42
 70
     1
102
RTVSPropertyOp43
 70
     1
102
RTVSPropertyOp44
 70
     1
102
RTVSPropertyOp45
 70
     1
102
RTVSPropertyOp46
 70
     1
102
RTVSPropertyOp47
 70
     1
102
RTVSPropertyOp48
 70
     1
102
RTVSPropertyOp49
 70
     1
102
RTVSPropertyOp50
 70
     1
102
RTVSPropertyOp51
 70
     0
102
RTVSPropertyOp52
 70
     0
102
RTVSPropertyOp53
 70
     1
102
RTVSPropertyOp54
 70
     1
102
RTVSPropertyOp55
 70
     1
102
RTVSPropertyOp56
 70
     1
102
RTVSPropertyOp57
 70
     1
102
RTVSPropertyOp58
 70
     1
102
RTVSPropertyOp59
 70
     1
102
RTVSPropertyOp60
 70
     1
102
RTVSPropertyOp61
 70
     1
102
RTVSPropertyOp62
 70
     1
  0
XRECORD
  5
F0E
102
{ACAD_REACTORS
330
F0D
102
}
330
F0D
100
AcDbXrecord
280
     1
102
RTVSPost2010Prop28
280
     0
102
RTVSPost2010PropOp28
 70
     1
102
RTVSPost2010Prop29
280
     1
102
RTVSPost2010PropOp29
 70
     1
102
RTVSPost2010Prop30
280
     1
102
RTVSPost2010PropOp30
 70
     1
102
RTVSPost2010Prop31
280
     0
102
RTVSPost2010PropOp31
 70
     1
102
RTVSPost2010Prop32
280
     0
102
RTVSPost2010PropOp32
 70
     1
102
RTVSPost2010Prop33
280
     0
102
RTVSPost2010PropOp33
 70
     1
102
RTVSPost2010Prop34
280
     0
102
RTVSPost2010PropOp34
 70
     1
102
RTVSPost2010Prop35
280
     0
102
RTVSPost2010PropOp35
 70
     1
102
RTVSPost2010Prop36
280
     0
102
RTVSPost2010PropOp36
 70
     1
102
RTVSPost2010Prop37
 90
       50
102
RTVSPost2010PropOp37
 70
     1
102
RTVSPost2010Prop38
140
0.0
102
RTVSPost2010PropOp38
 70
     1
102
RTVSPost2010Prop39
140
1.0
102
RTVSPost2010PropOp39
 70
     1
102
RTVSPost2010Prop40
 90
        0
102
RTVSPost2010PropOp40
 70
     1
102
RTVSPost2010Prop41ColorIndex
 90
       18
102
RTVSPost2010Prop41ColorRGB
 90
        0
102
RTVSPost2010PropOp41
 70
     1
102
RTVSPost2010Prop42
 90
       50
102
RTVSPost2010PropOp42
 70
     1
102
RTVSPost2010Prop43
 90
        3
102
RTVSPost2010PropOp43
 70
     1
102
RTVSPost2010Prop44ColorIndex
 90
        5
102
RTVSPost2010Prop44ColorRGB
 90
      255
102
RTVSPost2010PropOp44
 70
     1
102
RTVSPost2010Prop45
280
     0
102
RTVSPost2010PropOp45
 70
     1
102
RTVSPost2010Prop46
 90
       50
102
RTVSPost2010PropOp46
 70
     1
102
RTVSPost2010Prop47
 90
       50
102
RTVSPost2010PropOp47
 70
     1
102
RTVSPost2010Prop48
 90
       50
102
RTVSPost2010PropOp48
 70
     1
102
RTVSPost2010Prop49
280
     0
102
RTVSPost2010PropOp49
 70
     1
102
RTVSPost2010Prop50
 90
       50
102
RTVSPost2010PropOp50
 70
     1
102
RTVSPost2010Prop51ColorIndex
 90
      256
102
RTVSPost2010Prop51ColorRGB
 90
-16777216
102
RTVSPost2010PropOp51
 70
     0
102
RTVSPost2010Prop52
140
1.0
102
RTVSPost2010PropOp52
 70
     0
102
RTVSPost2010Prop53
 90
        2
102
RTVSPost2010PropOp53
 70
     1
102
RTVSPost2010Prop54
  1
strokes_ogs.tif
102
RTVSPost2010PropOp54
 70
     1
102
RTVSPost2010Prop55
280
     0
102
RTVSPost2010PropOp55
 70
     1
102
RTVSPost2010Prop56
140
1.0
102
RTVSPost2010PropOp56
 70
     1
102
RTVSPost2010Prop57
140
1.0
102
RTVSPost2010PropOp57
 70
     1
102
RTVSPropertyOp0
 70
     1
102
RTVSPropertyOp1
 70
     1
102
RTVSPropertyOp2
 70
     1
102
RTVSPropertyOp3
 70
     1
102
RTVSPropertyOp4
 70
     1
102
RTVSPropertyOp5
 70
     1
102
RTVSPropertyOp6
 70
     1
102
RTVSPropertyOp7
 70
     1
102
RTVSPropertyOp8
 70
     1
102
RTVSPropertyOp9
 70
     1
102
RTVSPropertyOp10
 70
     1
102
RTVSPropertyOp11
 70
     1
102
RTVSPropertyOp12
 70
     1
102
RTVSPropertyOp13
 70
     1
102
RTVSPropertyOp14
 70
     1
102
RTVSPropertyOp15
 70
     1
102
RTVSPropertyOp16
 70
     1
102
RTVSPropertyOp17
 70
     1
102
RTVSPropertyOp18
 70
     1
102
RTVSPropertyOp19
 70
     1
102
RTVSPropertyOp20
 70
     1
102
RTVSPropertyOp21
 70
     1
102
RTVSPropertyOp22
 70
     1
102
RTVSPropertyOp23
 70
     1
102
RTVSPropertyOp24
 70
     1
102
RTVSPropertyOp25
 70
     1
102
RTVSPropertyOp26
 70
     1
102
RTVSPropertyOp27
 70
     1
102
RTVSPropertyOp28
 70
     1
102
RTVSPropertyOp29
 70
     1
102
RTVSPropertyOp30
 70
     1
102
RTVSPropertyOp31
 70
     1
102
RTVSPropertyOp32
 70
     1
102
RTVSPropertyOp33
 70
     1
102
RTVSPropertyOp34
 70
     1
102
RTVSPropertyOp35
 70
     1
102
RTVSPropertyOp36
 70
     1
102
RTVSPropertyOp37
 70
     1
102
RTVSPropertyOp38
 70
     1
102
RTVSPropertyOp39
 70
     1
102
RTVSPropertyOp40
 70
     1
102
RTVSPropertyOp41
 70
     1
102
RTVSPropertyOp42
 70
     1
102
RTVSPropertyOp43
 70
     1
102
RTVSPropertyOp44
 70
     1
102
RTVSPropertyOp45
 70
     1
102
RTVSPropertyOp46
 70
     1
102
RTVSPropertyOp47
 70
     1
102
RTVSPropertyOp48
 70
     1
102
RTVSPropertyOp49
 70
     1
102
RTVSPropertyOp50
 70
     1
102
RTVSPropertyOp51
 70
     0
102
RTVSPropertyOp52
 70
     0
102
RTVSPropertyOp53
 70
     1
102
RTVSPropertyOp54
 70
     1
102
RTVSPropertyOp55
 70
     1
102
RTVSPropertyOp56
 70
     1
102
RTVSPropertyOp57
 70
     1
102
RTVSPropertyOp58
 70
     1
102
RTVSPropertyOp59
 70
     1
102
RTVSPropertyOp60
 70
     1
102
RTVSPropertyOp61
 70
     1
102
RTVSPropertyOp62
 70
     1
  0
XRECORD
  5
F10
102
{ACAD_REACTORS
330
F0F
102
}
330
F0F
100
AcDbXrecord
280
     1
102
RTVSPost2010Prop28
280
     0
102
RTVSPost2010PropOp28
 70
     1
102
RTVSPost2010Prop29
280
     1
102
RTVSPost2010PropOp29
 70
     1
102
RTVSPost2010Prop30
280
     1
102
RTVSPost2010PropOp30
 70
     1
102
RTVSPost2010Prop31
280
     0
102
RTVSPost2010PropOp31
 70
     1
102
RTVSPost2010Prop32
280
     0
102
RTVSPost2010PropOp32
 70
     1
102
RTVSPost2010Prop33
280
     0
102
RTVSPost2010PropOp33
 70
     1
102
RTVSPost2010Prop34
280
     0
102
RTVSPost2010PropOp34
 70
     1
102
RTVSPost2010Prop35
280
     0
102
RTVSPost2010PropOp35
 70
     1
102
RTVSPost2010Prop36
280
     0
102
RTVSPost2010PropOp36
 70
     1
102
RTVSPost2010Prop37
 90
       50
102
RTVSPost2010PropOp37
 70
     1
102
RTVSPost2010Prop38
140
0.0
102
RTVSPost2010PropOp38
 70
     1
102
RTVSPost2010Prop39
140
1.0
102
RTVSPost2010PropOp39
 70
     1
102
RTVSPost2010Prop40
 90
        0
102
RTVSPost2010PropOp40
 70
     1
102
RTVSPost2010Prop41ColorIndex
 90
       18
102
RTVSPost2010Prop41ColorRGB
 90
        0
102
RTVSPost2010PropOp41
 70
     1
102
RTVSPost2010Prop42
 90
       50
102
RTVSPost2010PropOp42
 70
     1
102
RTVSPost2010Prop43
 90
        3
102
RTVSPost2010PropOp43
 70
     1
102
RTVSPost2010Prop44ColorIndex
 90
        5
102
RTVSPost2010Prop44ColorRGB
 90
      255
102
RTVSPost2010PropOp44
 70
     1
102
RTVSPost2010Prop45
280
     0
102
RTVSPost2010PropOp45
 70
     1
102
RTVSPost2010Prop46
 90
       50
102
RTVSPost2010PropOp46
 70
     1
102
RTVSPost2010Prop47
 90
       50
102
RTVSPost2010PropOp47
 70
     1
102
RTVSPost2010Prop48
 90
       50
102
RTVSPost2010PropOp48
 70
     1
102
RTVSPost2010Prop49
280
     0
102
RTVSPost2010PropOp49
 70
     1
102
RTVSPost2010Prop50
 90
       50
102
RTVSPost2010PropOp50
 70
     1
102
RTVSPost2010Prop51ColorIndex
 90
      256
102
RTVSPost2010Prop51ColorRGB
 90
-16777216
102
RTVSPost2010PropOp51
 70
     0
102
RTVSPost2010Prop52
140
1.0
102
RTVSPost2010PropOp52
 70
     0
102
RTVSPost2010Prop53
 90
        2
102
RTVSPost2010PropOp53
 70
     1
102
RTVSPost2010Prop54
  1
strokes_ogs.tif
102
RTVSPost2010PropOp54
 70
     1
102
RTVSPost2010Prop55
280
     0
102
RTVSPost2010PropOp55
 70
     1
102
RTVSPost2010Prop56
140
1.0
102
RTVSPost2010PropOp56
 70
     1
102
RTVSPost2010Prop57
140
1.0
102
RTVSPost2010PropOp57
 70
     1
102
RTVSPropertyOp0
 70
     1
102
RTVSPropertyOp1
 70
     1
102
RTVSPropertyOp2
 70
     1
102
RTVSPropertyOp3
 70
     1
102
RTVSPropertyOp4
 70
     1
102
RTVSPropertyOp5
 70
     1
102
RTVSPropertyOp6
 70
     1
102
RTVSPropertyOp7
 70
     1
102
RTVSPropertyOp8
 70
     1
102
RTVSPropertyOp9
 70
     1
102
RTVSPropertyOp10
 70
     1
102
RTVSPropertyOp11
 70
     1
102
RTVSPropertyOp12
 70
     1
102
RTVSPropertyOp13
 70
     1
102
RTVSPropertyOp14
 70
     1
102
RTVSPropertyOp15
 70
     1
102
RTVSPropertyOp16
 70
     1
102
RTVSPropertyOp17
 70
     1
102
RTVSPropertyOp18
 70
     1
102
RTVSPropertyOp19
 70
     1
102
RTVSPropertyOp20
 70
     1
102
RTVSPropertyOp21
 70
     1
102
RTVSPropertyOp22
 70
     1
102
RTVSPropertyOp23
 70
     1
102
RTVSPropertyOp24
 70
     1
102
RTVSPropertyOp25
 70
     1
102
RTVSPropertyOp26
 70
     1
102
RTVSPropertyOp27
 70
     1
102
RTVSPropertyOp28
 70
     1
102
RTVSPropertyOp29
 70
     1
102
RTVSPropertyOp30
 70
     1
102
RTVSPropertyOp31
 70
     1
102
RTVSPropertyOp32
 70
     1
102
RTVSPropertyOp33
 70
     1
102
RTVSPropertyOp34
 70
     1
102
RTVSPropertyOp35
 70
     1
102
RTVSPropertyOp36
 70
     1
102
RTVSPropertyOp37
 70
     1
102
RTVSPropertyOp38
 70
     1
102
RTVSPropertyOp39
 70
     1
102
RTVSPropertyOp40
 70
     1
102
RTVSPropertyOp41
 70
     1
102
RTVSPropertyOp42
 70
     1
102
RTVSPropertyOp43
 70
     1
102
RTVSPropertyOp44
 70
     1
102
RTVSPropertyOp45
 70
     1
102
RTVSPropertyOp46
 70
     1
102
RTVSPropertyOp47
 70
     1
102
RTVSPropertyOp48
 70
     1
102
RTVSPropertyOp49
 70
     1
102
RTVSPropertyOp50
 70
     1
102
RTVSPropertyOp51
 70
     0
102
RTVSPropertyOp52
 70
     0
102
RTVSPropertyOp53
 70
     1
102
RTVSPropertyOp54
 70
     1
102
RTVSPropertyOp55
 70
     1
102
RTVSPropertyOp56
 70
     1
102
RTVSPropertyOp57
 70
     1
102
RTVSPropertyOp58
 70
     1
102
RTVSPropertyOp59
 70
     1
102
RTVSPropertyOp60
 70
     1
102
RTVSPropertyOp61
 70
     1
102
RTVSPropertyOp62
 70
     1
  0
XRECORD
  5
F12
102
{ACAD_REACTORS
330
F11
102
}
330
F11
100
AcDbXrecord
280
     1
102
RTVSPost2010Prop28
280
     0
102
RTVSPost2010PropOp28
 70
     1
102
RTVSPost2010Prop29
280
     1
102
RTVSPost2010PropOp29
 70
     1
102
RTVSPost2010Prop30
280
     1
102
RTVSPost2010PropOp30
 70
     1
102
RTVSPost2010Prop31
280
     0
102
RTVSPost2010PropOp31
 70
     1
102
RTVSPost2010Prop32
280
     0
102
RTVSPost2010PropOp32
 70
     1
102
RTVSPost2010Prop33
280
     0
102
RTVSPost2010PropOp33
 70
     1
102
RTVSPost2010Prop34
280
     0
102
RTVSPost2010PropOp34
 70
     1
102
RTVSPost2010Prop35
280
     0
102
RTVSPost2010PropOp35
 70
     1
102
RTVSPost2010Prop36
280
     0
102
RTVSPost2010PropOp36
 70
     1
102
RTVSPost2010Prop37
 90
       50
102
RTVSPost2010PropOp37
 70
     1
102
RTVSPost2010Prop38
140
0.0
102
RTVSPost2010PropOp38
 70
     1
102
RTVSPost2010Prop39
140
1.0
102
RTVSPost2010PropOp39
 70
     1
102
RTVSPost2010Prop40
 90
        0
102
RTVSPost2010PropOp40
 70
     1
102
RTVSPost2010Prop41ColorIndex
 90
       18
102
RTVSPost2010Prop41ColorRGB
 90
        0
102
RTVSPost2010PropOp41
 70
     1
102
RTVSPost2010Prop42
 90
       50
102
RTVSPost2010PropOp42
 70
     1
102
RTVSPost2010Prop43
 90
        3
102
RTVSPost2010PropOp43
 70
     1
102
RTVSPost2010Prop44ColorIndex
 90
        5
102
RTVSPost2010Prop44ColorRGB
 90
      255
102
RTVSPost2010PropOp44
 70
     1
102
RTVSPost2010Prop45
280
     0
102
RTVSPost2010PropOp45
 70
     1
102
RTVSPost2010Prop46
 90
       50
102
RTVSPost2010PropOp46
 70
     1
102
RTVSPost2010Prop47
 90
       50
102
RTVSPost2010PropOp47
 70
     1
102
RTVSPost2010Prop48
 90
       50
102
RTVSPost2010PropOp48
 70
     1
102
RTVSPost2010Prop49
280
     0
102
RTVSPost2010PropOp49
 70
     1
102
RTVSPost2010Prop50
 90
       50
102
RTVSPost2010PropOp50
 70
     1
102
RTVSPost2010Prop51ColorIndex
 90
      256
102
RTVSPost2010Prop51ColorRGB
 90
-16777216
102
RTVSPost2010PropOp51
 70
     0
102
RTVSPost2010Prop52
140
1.0
102
RTVSPost2010PropOp52
 70
     0
102
RTVSPost2010Prop53
 90
        2
102
RTVSPost2010PropOp53
 70
     1
102
RTVSPost2010Prop54
  1
strokes_ogs.tif
102
RTVSPost2010PropOp54
 70
     1
102
RTVSPost2010Prop55
280
     0
102
RTVSPost2010PropOp55
 70
     1
102
RTVSPost2010Prop56
140
1.0
102
RTVSPost2010PropOp56
 70
     1
102
RTVSPost2010Prop57
140
1.0
102
RTVSPost2010PropOp57
 70
     1
102
RTVSPropertyOp0
 70
     1
102
RTVSPropertyOp1
 70
     1
102
RTVSPropertyOp2
 70
     1
102
RTVSPropertyOp3
 70
     1
102
RTVSPropertyOp4
 70
     1
102
RTVSPropertyOp5
 70
     1
102
RTVSPropertyOp6
 70
     1
102
RTVSPropertyOp7
 70
     1
102
RTVSPropertyOp8
 70
     1
102
RTVSPropertyOp9
 70
     1
102
RTVSPropertyOp10
 70
     1
102
RTVSPropertyOp11
 70
     1
102
RTVSPropertyOp12
 70
     1
102
RTVSPropertyOp13
 70
     1
102
RTVSPropertyOp14
 70
     1
102
RTVSPropertyOp15
 70
     1
102
RTVSPropertyOp16
 70
     1
102
RTVSPropertyOp17
 70
     1
102
RTVSPropertyOp18
 70
     1
102
RTVSPropertyOp19
 70
     1
102
RTVSPropertyOp20
 70
     1
102
RTVSPropertyOp21
 70
     1
102
RTVSPropertyOp22
 70
     1
102
RTVSPropertyOp23
 70
     1
102
RTVSPropertyOp24
 70
     1
102
RTVSPropertyOp25
 70
     1
102
RTVSPropertyOp26
 70
     1
102
RTVSPropertyOp27
 70
     1
102
RTVSPropertyOp28
 70
     1
102
RTVSPropertyOp29
 70
     1
102
RTVSPropertyOp30
 70
     1
102
RTVSPropertyOp31
 70
     1
102
RTVSPropertyOp32
 70
     1
102
RTVSPropertyOp33
 70
     1
102
RTVSPropertyOp34
 70
     1
102
RTVSPropertyOp35
 70
     1
102
RTVSPropertyOp36
 70
     1
102
RTVSPropertyOp37
 70
     1
102
RTVSPropertyOp38
 70
     1
102
RTVSPropertyOp39
 70
     1
102
RTVSPropertyOp40
 70
     1
102
RTVSPropertyOp41
 70
     1
102
RTVSPropertyOp42
 70
     1
102
RTVSPropertyOp43
 70
     1
102
RTVSPropertyOp44
 70
     1
102
RTVSPropertyOp45
 70
     1
102
RTVSPropertyOp46
 70
     1
102
RTVSPropertyOp47
 70
     1
102
RTVSPropertyOp48
 70
     1
102
RTVSPropertyOp49
 70
     1
102
RTVSPropertyOp50
 70
     1
102
RTVSPropertyOp51
 70
     0
102
RTVSPropertyOp52
 70
     0
102
RTVSPropertyOp53
 70
     1
102
RTVSPropertyOp54
 70
     1
102
RTVSPropertyOp55
 70
     1
102
RTVSPropertyOp56
 70
     1
102
RTVSPropertyOp57
 70
     1
102
RTVSPropertyOp58
 70
     1
102
RTVSPropertyOp59
 70
     1
102
RTVSPropertyOp60
 70
     1
102
RTVSPropertyOp61
 70
     1
102
RTVSPropertyOp62
 70
     1
  0
XRECORD
  5
F14
102
{ACAD_REACTORS
330
F13
102
}
330
F13
100
AcDbXrecord
280
     1
102
RTVSPost2010Prop28
280
     0
102
RTVSPost2010PropOp28
 70
     1
102
RTVSPost2010Prop29
280
     1
102
RTVSPost2010PropOp29
 70
     1
102
RTVSPost2010Prop30
280
     1
102
RTVSPost2010PropOp30
 70
     1
102
RTVSPost2010Prop31
280
     0
102
RTVSPost2010PropOp31
 70
     1
102
RTVSPost2010Prop32
280
     0
102
RTVSPost2010PropOp32
 70
     1
102
RTVSPost2010Prop33
280
     0
102
RTVSPost2010PropOp33
 70
     1
102
RTVSPost2010Prop34
280
     0
102
RTVSPost2010PropOp34
 70
     1
102
RTVSPost2010Prop35
280
     0
102
RTVSPost2010PropOp35
 70
     1
102
RTVSPost2010Prop36
280
     0
102
RTVSPost2010PropOp36
 70
     1
102
RTVSPost2010Prop37
 90
       50
102
RTVSPost2010PropOp37
 70
     1
102
RTVSPost2010Prop38
140
0.0
102
RTVSPost2010PropOp38
 70
     1
102
RTVSPost2010Prop39
140
1.0
102
RTVSPost2010PropOp39
 70
     1
102
RTVSPost2010Prop40
 90
        0
102
RTVSPost2010PropOp40
 70
     1
102
RTVSPost2010Prop41ColorIndex
 90
       18
102
RTVSPost2010Prop41ColorRGB
 90
        0
102
RTVSPost2010PropOp41
 70
     1
102
RTVSPost2010Prop42
 90
       50
102
RTVSPost2010PropOp42
 70
     1
102
RTVSPost2010Prop43
 90
        3
102
RTVSPost2010PropOp43
 70
     1
102
RTVSPost2010Prop44ColorIndex
 90
        5
102
RTVSPost2010Prop44ColorRGB
 90
      255
102
RTVSPost2010PropOp44
 70
     1
102
RTVSPost2010Prop45
280
     0
102
RTVSPost2010PropOp45
 70
     1
102
RTVSPost2010Prop46
 90
       50
102
RTVSPost2010PropOp46
 70
     1
102
RTVSPost2010Prop47
 90
       50
102
RTVSPost2010PropOp47
 70
     1
102
RTVSPost2010Prop48
 90
       50
102
RTVSPost2010PropOp48
 70
     1
102
RTVSPost2010Prop49
280
     0
102
RTVSPost2010PropOp49
 70
     1
102
RTVSPost2010Prop50
 90
       50
102
RTVSPost2010PropOp50
 70
     1
102
RTVSPost2010Prop51ColorIndex
 90
      256
102
RTVSPost2010Prop51ColorRGB
 90
-16777216
102
RTVSPost2010PropOp51
 70
     0
102
RTVSPost2010Prop52
140
1.0
102
RTVSPost2010PropOp52
 70
     0
102
RTVSPost2010Prop53
 90
        2
102
RTVSPost2010PropOp53
 70
     1
102
RTVSPost2010Prop54
  1
strokes_ogs.tif
102
RTVSPost2010PropOp54
 70
     1
102
RTVSPost2010Prop55
280
     0
102
RTVSPost2010PropOp55
 70
     1
102
RTVSPost2010Prop56
140
1.0
102
RTVSPost2010PropOp56
 70
     1
102
RTVSPost2010Prop57
140
1.0
102
RTVSPost2010PropOp57
 70
     1
102
RTVSPropertyOp0
 70
     1
102
RTVSPropertyOp1
 70
     1
102
RTVSPropertyOp2
 70
     1
102
RTVSPropertyOp3
 70
     1
102
RTVSPropertyOp4
 70
     1
102
RTVSPropertyOp5
 70
     1
102
RTVSPropertyOp6
 70
     1
102
RTVSPropertyOp7
 70
     1
102
RTVSPropertyOp8
 70
     1
102
RTVSPropertyOp9
 70
     1
102
RTVSPropertyOp10
 70
     1
102
RTVSPropertyOp11
 70
     1
102
RTVSPropertyOp12
 70
     1
102
RTVSPropertyOp13
 70
     1
102
RTVSPropertyOp14
 70
     1
102
RTVSPropertyOp15
 70
     1
102
RTVSPropertyOp16
 70
     1
102
RTVSPropertyOp17
 70
     1
102
RTVSPropertyOp18
 70
     1
102
RTVSPropertyOp19
 70
     1
102
RTVSPropertyOp20
 70
     1
102
RTVSPropertyOp21
 70
     1
102
RTVSPropertyOp22
 70
     1
102
RTVSPropertyOp23
 70
     1
102
RTVSPropertyOp24
 70
     1
102
RTVSPropertyOp25
 70
     1
102
RTVSPropertyOp26
 70
     1
102
RTVSPropertyOp27
 70
     1
102
RTVSPropertyOp28
 70
     1
102
RTVSPropertyOp29
 70
     1
102
RTVSPropertyOp30
 70
     1
102
RTVSPropertyOp31
 70
     1
102
RTVSPropertyOp32
 70
     1
102
RTVSPropertyOp33
 70
     1
102
RTVSPropertyOp34
 70
     1
102
RTVSPropertyOp35
 70
     1
102
RTVSPropertyOp36
 70
     1
102
RTVSPropertyOp37
 70
     1
102
RTVSPropertyOp38
 70
     1
102
RTVSPropertyOp39
 70
     1
102
RTVSPropertyOp40
 70
     1
102
RTVSPropertyOp41
 70
     1
102
RTVSPropertyOp42
 70
     1
102
RTVSPropertyOp43
 70
     1
102
RTVSPropertyOp44
 70
     1
102
RTVSPropertyOp45
 70
     1
102
RTVSPropertyOp46
 70
     1
102
RTVSPropertyOp47
 70
     1
102
RTVSPropertyOp48
 70
     1
102
RTVSPropertyOp49
 70
     1
102
RTVSPropertyOp50
 70
     1
102
RTVSPropertyOp51
 70
     0
102
RTVSPropertyOp52
 70
     0
102
RTVSPropertyOp53
 70
     1
102
RTVSPropertyOp54
 70
     1
102
RTVSPropertyOp55
 70
     1
102
RTVSPropertyOp56
 70
     1
102
RTVSPropertyOp57
 70
     1
102
RTVSPropertyOp58
 70
     1
102
RTVSPropertyOp59
 70
     1
102
RTVSPropertyOp60
 70
     1
102
RTVSPropertyOp61
 70
     1
102
RTVSPropertyOp62
 70
     1
  0
XRECORD
  5
F1C
102
{ACAD_REACTORS
330
F1B
102
}
330
F1B
100
AcDbXrecord
280
     1
102
RTVSPost2010Prop28
280
     0
102
RTVSPost2010PropOp28
 70
     1
102
RTVSPost2010Prop29
280
     1
102
RTVSPost2010PropOp29
 70
     1
102
RTVSPost2010Prop30
280
     1
102
RTVSPost2010PropOp30
 70
     1
102
RTVSPost2010Prop31
280
     0
102
RTVSPost2010PropOp31
 70
     1
102
RTVSPost2010Prop32
280
     0
102
RTVSPost2010PropOp32
 70
     1
102
RTVSPost2010Prop33
280
     0
102
RTVSPost2010PropOp33
 70
     1
102
RTVSPost2010Prop34
280
     0
102
RTVSPost2010PropOp34
 70
     1
102
RTVSPost2010Prop35
280
     0
102
RTVSPost2010PropOp35
 70
     1
102
RTVSPost2010Prop36
280
     0
102
RTVSPost2010PropOp36
 70
     1
102
RTVSPost2010Prop37
 90
       50
102
RTVSPost2010PropOp37
 70
     1
102
RTVSPost2010Prop38
140
0.0
102
RTVSPost2010PropOp38
 70
     1
102
RTVSPost2010Prop39
140
1.0
102
RTVSPost2010PropOp39
 70
     1
102
RTVSPost2010Prop40
 90
        0
102
RTVSPost2010PropOp40
 70
     1
102
RTVSPost2010Prop41ColorIndex
 90
       18
102
RTVSPost2010Prop41ColorRGB
 90
        0
102
RTVSPost2010PropOp41
 70
     1
102
RTVSPost2010Prop42
 90
       50
102
RTVSPost2010PropOp42
 70
     1
102
RTVSPost2010Prop43
 90
        3
102
RTVSPost2010PropOp43
 70
     1
102
RTVSPost2010Prop44ColorIndex
 90
        5
102
RTVSPost2010Prop44ColorRGB
 90
      255
102
RTVSPost2010PropOp44
 70
     1
102
RTVSPost2010Prop45
280
     0
102
RTVSPost2010PropOp45
 70
     1
102
RTVSPost2010Prop46
 90
       50
102
RTVSPost2010PropOp46
 70
     1
102
RTVSPost2010Prop47
 90
       50
102
RTVSPost2010PropOp47
 70
     1
102
RTVSPost2010Prop48
 90
       50
102
RTVSPost2010PropOp48
 70
     1
102
RTVSPost2010Prop49
280
     0
102
RTVSPost2010PropOp49
 70
     1
102
RTVSPost2010Prop50
 90
       50
102
RTVSPost2010PropOp50
 70
     1
102
RTVSPost2010Prop51ColorIndex
 90
      256
102
RTVSPost2010Prop51ColorRGB
 90
-16777216
102
RTVSPost2010PropOp51
 70
     0
102
RTVSPost2010Prop52
140
1.0
102
RTVSPost2010PropOp52
 70
     0
102
RTVSPost2010Prop53
 90
        2
102
RTVSPost2010PropOp53
 70
     1
102
RTVSPost2010Prop54
  1
strokes_ogs.tif
102
RTVSPost2010PropOp54
 70
     1
102
RTVSPost2010Prop55
280
     0
102
RTVSPost2010PropOp55
 70
     1
102
RTVSPost2010Prop56
140
1.0
102
RTVSPost2010PropOp56
 70
     1
102
RTVSPost2010Prop57
140
1.0
102
RTVSPost2010PropOp57
 70
     1
102
RTVSPropertyOp0
 70
     1
102
RTVSPropertyOp1
 70
     1
102
RTVSPropertyOp2
 70
     1
102
RTVSPropertyOp3
 70
     1
102
RTVSPropertyOp4
 70
     1
102
RTVSPropertyOp5
 70
     1
102
RTVSPropertyOp6
 70
     1
102
RTVSPropertyOp7
 70
     1
102
RTVSPropertyOp8
 70
     1
102
RTVSPropertyOp9
 70
     1
102
RTVSPropertyOp10
 70
     1
102
RTVSPropertyOp11
 70
     1
102
RTVSPropertyOp12
 70
     1
102
RTVSPropertyOp13
 70
     1
102
RTVSPropertyOp14
 70
     1
102
RTVSPropertyOp15
 70
     1
102
RTVSPropertyOp16
 70
     1
102
RTVSPropertyOp17
 70
     1
102
RTVSPropertyOp18
 70
     1
102
RTVSPropertyOp19
 70
     1
102
RTVSPropertyOp20
 70
     1
102
RTVSPropertyOp21
 70
     1
102
RTVSPropertyOp22
 70
     1
102
RTVSPropertyOp23
 70
     1
102
RTVSPropertyOp24
 70
     1
102
RTVSPropertyOp25
 70
     1
102
RTVSPropertyOp26
 70
     1
102
RTVSPropertyOp27
 70
     1
102
RTVSPropertyOp28
 70
     1
102
RTVSPropertyOp29
 70
     1
102
RTVSPropertyOp30
 70
     1
102
RTVSPropertyOp31
 70
     1
102
RTVSPropertyOp32
 70
     1
102
RTVSPropertyOp33
 70
     1
102
RTVSPropertyOp34
 70
     1
102
RTVSPropertyOp35
 70
     1
102
RTVSPropertyOp36
 70
     1
102
RTVSPropertyOp37
 70
     1
102
RTVSPropertyOp38
 70
     1
102
RTVSPropertyOp39
 70
     1
102
RTVSPropertyOp40
 70
     1
102
RTVSPropertyOp41
 70
     1
102
RTVSPropertyOp42
 70
     1
102
RTVSPropertyOp43
 70
     1
102
RTVSPropertyOp44
 70
     1
102
RTVSPropertyOp45
 70
     1
102
RTVSPropertyOp46
 70
     1
102
RTVSPropertyOp47
 70
     1
102
RTVSPropertyOp48
 70
     1
102
RTVSPropertyOp49
 70
     1
102
RTVSPropertyOp50
 70
     1
102
RTVSPropertyOp51
 70
     0
102
RTVSPropertyOp52
 70
     0
102
RTVSPropertyOp53
 70
     1
102
RTVSPropertyOp54
 70
     1
102
RTVSPropertyOp55
 70
     1
102
RTVSPropertyOp56
 70
     1
102
RTVSPropertyOp57
 70
     1
102
RTVSPropertyOp58
 70
     1
102
RTVSPropertyOp59
 70
     1
102
RTVSPropertyOp60
 70
     1
102
RTVSPropertyOp61
 70
     1
102
RTVSPropertyOp62
 70
     1
  0
XRECORD
  5
F2E
102
{ACAD_REACTORS
330
F2D
102
}
330
F2D
100
AcDbXrecord
280
     1
102
RTVSPost2010Prop28
280
     0
102
RTVSPost2010PropOp28
 70
     1
102
RTVSPost2010Prop29
280
     1
102
RTVSPost2010PropOp29
 70
     1
102
RTVSPost2010Prop30
280
     1
102
RTVSPost2010PropOp30
 70
     1
102
RTVSPost2010Prop31
280
     0
102
RTVSPost2010PropOp31
 70
     1
102
RTVSPost2010Prop32
280
     0
102
RTVSPost2010PropOp32
 70
     1
102
RTVSPost2010Prop33
280
     0
102
RTVSPost2010PropOp33
 70
     1
102
RTVSPost2010Prop34
280
     0
102
RTVSPost2010PropOp34
 70
     1
102
RTVSPost2010Prop35
280
     0
102
RTVSPost2010PropOp35
 70
     1
102
RTVSPost2010Prop36
280
     0
102
RTVSPost2010PropOp36
 70
     1
102
RTVSPost2010Prop37
 90
       50
102
RTVSPost2010PropOp37
 70
     1
102
RTVSPost2010Prop38
140
0.0
102
RTVSPost2010PropOp38
 70
     1
102
RTVSPost2010Prop39
140
1.0
102
RTVSPost2010PropOp39
 70
     1
102
RTVSPost2010Prop40
 90
        0
102
RTVSPost2010PropOp40
 70
     1
102
RTVSPost2010Prop41ColorIndex
 90
       18
102
RTVSPost2010Prop41ColorRGB
 90
        0
102
RTVSPost2010PropOp41
 70
     1
102
RTVSPost2010Prop42
 90
       50
102
RTVSPost2010PropOp42
 70
     1
102
RTVSPost2010Prop43
 90
        3
102
RTVSPost2010PropOp43
 70
     1
102
RTVSPost2010Prop44ColorIndex
 90
        5
102
RTVSPost2010Prop44ColorRGB
 90
      255
102
RTVSPost2010PropOp44
 70
     1
102
RTVSPost2010Prop45
280
     0
102
RTVSPost2010PropOp45
 70
     1
102
RTVSPost2010Prop46
 90
       50
102
RTVSPost2010PropOp46
 70
     1
102
RTVSPost2010Prop47
 90
       50
102
RTVSPost2010PropOp47
 70
     1
102
RTVSPost2010Prop48
 90
       50
102
RTVSPost2010PropOp48
 70
     1
102
RTVSPost2010Prop49
280
     0
102
RTVSPost2010PropOp49
 70
     1
102
RTVSPost2010Prop50
 90
       50
102
RTVSPost2010PropOp50
 70
     1
102
RTVSPost2010Prop51ColorIndex
 90
      256
102
RTVSPost2010Prop51ColorRGB
 90
-16777216
102
RTVSPost2010PropOp51
 70
     0
102
RTVSPost2010Prop52
140
1.0
102
RTVSPost2010PropOp52
 70
     0
102
RTVSPost2010Prop53
 90
        2
102
RTVSPost2010PropOp53
 70
     1
102
RTVSPost2010Prop54
  1
strokes_ogs.tif
102
RTVSPost2010PropOp54
 70
     1
102
RTVSPost2010Prop55
280
     0
102
RTVSPost2010PropOp55
 70
     1
102
RTVSPost2010Prop56
140
1.0
102
RTVSPost2010PropOp56
 70
     1
102
RTVSPost2010Prop57
140
1.0
102
RTVSPost2010PropOp57
 70
     1
102
RTVSPropertyOp0
 70
     0
102
RTVSPropertyOp1
 70
     0
102
RTVSPropertyOp2
 70
     0
102
RTVSPropertyOp3
 70
     0
102
RTVSPropertyOp4
 70
     0
102
RTVSPropertyOp5
 70
     0
102
RTVSPropertyOp6
 70
     0
102
RTVSPropertyOp7
 70
     0
102
RTVSPropertyOp8
 70
     0
102
RTVSPropertyOp9
 70
     0
102
RTVSPropertyOp10
 70
     0
102
RTVSPropertyOp11
 70
     0
102
RTVSPropertyOp12
 70
     0
102
RTVSPropertyOp13
 70
     0
102
RTVSPropertyOp14
 70
     2
102
RTVSPropertyOp15
 70
     0
102
RTVSPropertyOp16
 70
     0
102
RTVSPropertyOp17
 70
     0
102
RTVSPropertyOp18
 70
     0
102
RTVSPropertyOp19
 70
     0
102
RTVSPropertyOp20
 70
     0
102
RTVSPropertyOp21
 70
     0
102
RTVSPropertyOp22
 70
     0
102
RTVSPropertyOp23
 70
     0
102
RTVSPropertyOp24
 70
     0
102
RTVSPropertyOp25
 70
     0
102
RTVSPropertyOp26
 70
     0
102
RTVSPropertyOp27
 70
     0
102
RTVSPropertyOp28
 70
     1
102
RTVSPropertyOp29
 70
     1
102
RTVSPropertyOp30
 70
     1
102
RTVSPropertyOp31
 70
     1
102
RTVSPropertyOp32
 70
     1
102
RTVSPropertyOp33
 70
     1
102
RTVSPropertyOp34
 70
     1
102
RTVSPropertyOp35
 70
     1
102
RTVSPropertyOp36
 70
     1
102
RTVSPropertyOp37
 70
     1
102
RTVSPropertyOp38
 70
     1
102
RTVSPropertyOp39
 70
     1
102
RTVSPropertyOp40
 70
     1
102
RTVSPropertyOp41
 70
     1
102
RTVSPropertyOp42
 70
     1
102
RTVSPropertyOp43
 70
     1
102
RTVSPropertyOp44
 70
     1
102
RTVSPropertyOp45
 70
     1
102
RTVSPropertyOp46
 70
     1
102
RTVSPropertyOp47
 70
     1
102
RTVSPropertyOp48
 70
     1
102
RTVSPropertyOp49
 70
     1
102
RTVSPropertyOp50
 70
     1
102
RTVSPropertyOp51
 70
     0
102
RTVSPropertyOp52
 70
     0
102
RTVSPropertyOp53
 70
     1
102
RTVSPropertyOp54
 70
     1
102
RTVSPropertyOp55
 70
     1
102
RTVSPropertyOp56
 70
     1
102
RTVSPropertyOp57
 70
     1
102
RTVSPropertyOp58
 70
     1
102
RTVSPropertyOp59
 70
     1
102
RTVSPropertyOp60
 70
     1
102
RTVSPropertyOp61
 70
     1
102
RTVSPropertyOp62
 70
     1
  0
XRECORD
  5
F28
102
{ACAD_REACTORS
330
F27
102
}
330
F27
100
AcDbXrecord
280
     1
102
RTVSPost2010Prop28
280
     0
102
RTVSPost2010PropOp28
 70
     1
102
RTVSPost2010Prop29
280
     1
102
RTVSPost2010PropOp29
 70
     1
102
RTVSPost2010Prop30
280
     1
102
RTVSPost2010PropOp30
 70
     1
102
RTVSPost2010Prop31
280
     0
102
RTVSPost2010PropOp31
 70
     1
102
RTVSPost2010Prop32
280
     0
102
RTVSPost2010PropOp32
 70
     1
102
RTVSPost2010Prop33
280
     0
102
RTVSPost2010PropOp33
 70
     1
102
RTVSPost2010Prop34
280
     0
102
RTVSPost2010PropOp34
 70
     1
102
RTVSPost2010Prop35
280
     0
102
RTVSPost2010PropOp35
 70
     1
102
RTVSPost2010Prop36
280
     0
102
RTVSPost2010PropOp36
 70
     1
102
RTVSPost2010Prop37
 90
       50
102
RTVSPost2010PropOp37
 70
     1
102
RTVSPost2010Prop38
140
0.0
102
RTVSPost2010PropOp38
 70
     1
102
RTVSPost2010Prop39
140
1.0
102
RTVSPost2010PropOp39
 70
     1
102
RTVSPost2010Prop40
 90
        0
102
RTVSPost2010PropOp40
 70
     1
102
RTVSPost2010Prop41ColorIndex
 90
       18
102
RTVSPost2010Prop41ColorRGB
 90
        0
102
RTVSPost2010PropOp41
 70
     1
102
RTVSPost2010Prop42
 90
       50
102
RTVSPost2010PropOp42
 70
     1
102
RTVSPost2010Prop43
 90
        3
102
RTVSPost2010PropOp43
 70
     1
102
RTVSPost2010Prop44ColorIndex
 90
        5
102
RTVSPost2010Prop44ColorRGB
 90
      255
102
RTVSPost2010PropOp44
 70
     1
102
RTVSPost2010Prop45
280
     0
102
RTVSPost2010PropOp45
 70
     1
102
RTVSPost2010Prop46
 90
       50
102
RTVSPost2010PropOp46
 70
     1
102
RTVSPost2010Prop47
 90
       50
102
RTVSPost2010PropOp47
 70
     1
102
RTVSPost2010Prop48
 90
       50
102
RTVSPost2010PropOp48
 70
     1
102
RTVSPost2010Prop49
280
     0
102
RTVSPost2010PropOp49
 70
     1
102
RTVSPost2010Prop50
 90
       50
102
RTVSPost2010PropOp50
 70
     1
102
RTVSPost2010Prop51ColorIndex
 90
      256
102
RTVSPost2010Prop51ColorRGB
 90
-16777216
102
RTVSPost2010PropOp51
 70
     0
102
RTVSPost2010Prop52
140
1.0
102
RTVSPost2010PropOp52
 70
     0
102
RTVSPost2010Prop53
 90
        2
102
RTVSPost2010PropOp53
 70
     1
102
RTVSPost2010Prop54
  1
strokes_ogs.tif
102
RTVSPost2010PropOp54
 70
     1
102
RTVSPost2010Prop55
280
     0
102
RTVSPost2010PropOp55
 70
     1
102
RTVSPost2010Prop56
140
1.0
102
RTVSPost2010PropOp56
 70
     1
102
RTVSPost2010Prop57
140
1.0
102
RTVSPost2010PropOp57
 70
     1
102
RTVSPropertyOp0
 70
     1
102
RTVSPropertyOp1
 70
     1
102
RTVSPropertyOp2
 70
     1
102
RTVSPropertyOp3
 70
     1
102
RTVSPropertyOp4
 70
     1
102
RTVSPropertyOp5
 70
     1
102
RTVSPropertyOp6
 70
     1
102
RTVSPropertyOp7
 70
     1
102
RTVSPropertyOp8
 70
     1
102
RTVSPropertyOp9
 70
     1
102
RTVSPropertyOp10
 70
     1
102
RTVSPropertyOp11
 70
     1
102
RTVSPropertyOp12
 70
     1
102
RTVSPropertyOp13
 70
     1
102
RTVSPropertyOp14
 70
     1
102
RTVSPropertyOp15
 70
     1
102
RTVSPropertyOp16
 70
     1
102
RTVSPropertyOp17
 70
     1
102
RTVSPropertyOp18
 70
     1
102
RTVSPropertyOp19
 70
     1
102
RTVSPropertyOp20
 70
     1
102
RTVSPropertyOp21
 70
     1
102
RTVSPropertyOp22
 70
     1
102
RTVSPropertyOp23
 70
     1
102
RTVSPropertyOp24
 70
     1
102
RTVSPropertyOp25
 70
     1
102
RTVSPropertyOp26
 70
     1
102
RTVSPropertyOp27
 70
     1
102
RTVSPropertyOp28
 70
     1
102
RTVSPropertyOp29
 70
     1
102
RTVSPropertyOp30
 70
     1
102
RTVSPropertyOp31
 70
     1
102
RTVSPropertyOp32
 70
     1
102
RTVSPropertyOp33
 70
     1
102
RTVSPropertyOp34
 70
     1
102
RTVSPropertyOp35
 70
     1
102
RTVSPropertyOp36
 70
     1
102
RTVSPropertyOp37
 70
     1
102
RTVSPropertyOp38
 70
     1
102
RTVSPropertyOp39
 70
     1
102
RTVSPropertyOp40
 70
     1
102
RTVSPropertyOp41
 70
     1
102
RTVSPropertyOp42
 70
     1
102
RTVSPropertyOp43
 70
     1
102
RTVSPropertyOp44
 70
     1
102
RTVSPropertyOp45
 70
     1
102
RTVSPropertyOp46
 70
     1
102
RTVSPropertyOp47
 70
     1
102
RTVSPropertyOp48
 70
     1
102
RTVSPropertyOp49
 70
     1
102
RTVSPropertyOp50
 70
     1
102
RTVSPropertyOp51
 70
     0
102
RTVSPropertyOp52
 70
     0
102
RTVSPropertyOp53
 70
     1
102
RTVSPropertyOp54
 70
     1
102
RTVSPropertyOp55
 70
     1
102
RTVSPropertyOp56
 70
     1
102
RTVSPropertyOp57
 70
     1
102
RTVSPropertyOp58
 70
     1
102
RTVSPropertyOp59
 70
     1
102
RTVSPropertyOp60
 70
     1
102
RTVSPropertyOp61
 70
     1
102
RTVSPropertyOp62
 70
     1
  0
XRECORD
  5
F30
102
{ACAD_REACTORS
330
F2F
102
}
330
F2F
100
AcDbXrecord
280
     1
102
RTVSPost2010Prop28
280
     0
102
RTVSPost2010PropOp28
 70
     1
102
RTVSPost2010Prop29
280
     1
102
RTVSPost2010PropOp29
 70
     1
102
RTVSPost2010Prop30
280
     1
102
RTVSPost2010PropOp30
 70
     1
102
RTVSPost2010Prop31
280
     0
102
RTVSPost2010PropOp31
 70
     1
102
RTVSPost2010Prop32
280
     0
102
RTVSPost2010PropOp32
 70
     1
102
RTVSPost2010Prop33
280
     0
102
RTVSPost2010PropOp33
 70
     1
102
RTVSPost2010Prop34
280
     0
102
RTVSPost2010PropOp34
 70
     1
102
RTVSPost2010Prop35
280
     0
102
RTVSPost2010PropOp35
 70
     1
102
RTVSPost2010Prop36
280
     0
102
RTVSPost2010PropOp36
 70
     1
102
RTVSPost2010Prop37
 90
       50
102
RTVSPost2010PropOp37
 70
     1
102
RTVSPost2010Prop38
140
0.0
102
RTVSPost2010PropOp38
 70
     1
102
RTVSPost2010Prop39
140
1.0
102
RTVSPost2010PropOp39
 70
     1
102
RTVSPost2010Prop40
 90
        0
102
RTVSPost2010PropOp40
 70
     1
102
RTVSPost2010Prop41ColorIndex
 90
       18
102
RTVSPost2010Prop41ColorRGB
 90
        0
102
RTVSPost2010PropOp41
 70
     1
102
RTVSPost2010Prop42
 90
       50
102
RTVSPost2010PropOp42
 70
     1
102
RTVSPost2010Prop43
 90
        3
102
RTVSPost2010PropOp43
 70
     1
102
RTVSPost2010Prop44ColorIndex
 90
        5
102
RTVSPost2010Prop44ColorRGB
 90
      255
102
RTVSPost2010PropOp44
 70
     1
102
RTVSPost2010Prop45
280
     0
102
RTVSPost2010PropOp45
 70
     1
102
RTVSPost2010Prop46
 90
       50
102
RTVSPost2010PropOp46
 70
     1
102
RTVSPost2010Prop47
 90
       50
102
RTVSPost2010PropOp47
 70
     1
102
RTVSPost2010Prop48
 90
       50
102
RTVSPost2010PropOp48
 70
     1
102
RTVSPost2010Prop49
280
     0
102
RTVSPost2010PropOp49
 70
     1
102
RTVSPost2010Prop50
 90
       50
102
RTVSPost2010PropOp50
 70
     1
102
RTVSPost2010Prop51ColorIndex
 90
      256
102
RTVSPost2010Prop51ColorRGB
 90
-16777216
102
RTVSPost2010PropOp51
 70
     0
102
RTVSPost2010Prop52
140
1.0
102
RTVSPost2010PropOp52
 70
     0
102
RTVSPost2010Prop53
 90
        2
102
RTVSPost2010PropOp53
 70
     1
102
RTVSPost2010Prop54
  1
strokes_ogs.tif
102
RTVSPost2010PropOp54
 70
     1
102
RTVSPost2010Prop55
280
     0
102
RTVSPost2010PropOp55
 70
     1
102
RTVSPost2010Prop56
140
1.0
102
RTVSPost2010PropOp56
 70
     1
102
RTVSPost2010Prop57
140
1.0
102
RTVSPost2010PropOp57
 70
     1
102
RTVSPropertyOp0
 70
     0
102
RTVSPropertyOp1
 70
     0
102
RTVSPropertyOp2
 70
     0
102
RTVSPropertyOp3
 70
     0
102
RTVSPropertyOp4
 70
     0
102
RTVSPropertyOp5
 70
     0
102
RTVSPropertyOp6
 70
     0
102
RTVSPropertyOp7
 70
     0
102
RTVSPropertyOp8
 70
     0
102
RTVSPropertyOp9
 70
     0
102
RTVSPropertyOp10
 70
     0
102
RTVSPropertyOp11
 70
     0
102
RTVSPropertyOp12
 70
     0
102
RTVSPropertyOp13
 70
     0
102
RTVSPropertyOp14
 70
     2
102
RTVSPropertyOp15
 70
     0
102
RTVSPropertyOp16
 70
     0
102
RTVSPropertyOp17
 70
     0
102
RTVSPropertyOp18
 70
     0
102
RTVSPropertyOp19
 70
     0
102
RTVSPropertyOp20
 70
     0
102
RTVSPropertyOp21
 70
     0
102
RTVSPropertyOp22
 70
     0
102
RTVSPropertyOp23
 70
     0
102
RTVSPropertyOp24
 70
     0
102
RTVSPropertyOp25
 70
     0
102
RTVSPropertyOp26
 70
     0
102
RTVSPropertyOp27
 70
     0
102
RTVSPropertyOp28
 70
     1
102
RTVSPropertyOp29
 70
     1
102
RTVSPropertyOp30
 70
     1
102
RTVSPropertyOp31
 70
     1
102
RTVSPropertyOp32
 70
     1
102
RTVSPropertyOp33
 70
     1
102
RTVSPropertyOp34
 70
     1
102
RTVSPropertyOp35
 70
     1
102
RTVSPropertyOp36
 70
     1
102
RTVSPropertyOp37
 70
     1
102
RTVSPropertyOp38
 70
     1
102
RTVSPropertyOp39
 70
     1
102
RTVSPropertyOp40
 70
     1
102
RTVSPropertyOp41
 70
     1
102
RTVSPropertyOp42
 70
     1
102
RTVSPropertyOp43
 70
     1
102
RTVSPropertyOp44
 70
     1
102
RTVSPropertyOp45
 70
     1
102
RTVSPropertyOp46
 70
     1
102
RTVSPropertyOp47
 70
     1
102
RTVSPropertyOp48
 70
     1
102
RTVSPropertyOp49
 70
     1
102
RTVSPropertyOp50
 70
     1
102
RTVSPropertyOp51
 70
     0
102
RTVSPropertyOp52
 70
     0
102
RTVSPropertyOp53
 70
     1
102
RTVSPropertyOp54
 70
     1
102
RTVSPropertyOp55
 70
     1
102
RTVSPropertyOp56
 70
     1
102
RTVSPropertyOp57
 70
     1
102
RTVSPropertyOp58
 70
     1
102
RTVSPropertyOp59
 70
     1
102
RTVSPropertyOp60
 70
     1
102
RTVSPropertyOp61
 70
     1
102
RTVSPropertyOp62
 70
     1
  0
XRECORD
  5
F20
102
{ACAD_REACTORS
330
F1F
102
}
330
F1F
100
AcDbXrecord
280
     1
102
RTVSPost2010Prop28
280
     0
102
RTVSPost2010PropOp28
 70
     1
102
RTVSPost2010Prop29
280
     1
102
RTVSPost2010PropOp29
 70
     1
102
RTVSPost2010Prop30
280
     1
102
RTVSPost2010PropOp30
 70
     1
102
RTVSPost2010Prop31
280
     0
102
RTVSPost2010PropOp31
 70
     1
102
RTVSPost2010Prop32
280
     0
102
RTVSPost2010PropOp32
 70
     1
102
RTVSPost2010Prop33
280
     0
102
RTVSPost2010PropOp33
 70
     1
102
RTVSPost2010Prop34
280
     0
102
RTVSPost2010PropOp34
 70
     1
102
RTVSPost2010Prop35
280
     0
102
RTVSPost2010PropOp35
 70
     1
102
RTVSPost2010Prop36
280
     0
102
RTVSPost2010PropOp36
 70
     1
102
RTVSPost2010Prop37
 90
       50
102
RTVSPost2010PropOp37
 70
     1
102
RTVSPost2010Prop38
140
0.0
102
RTVSPost2010PropOp38
 70
     1
102
RTVSPost2010Prop39
140
1.0
102
RTVSPost2010PropOp39
 70
     1
102
RTVSPost2010Prop40
 90
        0
102
RTVSPost2010PropOp40
 70
     1
102
RTVSPost2010Prop41ColorIndex
 90
       18
102
RTVSPost2010Prop41ColorRGB
 90
        0
102
RTVSPost2010PropOp41
 70
     1
102
RTVSPost2010Prop42
 90
       50
102
RTVSPost2010PropOp42
 70
     1
102
RTVSPost2010Prop43
 90
        3
102
RTVSPost2010PropOp43
 70
     1
102
RTVSPost2010Prop44ColorIndex
 90
        5
102
RTVSPost2010Prop44ColorRGB
 90
      255
102
RTVSPost2010PropOp44
 70
     1
102
RTVSPost2010Prop45
280
     0
102
RTVSPost2010PropOp45
 70
     1
102
RTVSPost2010Prop46
 90
       50
102
RTVSPost2010PropOp46
 70
     1
102
RTVSPost2010Prop47
 90
       50
102
RTVSPost2010PropOp47
 70
     1
102
RTVSPost2010Prop48
 90
       50
102
RTVSPost2010PropOp48
 70
     1
102
RTVSPost2010Prop49
280
     0
102
RTVSPost2010PropOp49
 70
     1
102
RTVSPost2010Prop50
 90
       50
102
RTVSPost2010PropOp50
 70
     1
102
RTVSPost2010Prop51ColorIndex
 90
      256
102
RTVSPost2010Prop51ColorRGB
 90
-16777216
102
RTVSPost2010PropOp51
 70
     0
102
RTVSPost2010Prop52
140
1.0
102
RTVSPost2010PropOp52
 70
     0
102
RTVSPost2010Prop53
 90
        2
102
RTVSPost2010PropOp53
 70
     1
102
RTVSPost2010Prop54
  1
strokes_ogs.tif
102
RTVSPost2010PropOp54
 70
     1
102
RTVSPost2010Prop55
280
     0
102
RTVSPost2010PropOp55
 70
     1
102
RTVSPost2010Prop56
140
1.0
102
RTVSPost2010PropOp56
 70
     1
102
RTVSPost2010Prop57
140
1.0
102
RTVSPost2010PropOp57
 70
     1
102
RTVSPropertyOp0
 70
     1
102
RTVSPropertyOp1
 70
     1
102
RTVSPropertyOp2
 70
     1
102
RTVSPropertyOp3
 70
     1
102
RTVSPropertyOp4
 70
     1
102
RTVSPropertyOp5
 70
     1
102
RTVSPropertyOp6
 70
     1
102
RTVSPropertyOp7
 70
     1
102
RTVSPropertyOp8
 70
     1
102
RTVSPropertyOp9
 70
     1
102
RTVSPropertyOp10
 70
     1
102
RTVSPropertyOp11
 70
     1
102
RTVSPropertyOp12
 70
     1
102
RTVSPropertyOp13
 70
     1
102
RTVSPropertyOp14
 70
     1
102
RTVSPropertyOp15
 70
     1
102
RTVSPropertyOp16
 70
     1
102
RTVSPropertyOp17
 70
     1
102
RTVSPropertyOp18
 70
     1
102
RTVSPropertyOp19
 70
     1
102
RTVSPropertyOp20
 70
     1
102
RTVSPropertyOp21
 70
     1
102
RTVSPropertyOp22
 70
     1
102
RTVSPropertyOp23
 70
     1
102
RTVSPropertyOp24
 70
     1
102
RTVSPropertyOp25
 70
     1
102
RTVSPropertyOp26
 70
     1
102
RTVSPropertyOp27
 70
     1
102
RTVSPropertyOp28
 70
     1
102
RTVSPropertyOp29
 70
     1
102
RTVSPropertyOp30
 70
     1
102
RTVSPropertyOp31
 70
     1
102
RTVSPropertyOp32
 70
     1
102
RTVSPropertyOp33
 70
     1
102
RTVSPropertyOp34
 70
     1
102
RTVSPropertyOp35
 70
     1
102
RTVSPropertyOp36
 70
     1
102
RTVSPropertyOp37
 70
     1
102
RTVSPropertyOp38
 70
     1
102
RTVSPropertyOp39
 70
     1
102
RTVSPropertyOp40
 70
     1
102
RTVSPropertyOp41
 70
     1
102
RTVSPropertyOp42
 70
     1
102
RTVSPropertyOp43
 70
     1
102
RTVSPropertyOp44
 70
     1
102
RTVSPropertyOp45
 70
     1
102
RTVSPropertyOp46
 70
     1
102
RTVSPropertyOp47
 70
     1
102
RTVSPropertyOp48
 70
     1
102
RTVSPropertyOp49
 70
     1
102
RTVSPropertyOp50
 70
     1
102
RTVSPropertyOp51
 70
     0
102
RTVSPropertyOp52
 70
     0
102
RTVSPropertyOp53
 70
     1
102
RTVSPropertyOp54
 70
     1
102
RTVSPropertyOp55
 70
     1
102
RTVSPropertyOp56
 70
     1
102
RTVSPropertyOp57
 70
     1
102
RTVSPropertyOp58
 70
     1
102
RTVSPropertyOp59
 70
     1
102
RTVSPropertyOp60
 70
     1
102
RTVSPropertyOp61
 70
     1
102
RTVSPropertyOp62
 70
     1
  0
XRECORD
  5
F3C
102
{ACAD_REACTORS
330
F3B
102
}
330
F3B
100
AcDbXrecord
280
     1
102
RTVSPost2010Prop28
280
     0
102
RTVSPost2010PropOp28
 70
     1
102
RTVSPost2010Prop29
280
     1
102
RTVSPost2010PropOp29
 70
     1
102
RTVSPost2010Prop30
280
     1
102
RTVSPost2010PropOp30
 70
     1
102
RTVSPost2010Prop31
280
     0
102
RTVSPost2010PropOp31
 70
     1
102
RTVSPost2010Prop32
280
     0
102
RTVSPost2010PropOp32
 70
     1
102
RTVSPost2010Prop33
280
     0
102
RTVSPost2010PropOp33
 70
     1
102
RTVSPost2010Prop34
280
     0
102
RTVSPost2010PropOp34
 70
     1
102
RTVSPost2010Prop35
280
     0
102
RTVSPost2010PropOp35
 70
     1
102
RTVSPost2010Prop36
280
     0
102
RTVSPost2010PropOp36
 70
     1
102
RTVSPost2010Prop37
 90
       50
102
RTVSPost2010PropOp37
 70
     1
102
RTVSPost2010Prop38
140
0.0
102
RTVSPost2010PropOp38
 70
     1
102
RTVSPost2010Prop39
140
1.0
102
RTVSPost2010PropOp39
 70
     1
102
RTVSPost2010Prop40
 90
        0
102
RTVSPost2010PropOp40
 70
     1
102
RTVSPost2010Prop41ColorIndex
 90
       18
102
RTVSPost2010Prop41ColorRGB
 90
        0
102
RTVSPost2010PropOp41
 70
     1
102
RTVSPost2010Prop42
 90
       50
102
RTVSPost2010PropOp42
 70
     1
102
RTVSPost2010Prop43
 90
        3
102
RTVSPost2010PropOp43
 70
     1
102
RTVSPost2010Prop44ColorIndex
 90
        5
102
RTVSPost2010Prop44ColorRGB
 90
      255
102
RTVSPost2010PropOp44
 70
     1
102
RTVSPost2010Prop45
280
     0
102
RTVSPost2010PropOp45
 70
     1
102
RTVSPost2010Prop46
 90
       50
102
RTVSPost2010PropOp46
 70
     1
102
RTVSPost2010Prop47
 90
       50
102
RTVSPost2010PropOp47
 70
     1
102
RTVSPost2010Prop48
 90
       50
102
RTVSPost2010PropOp48
 70
     1
102
RTVSPost2010Prop49
280
     0
102
RTVSPost2010PropOp49
 70
     1
102
RTVSPost2010Prop50
 90
       50
102
RTVSPost2010PropOp50
 70
     1
102
RTVSPost2010Prop51ColorIndex
 90
      256
102
RTVSPost2010Prop51ColorRGB
 90
-16777216
102
RTVSPost2010PropOp51
 70
     0
102
RTVSPost2010Prop52
140
1.0
102
RTVSPost2010PropOp52
 70
     0
102
RTVSPost2010Prop53
 90
        2
102
RTVSPost2010PropOp53
 70
     1
102
RTVSPost2010Prop54
  1
strokes_ogs.tif
102
RTVSPost2010PropOp54
 70
     1
102
RTVSPost2010Prop55
280
     0
102
RTVSPost2010PropOp55
 70
     1
102
RTVSPost2010Prop56
140
1.0
102
RTVSPost2010PropOp56
 70
     1
102
RTVSPost2010Prop57
140
1.0
102
RTVSPost2010PropOp57
 70
     1
102
RTVSPropertyOp0
 70
     1
102
RTVSPropertyOp1
 70
     1
102
RTVSPropertyOp2
 70
     1
102
RTVSPropertyOp3
 70
     1
102
RTVSPropertyOp4
 70
     1
102
RTVSPropertyOp5
 70
     1
102
RTVSPropertyOp6
 70
     1
102
RTVSPropertyOp7
 70
     1
102
RTVSPropertyOp8
 70
     1
102
RTVSPropertyOp9
 70
     1
102
RTVSPropertyOp10
 70
     1
102
RTVSPropertyOp11
 70
     1
102
RTVSPropertyOp12
 70
     1
102
RTVSPropertyOp13
 70
     1
102
RTVSPropertyOp14
 70
     1
102
RTVSPropertyOp15
 70
     1
102
RTVSPropertyOp16
 70
     1
102
RTVSPropertyOp17
 70
     1
102
RTVSPropertyOp18
 70
     1
102
RTVSPropertyOp19
 70
     1
102
RTVSPropertyOp20
 70
     1
102
RTVSPropertyOp21
 70
     1
102
RTVSPropertyOp22
 70
     1
102
RTVSPropertyOp23
 70
     1
102
RTVSPropertyOp24
 70
     1
102
RTVSPropertyOp25
 70
     1
102
RTVSPropertyOp26
 70
     1
102
RTVSPropertyOp27
 70
     1
102
RTVSPropertyOp28
 70
     1
102
RTVSPropertyOp29
 70
     1
102
RTVSPropertyOp30
 70
     1
102
RTVSPropertyOp31
 70
     1
102
RTVSPropertyOp32
 70
     1
102
RTVSPropertyOp33
 70
     1
102
RTVSPropertyOp34
 70
     1
102
RTVSPropertyOp35
 70
     1
102
RTVSPropertyOp36
 70
     1
102
RTVSPropertyOp37
 70
     1
102
RTVSPropertyOp38
 70
     1
102
RTVSPropertyOp39
 70
     1
102
RTVSPropertyOp40
 70
     1
102
RTVSPropertyOp41
 70
     1
102
RTVSPropertyOp42
 70
     1
102
RTVSPropertyOp43
 70
     1
102
RTVSPropertyOp44
 70
     1
102
RTVSPropertyOp45
 70
     1
102
RTVSPropertyOp46
 70
     1
102
RTVSPropertyOp47
 70
     1
102
RTVSPropertyOp48
 70
     1
102
RTVSPropertyOp49
 70
     1
102
RTVSPropertyOp50
 70
     1
102
RTVSPropertyOp51
 70
     0
102
RTVSPropertyOp52
 70
     0
102
RTVSPropertyOp53
 70
     1
102
RTVSPropertyOp54
 70
     1
102
RTVSPropertyOp55
 70
     1
102
RTVSPropertyOp56
 70
     1
102
RTVSPropertyOp57
 70
     1
102
RTVSPropertyOp58
 70
     1
102
RTVSPropertyOp59
 70
     1
102
RTVSPropertyOp60
 70
     1
102
RTVSPropertyOp61
 70
     1
102
RTVSPropertyOp62
 70
     1
  0
XRECORD
  5
F3A
102
{ACAD_REACTORS
330
F39
102
}
330
F39
100
AcDbXrecord
280
     1
102
RTVSPost2010Prop28
280
     0
102
RTVSPost2010PropOp28
 70
     1
102
RTVSPost2010Prop29
280
     1
102
RTVSPost2010PropOp29
 70
     1
102
RTVSPost2010Prop30
280
     1
102
RTVSPost2010PropOp30
 70
     1
102
RTVSPost2010Prop31
280
     0
102
RTVSPost2010PropOp31
 70
     1
102
RTVSPost2010Prop32
280
     0
102
RTVSPost2010PropOp32
 70
     1
102
RTVSPost2010Prop33
280
     0
102
RTVSPost2010PropOp33
 70
     1
102
RTVSPost2010Prop34
280
     0
102
RTVSPost2010PropOp34
 70
     1
102
RTVSPost2010Prop35
280
     0
102
RTVSPost2010PropOp35
 70
     1
102
RTVSPost2010Prop36
280
     0
102
RTVSPost2010PropOp36
 70
     1
102
RTVSPost2010Prop37
 90
       50
102
RTVSPost2010PropOp37
 70
     1
102
RTVSPost2010Prop38
140
0.0
102
RTVSPost2010PropOp38
 70
     1
102
RTVSPost2010Prop39
140
1.0
102
RTVSPost2010PropOp39
 70
     1
102
RTVSPost2010Prop40
 90
        0
102
RTVSPost2010PropOp40
 70
     1
102
RTVSPost2010Prop41ColorIndex
 90
       18
102
RTVSPost2010Prop41ColorRGB
 90
        0
102
RTVSPost2010PropOp41
 70
     1
102
RTVSPost2010Prop42
 90
       50
102
RTVSPost2010PropOp42
 70
     1
102
RTVSPost2010Prop43
 90
        3
102
RTVSPost2010PropOp43
 70
     1
102
RTVSPost2010Prop44ColorIndex
 90
        5
102
RTVSPost2010Prop44ColorRGB
 90
      255
102
RTVSPost2010PropOp44
 70
     1
102
RTVSPost2010Prop45
280
     0
102
RTVSPost2010PropOp45
 70
     1
102
RTVSPost2010Prop46
 90
       50
102
RTVSPost2010PropOp46
 70
     1
102
RTVSPost2010Prop47
 90
       50
102
RTVSPost2010PropOp47
 70
     1
102
RTVSPost2010Prop48
 90
       50
102
RTVSPost2010PropOp48
 70
     1
102
RTVSPost2010Prop49
280
     0
102
RTVSPost2010PropOp49
 70
     1
102
RTVSPost2010Prop50
 90
       50
102
RTVSPost2010PropOp50
 70
     1
102
RTVSPost2010Prop51ColorIndex
 90
      256
102
RTVSPost2010Prop51ColorRGB
 90
-16777216
102
RTVSPost2010PropOp51
 70
     0
102
RTVSPost2010Prop52
140
1.0
102
RTVSPost2010PropOp52
 70
     0
102
RTVSPost2010Prop53
 90
        2
102
RTVSPost2010PropOp53
 70
     1
102
RTVSPost2010Prop54
  1
strokes_ogs.tif
102
RTVSPost2010PropOp54
 70
     1
102
RTVSPost2010Prop55
280
     0
102
RTVSPost2010PropOp55
 70
     1
102
RTVSPost2010Prop56
140
1.0
102
RTVSPost2010PropOp56
 70
     1
102
RTVSPost2010Prop57
140
1.0
102
RTVSPost2010PropOp57
 70
     1
102
RTVSPropertyOp0
 70
     1
102
RTVSPropertyOp1
 70
     1
102
RTVSPropertyOp2
 70
     1
102
RTVSPropertyOp3
 70
     1
102
RTVSPropertyOp4
 70
     1
102
RTVSPropertyOp5
 70
     1
102
RTVSPropertyOp6
 70
     1
102
RTVSPropertyOp7
 70
     1
102
RTVSPropertyOp8
 70
     1
102
RTVSPropertyOp9
 70
     1
102
RTVSPropertyOp10
 70
     1
102
RTVSPropertyOp11
 70
     1
102
RTVSPropertyOp12
 70
     1
102
RTVSPropertyOp13
 70
     1
102
RTVSPropertyOp14
 70
     1
102
RTVSPropertyOp15
 70
     1
102
RTVSPropertyOp16
 70
     1
102
RTVSPropertyOp17
 70
     1
102
RTVSPropertyOp18
 70
     1
102
RTVSPropertyOp19
 70
     1
102
RTVSPropertyOp20
 70
     1
102
RTVSPropertyOp21
 70
     1
102
RTVSPropertyOp22
 70
     1
102
RTVSPropertyOp23
 70
     1
102
RTVSPropertyOp24
 70
     1
102
RTVSPropertyOp25
 70
     1
102
RTVSPropertyOp26
 70
     1
102
RTVSPropertyOp27
 70
     1
102
RTVSPropertyOp28
 70
     1
102
RTVSPropertyOp29
 70
     1
102
RTVSPropertyOp30
 70
     1
102
RTVSPropertyOp31
 70
     1
102
RTVSPropertyOp32
 70
     1
102
RTVSPropertyOp33
 70
     1
102
RTVSPropertyOp34
 70
     1
102
RTVSPropertyOp35
 70
     1
102
RTVSPropertyOp36
 70
     1
102
RTVSPropertyOp37
 70
     1
102
RTVSPropertyOp38
 70
     1
102
RTVSPropertyOp39
 70
     1
102
RTVSPropertyOp40
 70
     1
102
RTVSPropertyOp41
 70
     1
102
RTVSPropertyOp42
 70
     1
102
RTVSPropertyOp43
 70
     1
102
RTVSPropertyOp44
 70
     1
102
RTVSPropertyOp45
 70
     1
102
RTVSPropertyOp46
 70
     1
102
RTVSPropertyOp47
 70
     1
102
RTVSPropertyOp48
 70
     1
102
RTVSPropertyOp49
 70
     1
102
RTVSPropertyOp50
 70
     1
102
RTVSPropertyOp51
 70
     0
102
RTVSPropertyOp52
 70
     0
102
RTVSPropertyOp53
 70
     1
102
RTVSPropertyOp54
 70
     1
102
RTVSPropertyOp55
 70
     1
102
RTVSPropertyOp56
 70
     1
102
RTVSPropertyOp57
 70
     1
102
RTVSPropertyOp58
 70
     1
102
RTVSPropertyOp59
 70
     1
102
RTVSPropertyOp60
 70
     1
102
RTVSPropertyOp61
 70
     1
102
RTVSPropertyOp62
 70
     1
  0
XRECORD
  5
F34
102
{ACAD_REACTORS
330
F33
102
}
330
F33
100
AcDbXrecord
280
     1
102
RTVSPost2010Prop28
280
     0
102
RTVSPost2010PropOp28
 70
     1
102
RTVSPost2010Prop29
280
     1
102
RTVSPost2010PropOp29
 70
     1
102
RTVSPost2010Prop30
280
     1
102
RTVSPost2010PropOp30
 70
     1
102
RTVSPost2010Prop31
280
     0
102
RTVSPost2010PropOp31
 70
     1
102
RTVSPost2010Prop32
280
     0
102
RTVSPost2010PropOp32
 70
     1
102
RTVSPost2010Prop33
280
     0
102
RTVSPost2010PropOp33
 70
     1
102
RTVSPost2010Prop34
280
     0
102
RTVSPost2010PropOp34
 70
     1
102
RTVSPost2010Prop35
280
     0
102
RTVSPost2010PropOp35
 70
     1
102
RTVSPost2010Prop36
280
     0
102
RTVSPost2010PropOp36
 70
     1
102
RTVSPost2010Prop37
 90
       50
102
RTVSPost2010PropOp37
 70
     1
102
RTVSPost2010Prop38
140
0.0
102
RTVSPost2010PropOp38
 70
     1
102
RTVSPost2010Prop39
140
1.0
102
RTVSPost2010PropOp39
 70
     1
102
RTVSPost2010Prop40
 90
        0
102
RTVSPost2010PropOp40
 70
     1
102
RTVSPost2010Prop41ColorIndex
 90
       18
102
RTVSPost2010Prop41ColorRGB
 90
        0
102
RTVSPost2010PropOp41
 70
     1
102
RTVSPost2010Prop42
 90
       50
102
RTVSPost2010PropOp42
 70
     1
102
RTVSPost2010Prop43
 90
        3
102
RTVSPost2010PropOp43
 70
     1
102
RTVSPost2010Prop44ColorIndex
 90
        5
102
RTVSPost2010Prop44ColorRGB
 90
      255
102
RTVSPost2010PropOp44
 70
     1
102
RTVSPost2010Prop45
280
     0
102
RTVSPost2010PropOp45
 70
     1
102
RTVSPost2010Prop46
 90
       50
102
RTVSPost2010PropOp46
 70
     1
102
RTVSPost2010Prop47
 90
       50
102
RTVSPost2010PropOp47
 70
     1
102
RTVSPost2010Prop48
 90
       50
102
RTVSPost2010PropOp48
 70
     1
102
RTVSPost2010Prop49
280
     0
102
RTVSPost2010PropOp49
 70
     1
102
RTVSPost2010Prop50
 90
       50
102
RTVSPost2010PropOp50
 70
     1
102
RTVSPost2010Prop51ColorIndex
 90
      256
102
RTVSPost2010Prop51ColorRGB
 90
-16777216
102
RTVSPost2010PropOp51
 70
     0
102
RTVSPost2010Prop52
140
1.0
102
RTVSPost2010PropOp52
 70
     0
102
RTVSPost2010Prop53
 90
        2
102
RTVSPost2010PropOp53
 70
     1
102
RTVSPost2010Prop54
  1
strokes_ogs.tif
102
RTVSPost2010PropOp54
 70
     1
102
RTVSPost2010Prop55
280
     0
102
RTVSPost2010PropOp55
 70
     1
102
RTVSPost2010Prop56
140
1.0
102
RTVSPost2010PropOp56
 70
     1
102
RTVSPost2010Prop57
140
1.0
102
RTVSPost2010PropOp57
 70
     1
102
RTVSPropertyOp0
 70
     1
102
RTVSPropertyOp1
 70
     1
102
RTVSPropertyOp2
 70
     1
102
RTVSPropertyOp3
 70
     1
102
RTVSPropertyOp4
 70
     1
102
RTVSPropertyOp5
 70
     1
102
RTVSPropertyOp6
 70
     1
102
RTVSPropertyOp7
 70
     1
102
RTVSPropertyOp8
 70
     1
102
RTVSPropertyOp9
 70
     1
102
RTVSPropertyOp10
 70
     1
102
RTVSPropertyOp11
 70
     1
102
RTVSPropertyOp12
 70
     1
102
RTVSPropertyOp13
 70
     1
102
RTVSPropertyOp14
 70
     1
102
RTVSPropertyOp15
 70
     1
102
RTVSPropertyOp16
 70
     1
102
RTVSPropertyOp17
 70
     1
102
RTVSPropertyOp18
 70
     1
102
RTVSPropertyOp19
 70
     1
102
RTVSPropertyOp20
 70
     1
102
RTVSPropertyOp21
 70
     1
102
RTVSPropertyOp22
 70
     1
102
RTVSPropertyOp23
 70
     1
102
RTVSPropertyOp24
 70
     1
102
RTVSPropertyOp25
 70
     1
102
RTVSPropertyOp26
 70
     1
102
RTVSPropertyOp27
 70
     1
102
RTVSPropertyOp28
 70
     1
102
RTVSPropertyOp29
 70
     1
102
RTVSPropertyOp30
 70
     1
102
RTVSPropertyOp31
 70
     1
102
RTVSPropertyOp32
 70
     1
102
RTVSPropertyOp33
 70
     1
102
RTVSPropertyOp34
 70
     1
102
RTVSPropertyOp35
 70
     1
102
RTVSPropertyOp36
 70
     1
102
RTVSPropertyOp37
 70
     1
102
RTVSPropertyOp38
 70
     1
102
RTVSPropertyOp39
 70
     1
102
RTVSPropertyOp40
 70
     1
102
RTVSPropertyOp41
 70
     1
102
RTVSPropertyOp42
 70
     1
102
RTVSPropertyOp43
 70
     1
102
RTVSPropertyOp44
 70
     1
102
RTVSPropertyOp45
 70
     1
102
RTVSPropertyOp46
 70
     1
102
RTVSPropertyOp47
 70
     1
102
RTVSPropertyOp48
 70
     1
102
RTVSPropertyOp49
 70
     1
102
RTVSPropertyOp50
 70
     1
102
RTVSPropertyOp51
 70
     0
102
RTVSPropertyOp52
 70
     0
102
RTVSPropertyOp53
 70
     1
102
RTVSPropertyOp54
 70
     1
102
RTVSPropertyOp55
 70
     1
102
RTVSPropertyOp56
 70
     1
102
RTVSPropertyOp57
 70
     1
102
RTVSPropertyOp58
 70
     1
102
RTVSPropertyOp59
 70
     1
102
RTVSPropertyOp60
 70
     1
102
RTVSPropertyOp61
 70
     1
102
RTVSPropertyOp62
 70
     1
  0
XRECORD
  5
F36
102
{ACAD_REACTORS
330
F35
102
}
330
F35
100
AcDbXrecord
280
     1
102
RTVSPost2010Prop28
280
     0
102
RTVSPost2010PropOp28
 70
     1
102
RTVSPost2010Prop29
280
     1
102
RTVSPost2010PropOp29
 70
     1
102
RTVSPost2010Prop30
280
     1
102
RTVSPost2010PropOp30
 70
     1
102
RTVSPost2010Prop31
280
     0
102
RTVSPost2010PropOp31
 70
     1
102
RTVSPost2010Prop32
280
     0
102
RTVSPost2010PropOp32
 70
     1
102
RTVSPost2010Prop33
280
     0
102
RTVSPost2010PropOp33
 70
     1
102
RTVSPost2010Prop34
280
     0
102
RTVSPost2010PropOp34
 70
     1
102
RTVSPost2010Prop35
280
     0
102
RTVSPost2010PropOp35
 70
     1
102
RTVSPost2010Prop36
280
     0
102
RTVSPost2010PropOp36
 70
     1
102
RTVSPost2010Prop37
 90
       50
102
RTVSPost2010PropOp37
 70
     1
102
RTVSPost2010Prop38
140
0.0
102
RTVSPost2010PropOp38
 70
     1
102
RTVSPost2010Prop39
140
1.0
102
RTVSPost2010PropOp39
 70
     1
102
RTVSPost2010Prop40
 90
        0
102
RTVSPost2010PropOp40
 70
     1
102
RTVSPost2010Prop41ColorIndex
 90
       18
102
RTVSPost2010Prop41ColorRGB
 90
        0
102
RTVSPost2010PropOp41
 70
     1
102
RTVSPost2010Prop42
 90
       50
102
RTVSPost2010PropOp42
 70
     1
102
RTVSPost2010Prop43
 90
        3
102
RTVSPost2010PropOp43
 70
     1
102
RTVSPost2010Prop44ColorIndex
 90
        5
102
RTVSPost2010Prop44ColorRGB
 90
      255
102
RTVSPost2010PropOp44
 70
     1
102
RTVSPost2010Prop45
280
     0
102
RTVSPost2010PropOp45
 70
     1
102
RTVSPost2010Prop46
 90
       50
102
RTVSPost2010PropOp46
 70
     1
102
RTVSPost2010Prop47
 90
       50
102
RTVSPost2010PropOp47
 70
     1
102
RTVSPost2010Prop48
 90
       50
102
RTVSPost2010PropOp48
 70
     1
102
RTVSPost2010Prop49
280
     0
102
RTVSPost2010PropOp49
 70
     1
102
RTVSPost2010Prop50
 90
       50
102
RTVSPost2010PropOp50
 70
     1
102
RTVSPost2010Prop51ColorIndex
 90
      256
102
RTVSPost2010Prop51ColorRGB
 90
-16777216
102
RTVSPost2010PropOp51
 70
     0
102
RTVSPost2010Prop52
140
1.0
102
RTVSPost2010PropOp52
 70
     0
102
RTVSPost2010Prop53
 90
        2
102
RTVSPost2010PropOp53
 70
     1
102
RTVSPost2010Prop54
  1
strokes_ogs.tif
102
RTVSPost2010PropOp54
 70
     1
102
RTVSPost2010Prop55
280
     0
102
RTVSPost2010PropOp55
 70
     1
102
RTVSPost2010Prop56
140
1.0
102
RTVSPost2010PropOp56
 70
     1
102
RTVSPost2010Prop57
140
1.0
102
RTVSPost2010PropOp57
 70
     1
102
RTVSPropertyOp0
 70
     1
102
RTVSPropertyOp1
 70
     1
102
RTVSPropertyOp2
 70
     1
102
RTVSPropertyOp3
 70
     1
102
RTVSPropertyOp4
 70
     1
102
RTVSPropertyOp5
 70
     1
102
RTVSPropertyOp6
 70
     1
102
RTVSPropertyOp7
 70
     1
102
RTVSPropertyOp8
 70
     1
102
RTVSPropertyOp9
 70
     1
102
RTVSPropertyOp10
 70
     1
102
RTVSPropertyOp11
 70
     1
102
RTVSPropertyOp12
 70
     1
102
RTVSPropertyOp13
 70
     1
102
RTVSPropertyOp14
 70
     1
102
RTVSPropertyOp15
 70
     1
102
RTVSPropertyOp16
 70
     1
102
RTVSPropertyOp17
 70
     1
102
RTVSPropertyOp18
 70
     1
102
RTVSPropertyOp19
 70
     1
102
RTVSPropertyOp20
 70
     1
102
RTVSPropertyOp21
 70
     1
102
RTVSPropertyOp22
 70
     1
102
RTVSPropertyOp23
 70
     1
102
RTVSPropertyOp24
 70
     1
102
RTVSPropertyOp25
 70
     1
102
RTVSPropertyOp26
 70
     1
102
RTVSPropertyOp27
 70
     1
102
RTVSPropertyOp28
 70
     1
102
RTVSPropertyOp29
 70
     1
102
RTVSPropertyOp30
 70
     1
102
RTVSPropertyOp31
 70
     1
102
RTVSPropertyOp32
 70
     1
102
RTVSPropertyOp33
 70
     1
102
RTVSPropertyOp34
 70
     1
102
RTVSPropertyOp35
 70
     1
102
RTVSPropertyOp36
 70
     1
102
RTVSPropertyOp37
 70
     1
102
RTVSPropertyOp38
 70
     1
102
RTVSPropertyOp39
 70
     1
102
RTVSPropertyOp40
 70
     1
102
RTVSPropertyOp41
 70
     1
102
RTVSPropertyOp42
 70
     1
102
RTVSPropertyOp43
 70
     1
102
RTVSPropertyOp44
 70
     1
102
RTVSPropertyOp45
 70
     1
102
RTVSPropertyOp46
 70
     1
102
RTVSPropertyOp47
 70
     1
102
RTVSPropertyOp48
 70
     1
102
RTVSPropertyOp49
 70
     1
102
RTVSPropertyOp50
 70
     1
102
RTVSPropertyOp51
 70
     0
102
RTVSPropertyOp52
 70
     0
102
RTVSPropertyOp53
 70
     1
102
RTVSPropertyOp54
 70
     1
102
RTVSPropertyOp55
 70
     1
102
RTVSPropertyOp56
 70
     1
102
RTVSPropertyOp57
 70
     1
102
RTVSPropertyOp58
 70
     1
102
RTVSPropertyOp59
 70
     1
102
RTVSPropertyOp60
 70
     1
102
RTVSPropertyOp61
 70
     1
102
RTVSPropertyOp62
 70
     1
  0
XRECORD
  5
F26
102
{ACAD_REACTORS
330
F25
102
}
330
F25
100
AcDbXrecord
280
     1
102
RTVSPost2010Prop28
280
     0
102
RTVSPost2010PropOp28
 70
     1
102
RTVSPost2010Prop29
280
     1
102
RTVSPost2010PropOp29
 70
     1
102
RTVSPost2010Prop30
280
     1
102
RTVSPost2010PropOp30
 70
     1
102
RTVSPost2010Prop31
280
     0
102
RTVSPost2010PropOp31
 70
     1
102
RTVSPost2010Prop32
280
     0
102
RTVSPost2010PropOp32
 70
     1
102
RTVSPost2010Prop33
280
     0
102
RTVSPost2010PropOp33
 70
     1
102
RTVSPost2010Prop34
280
     0
102
RTVSPost2010PropOp34
 70
     1
102
RTVSPost2010Prop35
280
     0
102
RTVSPost2010PropOp35
 70
     1
102
RTVSPost2010Prop36
280
     0
102
RTVSPost2010PropOp36
 70
     1
102
RTVSPost2010Prop37
 90
       50
102
RTVSPost2010PropOp37
 70
     1
102
RTVSPost2010Prop38
140
0.0
102
RTVSPost2010PropOp38
 70
     1
102
RTVSPost2010Prop39
140
1.0
102
RTVSPost2010PropOp39
 70
     1
102
RTVSPost2010Prop40
 90
        0
102
RTVSPost2010PropOp40
 70
     1
102
RTVSPost2010Prop41ColorIndex
 90
       18
102
RTVSPost2010Prop41ColorRGB
 90
        0
102
RTVSPost2010PropOp41
 70
     1
102
RTVSPost2010Prop42
 90
       50
102
RTVSPost2010PropOp42
 70
     1
102
RTVSPost2010Prop43
 90
        3
102
RTVSPost2010PropOp43
 70
     1
102
RTVSPost2010Prop44ColorIndex
 90
        5
102
RTVSPost2010Prop44ColorRGB
 90
      255
102
RTVSPost2010PropOp44
 70
     1
102
RTVSPost2010Prop45
280
     0
102
RTVSPost2010PropOp45
 70
     1
102
RTVSPost2010Prop46
 90
       50
102
RTVSPost2010PropOp46
 70
     1
102
RTVSPost2010Prop47
 90
       50
102
RTVSPost2010PropOp47
 70
     1
102
RTVSPost2010Prop48
 90
       50
102
RTVSPost2010PropOp48
 70
     1
102
RTVSPost2010Prop49
280
     0
102
RTVSPost2010PropOp49
 70
     1
102
RTVSPost2010Prop50
 90
       50
102
RTVSPost2010PropOp50
 70
     1
102
RTVSPost2010Prop51ColorIndex
 90
      256
102
RTVSPost2010Prop51ColorRGB
 90
-16777216
102
RTVSPost2010PropOp51
 70
     0
102
RTVSPost2010Prop52
140
1.0
102
RTVSPost2010PropOp52
 70
     0
102
RTVSPost2010Prop53
 90
        2
102
RTVSPost2010PropOp53
 70
     1
102
RTVSPost2010Prop54
  1
strokes_ogs.tif
102
RTVSPost2010PropOp54
 70
     1
102
RTVSPost2010Prop55
280
     0
102
RTVSPost2010PropOp55
 70
     1
102
RTVSPost2010Prop56
140
1.0
102
RTVSPost2010PropOp56
 70
     1
102
RTVSPost2010Prop57
140
1.0
102
RTVSPost2010PropOp57
 70
     1
102
RTVSPropertyOp0
 70
     1
102
RTVSPropertyOp1
 70
     1
102
RTVSPropertyOp2
 70
     1
102
RTVSPropertyOp3
 70
     1
102
RTVSPropertyOp4
 70
     1
102
RTVSPropertyOp5
 70
     1
102
RTVSPropertyOp6
 70
     1
102
RTVSPropertyOp7
 70
     1
102
RTVSPropertyOp8
 70
     1
102
RTVSPropertyOp9
 70
     1
102
RTVSPropertyOp10
 70
     1
102
RTVSPropertyOp11
 70
     1
102
RTVSPropertyOp12
 70
     1
102
RTVSPropertyOp13
 70
     1
102
RTVSPropertyOp14
 70
     1
102
RTVSPropertyOp15
 70
     1
102
RTVSPropertyOp16
 70
     1
102
RTVSPropertyOp17
 70
     1
102
RTVSPropertyOp18
 70
     1
102
RTVSPropertyOp19
 70
     1
102
RTVSPropertyOp20
 70
     1
102
RTVSPropertyOp21
 70
     1
102
RTVSPropertyOp22
 70
     1
102
RTVSPropertyOp23
 70
     1
102
RTVSPropertyOp24
 70
     1
102
RTVSPropertyOp25
 70
     1
102
RTVSPropertyOp26
 70
     1
102
RTVSPropertyOp27
 70
     1
102
RTVSPropertyOp28
 70
     1
102
RTVSPropertyOp29
 70
     1
102
RTVSPropertyOp30
 70
     1
102
RTVSPropertyOp31
 70
     1
102
RTVSPropertyOp32
 70
     1
102
RTVSPropertyOp33
 70
     1
102
RTVSPropertyOp34
 70
     1
102
RTVSPropertyOp35
 70
     1
102
RTVSPropertyOp36
 70
     1
102
RTVSPropertyOp37
 70
     1
102
RTVSPropertyOp38
 70
     1
102
RTVSPropertyOp39
 70
     1
102
RTVSPropertyOp40
 70
     1
102
RTVSPropertyOp41
 70
     1
102
RTVSPropertyOp42
 70
     1
102
RTVSPropertyOp43
 70
     1
102
RTVSPropertyOp44
 70
     1
102
RTVSPropertyOp45
 70
     1
102
RTVSPropertyOp46
 70
     1
102
RTVSPropertyOp47
 70
     1
102
RTVSPropertyOp48
 70
     1
102
RTVSPropertyOp49
 70
     1
102
RTVSPropertyOp50
 70
     1
102
RTVSPropertyOp51
 70
     0
102
RTVSPropertyOp52
 70
     0
102
RTVSPropertyOp53
 70
     1
102
RTVSPropertyOp54
 70
     1
102
RTVSPropertyOp55
 70
     1
102
RTVSPropertyOp56
 70
     1
102
RTVSPropertyOp57
 70
     1
102
RTVSPropertyOp58
 70
     1
102
RTVSPropertyOp59
 70
     1
102
RTVSPropertyOp60
 70
     1
102
RTVSPropertyOp61
 70
     1
102
RTVSPropertyOp62
 70
     1
  0
XRECORD
  5
F1A
102
{ACAD_REACTORS
330
F19
102
}
330
F19
100
AcDbXrecord
280
     1
102
RTVSPost2010Prop28
280
     0
102
RTVSPost2010PropOp28
 70
     1
102
RTVSPost2010Prop29
280
     1
102
RTVSPost2010PropOp29
 70
     1
102
RTVSPost2010Prop30
280
     1
102
RTVSPost2010PropOp30
 70
     1
102
RTVSPost2010Prop31
280
     0
102
RTVSPost2010PropOp31
 70
     1
102
RTVSPost2010Prop32
280
     0
102
RTVSPost2010PropOp32
 70
     1
102
RTVSPost2010Prop33
280
     0
102
RTVSPost2010PropOp33
 70
     1
102
RTVSPost2010Prop34
280
     0
102
RTVSPost2010PropOp34
 70
     1
102
RTVSPost2010Prop35
280
     0
102
RTVSPost2010PropOp35
 70
     1
102
RTVSPost2010Prop36
280
     0
102
RTVSPost2010PropOp36
 70
     1
102
RTVSPost2010Prop37
 90
       50
102
RTVSPost2010PropOp37
 70
     1
102
RTVSPost2010Prop38
140
0.0
102
RTVSPost2010PropOp38
 70
     1
102
RTVSPost2010Prop39
140
1.0
102
RTVSPost2010PropOp39
 70
     1
102
RTVSPost2010Prop40
 90
        0
102
RTVSPost2010PropOp40
 70
     1
102
RTVSPost2010Prop41ColorIndex
 90
       18
102
RTVSPost2010Prop41ColorRGB
 90
        0
102
RTVSPost2010PropOp41
 70
     1
102
RTVSPost2010Prop42
 90
       50
102
RTVSPost2010PropOp42
 70
     1
102
RTVSPost2010Prop43
 90
        3
102
RTVSPost2010PropOp43
 70
     1
102
RTVSPost2010Prop44ColorIndex
 90
        5
102
RTVSPost2010Prop44ColorRGB
 90
      255
102
RTVSPost2010PropOp44
 70
     1
102
RTVSPost2010Prop45
280
     0
102
RTVSPost2010PropOp45
 70
     1
102
RTVSPost2010Prop46
 90
       50
102
RTVSPost2010PropOp46
 70
     1
102
RTVSPost2010Prop47
 90
       50
102
RTVSPost2010PropOp47
 70
     1
102
RTVSPost2010Prop48
 90
       50
102
RTVSPost2010PropOp48
 70
     1
102
RTVSPost2010Prop49
280
     0
102
RTVSPost2010PropOp49
 70
     1
102
RTVSPost2010Prop50
 90
       50
102
RTVSPost2010PropOp50
 70
     1
102
RTVSPost2010Prop51ColorIndex
 90
      256
102
RTVSPost2010Prop51ColorRGB
 90
-16777216
102
RTVSPost2010PropOp51
 70
     0
102
RTVSPost2010Prop52
140
1.0
102
RTVSPost2010PropOp52
 70
     0
102
RTVSPost2010Prop53
 90
        2
102
RTVSPost2010PropOp53
 70
     1
102
RTVSPost2010Prop54
  1
strokes_ogs.tif
102
RTVSPost2010PropOp54
 70
     1
102
RTVSPost2010Prop55
280
     0
102
RTVSPost2010PropOp55
 70
     1
102
RTVSPost2010Prop56
140
1.0
102
RTVSPost2010PropOp56
 70
     1
102
RTVSPost2010Prop57
140
1.0
102
RTVSPost2010PropOp57
 70
     1
102
RTVSPropertyOp0
 70
     1
102
RTVSPropertyOp1
 70
     1
102
RTVSPropertyOp2
 70
     1
102
RTVSPropertyOp3
 70
     1
102
RTVSPropertyOp4
 70
     1
102
RTVSPropertyOp5
 70
     1
102
RTVSPropertyOp6
 70
     1
102
RTVSPropertyOp7
 70
     1
102
RTVSPropertyOp8
 70
     1
102
RTVSPropertyOp9
 70
     1
102
RTVSPropertyOp10
 70
     1
102
RTVSPropertyOp11
 70
     1
102
RTVSPropertyOp12
 70
     1
102
RTVSPropertyOp13
 70
     1
102
RTVSPropertyOp14
 70
     1
102
RTVSPropertyOp15
 70
     1
102
RTVSPropertyOp16
 70
     1
102
RTVSPropertyOp17
 70
     1
102
RTVSPropertyOp18
 70
     1
102
RTVSPropertyOp19
 70
     1
102
RTVSPropertyOp20
 70
     1
102
RTVSPropertyOp21
 70
     1
102
RTVSPropertyOp22
 70
     1
102
RTVSPropertyOp23
 70
     1
102
RTVSPropertyOp24
 70
     1
102
RTVSPropertyOp25
 70
     1
102
RTVSPropertyOp26
 70
     1
102
RTVSPropertyOp27
 70
     1
102
RTVSPropertyOp28
 70
     1
102
RTVSPropertyOp29
 70
     1
102
RTVSPropertyOp30
 70
     1
102
RTVSPropertyOp31
 70
     1
102
RTVSPropertyOp32
 70
     1
102
RTVSPropertyOp33
 70
     1
102
RTVSPropertyOp34
 70
     1
102
RTVSPropertyOp35
 70
     1
102
RTVSPropertyOp36
 70
     1
102
RTVSPropertyOp37
 70
     1
102
RTVSPropertyOp38
 70
     1
102
RTVSPropertyOp39
 70
     1
102
RTVSPropertyOp40
 70
     1
102
RTVSPropertyOp41
 70
     1
102
RTVSPropertyOp42
 70
     1
102
RTVSPropertyOp43
 70
     1
102
RTVSPropertyOp44
 70
     1
102
RTVSPropertyOp45
 70
     1
102
RTVSPropertyOp46
 70
     1
102
RTVSPropertyOp47
 70
     1
102
RTVSPropertyOp48
 70
     1
102
RTVSPropertyOp49
 70
     1
102
RTVSPropertyOp50
 70
     1
102
RTVSPropertyOp51
 70
     0
102
RTVSPropertyOp52
 70
     0
102
RTVSPropertyOp53
 70
     1
102
RTVSPropertyOp54
 70
     1
102
RTVSPropertyOp55
 70
     1
102
RTVSPropertyOp56
 70
     1
102
RTVSPropertyOp57
 70
     1
102
RTVSPropertyOp58
 70
     1
102
RTVSPropertyOp59
 70
     1
102
RTVSPropertyOp60
 70
     1
102
RTVSPropertyOp61
 70
     1
102
RTVSPropertyOp62
 70
     1
  0
XRECORD
  5
F38
102
{ACAD_REACTORS
330
F37
102
}
330
F37
100
AcDbXrecord
280
     1
102
RTVSPost2010Prop28
280
     0
102
RTVSPost2010PropOp28
 70
     1
102
RTVSPost2010Prop29
280
     1
102
RTVSPost2010PropOp29
 70
     1
102
RTVSPost2010Prop30
280
     1
102
RTVSPost2010PropOp30
 70
     1
102
RTVSPost2010Prop31
280
     0
102
RTVSPost2010PropOp31
 70
     1
102
RTVSPost2010Prop32
280
     0
102
RTVSPost2010PropOp32
 70
     1
102
RTVSPost2010Prop33
280
     0
102
RTVSPost2010PropOp33
 70
     1
102
RTVSPost2010Prop34
280
     0
102
RTVSPost2010PropOp34
 70
     1
102
RTVSPost2010Prop35
280
     0
102
RTVSPost2010PropOp35
 70
     1
102
RTVSPost2010Prop36
280
     0
102
RTVSPost2010PropOp36
 70
     1
102
RTVSPost2010Prop37
 90
       50
102
RTVSPost2010PropOp37
 70
     1
102
RTVSPost2010Prop38
140
0.0
102
RTVSPost2010PropOp38
 70
     1
102
RTVSPost2010Prop39
140
1.0
102
RTVSPost2010PropOp39
 70
     1
102
RTVSPost2010Prop40
 90
        0
102
RTVSPost2010PropOp40
 70
     1
102
RTVSPost2010Prop41ColorIndex
 90
       18
102
RTVSPost2010Prop41ColorRGB
 90
        0
102
RTVSPost2010PropOp41
 70
     1
102
RTVSPost2010Prop42
 90
       50
102
RTVSPost2010PropOp42
 70
     1
102
RTVSPost2010Prop43
 90
        3
102
RTVSPost2010PropOp43
 70
     1
102
RTVSPost2010Prop44ColorIndex
 90
        5
102
RTVSPost2010Prop44ColorRGB
 90
      255
102
RTVSPost2010PropOp44
 70
     1
102
RTVSPost2010Prop45
280
     0
102
RTVSPost2010PropOp45
 70
     1
102
RTVSPost2010Prop46
 90
       50
102
RTVSPost2010PropOp46
 70
     1
102
RTVSPost2010Prop47
 90
       50
102
RTVSPost2010PropOp47
 70
     1
102
RTVSPost2010Prop48
 90
       50
102
RTVSPost2010PropOp48
 70
     1
102
RTVSPost2010Prop49
280
     0
102
RTVSPost2010PropOp49
 70
     1
102
RTVSPost2010Prop50
 90
       50
102
RTVSPost2010PropOp50
 70
     1
102
RTVSPost2010Prop51ColorIndex
 90
      256
102
RTVSPost2010Prop51ColorRGB
 90
-16777216
102
RTVSPost2010PropOp51
 70
     0
102
RTVSPost2010Prop52
140
1.0
102
RTVSPost2010PropOp52
 70
     0
102
RTVSPost2010Prop53
 90
        2
102
RTVSPost2010PropOp53
 70
     1
102
RTVSPost2010Prop54
  1
strokes_ogs.tif
102
RTVSPost2010PropOp54
 70
     1
102
RTVSPost2010Prop55
280
     0
102
RTVSPost2010PropOp55
 70
     1
102
RTVSPost2010Prop56
140
1.0
102
RTVSPost2010PropOp56
 70
     1
102
RTVSPost2010Prop57
140
1.0
102
RTVSPost2010PropOp57
 70
     1
102
RTVSPropertyOp0
 70
     1
102
RTVSPropertyOp1
 70
     1
102
RTVSPropertyOp2
 70
     1
102
RTVSPropertyOp3
 70
     1
102
RTVSPropertyOp4
 70
     1
102
RTVSPropertyOp5
 70
     1
102
RTVSPropertyOp6
 70
     1
102
RTVSPropertyOp7
 70
     1
102
RTVSPropertyOp8
 70
     1
102
RTVSPropertyOp9
 70
     1
102
RTVSPropertyOp10
 70
     1
102
RTVSPropertyOp11
 70
     1
102
RTVSPropertyOp12
 70
     1
102
RTVSPropertyOp13
 70
     1
102
RTVSPropertyOp14
 70
     1
102
RTVSPropertyOp15
 70
     1
102
RTVSPropertyOp16
 70
     1
102
RTVSPropertyOp17
 70
     1
102
RTVSPropertyOp18
 70
     1
102
RTVSPropertyOp19
 70
     1
102
RTVSPropertyOp20
 70
     1
102
RTVSPropertyOp21
 70
     1
102
RTVSPropertyOp22
 70
     1
102
RTVSPropertyOp23
 70
     1
102
RTVSPropertyOp24
 70
     1
102
RTVSPropertyOp25
 70
     1
102
RTVSPropertyOp26
 70
     1
102
RTVSPropertyOp27
 70
     1
102
RTVSPropertyOp28
 70
     1
102
RTVSPropertyOp29
 70
     1
102
RTVSPropertyOp30
 70
     1
102
RTVSPropertyOp31
 70
     1
102
RTVSPropertyOp32
 70
     1
102
RTVSPropertyOp33
 70
     1
102
RTVSPropertyOp34
 70
     1
102
RTVSPropertyOp35
 70
     1
102
RTVSPropertyOp36
 70
     1
102
RTVSPropertyOp37
 70
     1
102
RTVSPropertyOp38
 70
     1
102
RTVSPropertyOp39
 70
     1
102
RTVSPropertyOp40
 70
     1
102
RTVSPropertyOp41
 70
     1
102
RTVSPropertyOp42
 70
     1
102
RTVSPropertyOp43
 70
     1
102
RTVSPropertyOp44
 70
     1
102
RTVSPropertyOp45
 70
     1
102
RTVSPropertyOp46
 70
     1
102
RTVSPropertyOp47
 70
     1
102
RTVSPropertyOp48
 70
     1
102
RTVSPropertyOp49
 70
     1
102
RTVSPropertyOp50
 70
     1
102
RTVSPropertyOp51
 70
     0
102
RTVSPropertyOp52
 70
     0
102
RTVSPropertyOp53
 70
     1
102
RTVSPropertyOp54
 70
     1
102
RTVSPropertyOp55
 70
     1
102
RTVSPropertyOp56
 70
     1
102
RTVSPropertyOp57
 70
     1
102
RTVSPropertyOp58
 70
     1
102
RTVSPropertyOp59
 70
     1
102
RTVSPropertyOp60
 70
     1
102
RTVSPropertyOp61
 70
     1
102
RTVSPropertyOp62
 70
     1
  0
FIELD
  5
2DE
102
{ACAD_REACTORS
330
2DD
102
}
330
2DD
100
AcDbField
  1
_text
  2
%<\_FldIdx 0>% (%<\_FldIdx 1>%)
 90
        2
360
2DF
360
2E0
 97
        0
  4

 91
       63
 92
        0
 94
        9
 95
        2
 96
        0
300

 93
        0
  7
ACFD_FIELD_VALUE
 90
        0
 91
        0
301

 98
        0
  0
FIELD
  5
2CE
102
{ACAD_REACTORS
330
2CD
102
}
330
2CD
100
AcDbField
  1
_text
  2
%<\_FldIdx 0>% %<\_FldIdx 1>%-%<\_FldIdx 2>%
 90
        3
360
2CF
360
2D0
360
2D1
 97
        0
  4

 91
       63
 92
        0
 94
        9
 95
        2
 96
        0
300

 93
        0
  7
ACFD_FIELD_VALUE
 90
        0
 91
        0
301

 98
        0
  0
FIELD
  5
2DF
330
2DE
100
AcDbField
  1
AcVar
  2
\AcVar ViewDetailId
 90
        0
 97
        0
  4

 91
       63
 92
        0
 94
       43
 95
        2
 96
        0
300

 93
        1
  6
Variable
 90
        4
  1
ViewDetailId
  7
ACFD_FIELD_VALUE
 90
        0
 91
        0
301
----
 98
        4
  0
FIELD
  5
2E0
330
2DE
100
AcDbField
  1
AcVar
  2
\AcVar ViewScale \f "%sn"
 90
        0
 97
        0
  4
%sn
 91
       63
 92
        0
 94
       43
 95
        2
 96
        0
300

 93
        1
  6
Variable
 90
        4
  1
ViewScale
  7
ACFD_FIELD_VALUE
 90
        0
 91
        0
301
----
 98
        4
  0
FIELD
  5
2CF
330
2CE
100
AcDbField
  1
AcVar
  2
\AcVar ViewType \f "%tc1"
 90
        0
 97
        0
  4
%tc1
 91
       63
 92
        0
 94
       43
 95
        2
 96
        0
300

 93
        1
  6
Variable
 90
        4
  1
ViewType
  7
ACFD_FIELD_VALUE
 90
        0
 91
        0
301
----
 98
        4
  0
FIELD
  5
2D0
330
2CE
100
AcDbField
  1
AcVar
  2
\AcVar ViewSectionStartId
 90
        0
 97
        0
  4

 91
       63
 92
        0
 94
       43
 95
        2
 96
        0
300

 93
        1
  6
Variable
 90
        4
  1
ViewSectionStartId
  7
ACFD_FIELD_VALUE
 90
        0
 91
        0
301
----
 98
        4
  0
FIELD
  5
2D1
330
2CE
100
AcDbField
  1
AcVar
  2
\AcVar ViewSectionEndId
 90
        0
 97
        0
  4

 91
       63
 92
        0
 94
       43
 95
        2
 96
        0
300

 93
        1
  6
Variable
 90
        4
  1
ViewSectionEndId
  7
ACFD_FIELD_VALUE
 90
        0
 91
        0
301
----
 98
        4
  0
ENDSEC
  0
EOF
